==================================================
PV-First - coleta continua em modo data center
Inicio: 2026-09-22 16:01:27
FLOPs do job: 1e15
Intervalo entre execucoes: 60 s
Regra: o processo fica vivo 24h, inclusive em segundo plano.
Sem internet: nao salva CSV e nao derruba a coleta.
Com internet: simula, salva, atualiza painel e envia pela GitHub API do Windows.
PHOTOVOLTAIC entra primeiro; GRID complementa quando a PV nao cobre toda a demanda.
==================================================
[2026-09-22 16:01:27] INTERNET OK: executando simulacao de data center com SimGrid, PHOTOVOLTAIC e GRID...
Preparando ambiente...

============================================================
SIMULACAO PV-FIRST COM JOB DO SIMGRID
============================================================

Fluxo da simulacao:
1) eu verifico local, clima e irradiancia solar
2) o SimGrid executa o job e mede energia, mesmo sem sol
3) o modelo PV-First prioriza Photovoltaic; se faltar, usa GRID

Localizacao configurada manualmente: Belem (-1.4537, -48.5078)

-------------------- DADOS DO LOCAL --------------------
Cidade detectada : Belem
Latitude         : -1.4537
Longitude        : -48.5078
Hora local       : 16:01:35
Dia do ano       : 265

------------------ CONDICOES DO CLIMA ------------------
Cobertura nuvens : 55 %
Chuva            : 0 mm
Temperatura      : 29.4 C
Vento            : 10 km/h

----------------- PERFIL DA SIMULACAO -------------------
Perfil selecionado : hpc_extreme

----------------- CONFIGURACAO DO PAINEL ----------------
Material          : monocrystalline
Face do painel    : bifacial
Area do painel    : 30000 m2
Eficiencia base   : 0.24
Ganho bifacial configurado : 1.2
Ganho aplicado no painel   : 1.2
Fator do material : 1

----------------- PARAMETROS DO DATA CENTER -------------
Servidores ativos equivalentes : 1024
PUE do data center             : 1.25
Carga de rede                  : 150 kW
Carga de armazenamento         : 75 kW

----------------- MODELO FOTOVOLTAICO ------------------
Irradiancia teorica      : 496.297 W/m2
Irradiancia ajustada     : 291.575 W/m2
Eficiencia base efetiva  : 0.24
Eficiencia final arranjo : 0.284556
Potencia PV disponivel   : 2489.08 kW
Digite a carga do job em FLOPs (ex: 5e10).
Se quiser usar o valor padrao, e so apertar Enter: 
--------------------- JOB DO SIMGRID -------------------
Host usado           : hpc-node
Carga do job         : 1e+15 FLOPs
Velocidade do host   : 5e+12 flop/s
Duracao do job       : 200 s
Energia do job       : 360000 J
Energia do job       : 0.1 kWh
Potencia media do job: 1.8 kW

-------------------- ENERGIA DO DATA CENTER --------------
Energia IT do job por servidor : 0.1 kWh
Energia IT computacional       : 102.4 kWh
Energia IT rede                : 8.33333 kWh
Energia IT armazenamento       : 4.16667 kWh
Energia IT total               : 114.9 kWh
Energia infraestrutura/PUE     : 28.725 kWh
Energia total do data center   : 143.625 kWh

-------------------- RESULTADO PV-FIRST ----------------
Energia total do data center : 143.625 kWh
Energia vinda da PV        : 138.282 kWh
Energia vinda da GRID      : 5.34284 kWh
CO2 emitido pela GRID      : 534.284 gCO2 nesta execucao
CO2 evitado pela PV        : 13828.2 gCO2 nesta execucao
CO2 se fosse 100% GRID     : 14362.5 gCO2 nesta execucao

-------------------- FONTE ATENDENDO O JOB --------------
PHOTOVOLTAIC : ON
GRID         : ON
MODO DA FONTE: PHOTOVOLTAIC+GRID
Leitura da fonte: PHOTOVOLTAIC entrou primeiro, mas GRID complementou a energia faltante.

Leitura rapida do experimento:
- o SimGrid mediu 0.1 kWh por job/servidor
- o data center demandou 143.625 kWh no intervalo
- a PV poderia entregar ate 138.282 kWh nesse mesmo intervalo
- o modelo PV-First priorizou PHOTOVOLTAIC e usou GRID apenas como complemento

Dados salvos em: results/RPVfirst220926.csv

-------------------- RESUMO DE CARBONO DO DIA ------------
Registros do dia           : 2
Energia total do dia       : 146.075 kWh
Energia PV no dia          : 140.732 kWh
Energia GRID no dia        : 5.34284 kWh
CO2 emitido pela GRID      : 534.284 gCO2 no dia
CO2 que emitiria sem PV    : 14607.5 gCO2 no dia
CO2 reduzido pela PV       : 14073.2 gCO2 no dia

============================================================
SIMULACAO FINALIZADA
============================================================
[2026-09-22 16:01:27] Fonte da rodada: PHOTOVOLTAIC ON, GRID ON como complemento.
[2026-09-22 16:02:54] INTERNET OK: executando simulacao de data center com SimGrid, PHOTOVOLTAIC e GRID...
Preparando ambiente...

============================================================
SIMULACAO PV-FIRST COM JOB DO SIMGRID
============================================================

Fluxo da simulacao:
1) eu verifico local, clima e irradiancia solar
2) o SimGrid executa o job e mede energia, mesmo sem sol
3) o modelo PV-First prioriza Photovoltaic; se faltar, usa GRID

Localizacao configurada manualmente: Belem (-1.4537, -48.5078)
Falha ao consultar Open-Meteo pelo WSL/proxy. Tentando novamente em 10 segundos.
Falha ao consultar Open-Meteo pelo WSL/proxy. Tentando novamente em 10 segundos.

-------------------- DADOS DO LOCAL --------------------
Cidade detectada : Belem
Latitude         : -1.4537
Longitude        : -48.5078
Hora local       : 16:03:03
Dia do ano       : 265

------------------ CONDICOES DO CLIMA ------------------
Cobertura nuvens : 55 %
Chuva            : 0 mm
Temperatura      : 29.4 C
Vento            : 10 km/h

----------------- PERFIL DA SIMULACAO -------------------
Perfil selecionado : hpc_extreme

----------------- CONFIGURACAO DO PAINEL ----------------
Material          : monocrystalline
Face do painel    : bifacial
Area do painel    : 30000 m2
Eficiencia base   : 0.24
Ganho bifacial configurado : 1.2
Ganho aplicado no painel   : 1.2
Fator do material : 1

----------------- PARAMETROS DO DATA CENTER -------------
Servidores ativos equivalentes : 1024
PUE do data center             : 1.25
Carga de rede                  : 150 kW
Carga de armazenamento         : 75 kW

----------------- MODELO FOTOVOLTAICO ------------------
Irradiancia teorica      : 488.705 W/m2
Irradiancia ajustada     : 287.114 W/m2
Eficiencia base efetiva  : 0.24
Eficiencia final arranjo : 0.284556
Potencia PV disponivel   : 2451 kW
Digite a carga do job em FLOPs (ex: 5e10).
Se quiser usar o valor padrao, e so apertar Enter: 
--------------------- JOB DO SIMGRID -------------------
Host usado           : hpc-node
Carga do job         : 1e+15 FLOPs
Velocidade do host   : 5e+12 flop/s
Duracao do job       : 200 s
Energia do job       : 360000 J
Energia do job       : 0.1 kWh
Potencia media do job: 1.8 kW

-------------------- ENERGIA DO DATA CENTER --------------
Energia IT do job por servidor : 0.1 kWh
Energia IT computacional       : 102.4 kWh
Energia IT rede                : 8.33333 kWh
Energia IT armazenamento       : 4.16667 kWh
Energia IT total               : 114.9 kWh
Energia infraestrutura/PUE     : 28.725 kWh
Energia total do data center   : 143.625 kWh

-------------------- RESULTADO PV-FIRST ----------------
Energia total do data center : 143.625 kWh
Energia vinda da PV        : 136.167 kWh
Energia vinda da GRID      : 7.4583 kWh
CO2 emitido pela GRID      : 745.83 gCO2 nesta execucao
CO2 evitado pela PV        : 13616.7 gCO2 nesta execucao
CO2 se fosse 100% GRID     : 14362.5 gCO2 nesta execucao

-------------------- FONTE ATENDENDO O JOB --------------
PHOTOVOLTAIC : ON
GRID         : ON
MODO DA FONTE: PHOTOVOLTAIC+GRID
Leitura da fonte: PHOTOVOLTAIC entrou primeiro, mas GRID complementou a energia faltante.

Leitura rapida do experimento:
- o SimGrid mediu 0.1 kWh por job/servidor
- o data center demandou 143.625 kWh no intervalo
- a PV poderia entregar ate 136.167 kWh nesse mesmo intervalo
- o modelo PV-First priorizou PHOTOVOLTAIC e usou GRID apenas como complemento

Dados salvos em: results/RPVfirst220926.csv

-------------------- RESUMO DE CARBONO DO DIA ------------
Registros do dia           : 3
Energia total do dia       : 289.7 kWh
Energia PV no dia          : 276.899 kWh
Energia GRID no dia        : 12.8011 kWh
CO2 emitido pela GRID      : 1280.11 gCO2 no dia
CO2 que emitiria sem PV    : 28970 gCO2 no dia
CO2 reduzido pela PV       : 27689.9 gCO2 no dia

============================================================
SIMULACAO FINALIZADA
============================================================
[2026-09-22 16:02:54] Fonte da rodada: PHOTOVOLTAIC ON, GRID ON como complemento.
[2026-09-22 16:04:52] INTERNET OK: executando simulacao de data center com SimGrid, PHOTOVOLTAIC e GRID...
Preparando ambiente...

============================================================
SIMULACAO PV-FIRST COM JOB DO SIMGRID
============================================================

Fluxo da simulacao:
1) eu verifico local, clima e irradiancia solar
2) o SimGrid executa o job e mede energia, mesmo sem sol
3) o modelo PV-First prioriza Photovoltaic; se faltar, usa GRID

Localizacao configurada manualmente: Belem (-1.4537, -48.5078)

-------------------- DADOS DO LOCAL --------------------
Cidade detectada : Belem
Latitude         : -1.4537
Longitude        : -48.5078
Hora local       : 16:05:00
Dia do ano       : 265

------------------ CONDICOES DO CLIMA ------------------
Cobertura nuvens : 55 %
Chuva            : 0 mm
Temperatura      : 29.4 C
Vento            : 10 km/h

----------------- PERFIL DA SIMULACAO -------------------
Perfil selecionado : hpc_extreme

----------------- CONFIGURACAO DO PAINEL ----------------
Material          : monocrystalline
Face do painel    : bifacial
Area do painel    : 30000 m2
Eficiencia base   : 0.24
Ganho bifacial configurado : 1.2
Ganho aplicado no painel   : 1.2
Fator do material : 1

----------------- PARAMETROS DO DATA CENTER -------------
Servidores ativos equivalentes : 1024
PUE do data center             : 1.25
Carga de rede                  : 150 kW
Carga de armazenamento         : 75 kW

----------------- MODELO FOTOVOLTAICO ------------------
Irradiancia teorica      : 481.075 W/m2
Irradiancia ajustada     : 282.632 W/m2
Eficiencia base efetiva  : 0.24
Eficiencia final arranjo : 0.284556
Potencia PV disponivel   : 2412.74 kW
Digite a carga do job em FLOPs (ex: 5e10).
Se quiser usar o valor padrao, e so apertar Enter: 
--------------------- JOB DO SIMGRID -------------------
Host usado           : hpc-node
Carga do job         : 1e+15 FLOPs
Velocidade do host   : 5e+12 flop/s
Duracao do job       : 200 s
Energia do job       : 360000 J
Energia do job       : 0.1 kWh
Potencia media do job: 1.8 kW

-------------------- ENERGIA DO DATA CENTER --------------
Energia IT do job por servidor : 0.1 kWh
Energia IT computacional       : 102.4 kWh
Energia IT rede                : 8.33333 kWh
Energia IT armazenamento       : 4.16667 kWh
Energia IT total               : 114.9 kWh
Energia infraestrutura/PUE     : 28.725 kWh
Energia total do data center   : 143.625 kWh

-------------------- RESULTADO PV-FIRST ----------------
Energia total do data center : 143.625 kWh
Energia vinda da PV        : 134.041 kWh
Energia vinda da GRID      : 9.58411 kWh
CO2 emitido pela GRID      : 958.411 gCO2 nesta execucao
CO2 evitado pela PV        : 13404.1 gCO2 nesta execucao
CO2 se fosse 100% GRID     : 14362.5 gCO2 nesta execucao

-------------------- FONTE ATENDENDO O JOB --------------
PHOTOVOLTAIC : ON
GRID         : ON
MODO DA FONTE: PHOTOVOLTAIC+GRID
Leitura da fonte: PHOTOVOLTAIC entrou primeiro, mas GRID complementou a energia faltante.

Leitura rapida do experimento:
- o SimGrid mediu 0.1 kWh por job/servidor
- o data center demandou 143.625 kWh no intervalo
- a PV poderia entregar ate 134.041 kWh nesse mesmo intervalo
- o modelo PV-First priorizou PHOTOVOLTAIC e usou GRID apenas como complemento

Dados salvos em: results/RPVfirst220926.csv

-------------------- RESUMO DE CARBONO DO DIA ------------
Registros do dia           : 4
Energia total do dia       : 433.325 kWh
Energia PV no dia          : 410.94 kWh
Energia GRID no dia        : 22.3852 kWh
CO2 emitido pela GRID      : 2238.53 gCO2 no dia
CO2 que emitiria sem PV    : 43332.5 gCO2 no dia
CO2 reduzido pela PV       : 41094 gCO2 no dia

============================================================
SIMULACAO FINALIZADA
============================================================
[2026-09-22 16:04:52] Fonte da rodada: PHOTOVOLTAIC ON, GRID ON como complemento.
==================================================
PV-First - coleta continua em modo data center
Inicio: 2026-09-22 16:06:11
FLOPs do job: 1e15
Intervalo entre execucoes: 60 s
Regra: o processo fica vivo 24h, inclusive em segundo plano.
Sem internet: nao salva CSV e nao derruba a coleta.
Com internet: simula, salva, atualiza painel e envia pela GitHub API do Windows.
PHOTOVOLTAIC entra primeiro; GRID complementa quando a PV nao cobre toda a demanda.
==================================================
[2026-09-22 16:06:11] INTERNET OK: executando simulacao de data center com SimGrid, PHOTOVOLTAIC e GRID...
Preparando ambiente...
[2026-09-22 16:06:18] INTERNET OK: executando simulacao de data center com SimGrid, PHOTOVOLTAIC e GRID...
Preparando ambiente...

============================================================
SIMULACAO PV-FIRST COM JOB DO SIMGRID
============================================================

Fluxo da simulacao:
1) eu verifico local, clima e irradiancia solar
2) o SimGrid executa o job e mede energia, mesmo sem sol
3) o modelo PV-First prioriza Photovoltaic; se faltar, usa GRID

Localizacao configurada manualmente: Belem (-1.4537, -48.5078)

-------------------- DADOS DO LOCAL --------------------
Cidade detectada : Belem
Latitude         : -1.4537
Longitude        : -48.5078
Hora local       : 16:06:20
Dia do ano       : 265

------------------ CONDICOES DO CLIMA ------------------
Cobertura nuvens : 55 %
Chuva            : 0 mm
Temperatura      : 29.4 C
Vento            : 10 km/h

----------------- PERFIL DA SIMULACAO -------------------
Perfil selecionado : hpc_extreme

----------------- CONFIGURACAO DO PAINEL ----------------
Material          : monocrystalline
Face do painel    : bifacial
Area do painel    : 30000 m2
Eficiencia base   : 0.24
Ganho bifacial configurado : 1.2
Ganho aplicado no painel   : 1.2
Fator do material : 1

----------------- PARAMETROS DO DATA CENTER -------------
Servidores ativos equivalentes : 1024
PUE do data center             : 1.25
Carga de rede                  : 150 kW
Carga de armazenamento         : 75 kW

----------------- MODELO FOTOVOLTAICO ------------------
Irradiancia teorica      : 477.247 W/m2
Irradiancia ajustada     : 280.382 W/m2
Eficiencia base efetiva  : 0.24
Eficiencia final arranjo : 0.284556
Potencia PV disponivel   : 2393.53 kW
Digite a carga do job em FLOPs (ex: 5e10).
Se quiser usar o valor padrao, e so apertar Enter: 
--------------------- JOB DO SIMGRID -------------------
Host usado           : hpc-node
Carga do job         : 1e+15 FLOPs
Velocidade do host   : 5e+12 flop/s
Duracao do job       : 200 s
Energia do job       : 360000 J
Energia do job       : 0.1 kWh
Potencia media do job: 1.8 kW

-------------------- ENERGIA DO DATA CENTER --------------
Energia IT do job por servidor : 0.1 kWh
Energia IT computacional       : 102.4 kWh
Energia IT rede                : 8.33333 kWh
Energia IT armazenamento       : 4.16667 kWh
Energia IT total               : 114.9 kWh
Energia infraestrutura/PUE     : 28.725 kWh
Energia total do data center   : 143.625 kWh

-------------------- RESULTADO PV-FIRST ----------------
Energia total do data center : 143.625 kWh
Energia vinda da PV        : 132.974 kWh
Energia vinda da GRID      : 10.6509 kWh
CO2 emitido pela GRID      : 1065.09 gCO2 nesta execucao
CO2 evitado pela PV        : 13297.4 gCO2 nesta execucao
CO2 se fosse 100% GRID     : 14362.5 gCO2 nesta execucao

-------------------- FONTE ATENDENDO O JOB --------------
PHOTOVOLTAIC : ON
GRID         : ON
MODO DA FONTE: PHOTOVOLTAIC+GRID
Leitura da fonte: PHOTOVOLTAIC entrou primeiro, mas GRID complementou a energia faltante.

Leitura rapida do experimento:
- o SimGrid mediu 0.1 kWh por job/servidor
- o data center demandou 143.625 kWh no intervalo
- a PV poderia entregar ate 132.974 kWh nesse mesmo intervalo
- o modelo PV-First priorizou PHOTOVOLTAIC e usou GRID apenas como complemento

Dados salvos em: results/RPVfirst220926.csv

-------------------- RESUMO DE CARBONO DO DIA ------------
Registros do dia           : 5
Energia total do dia       : 576.95 kWh
Energia PV no dia          : 543.914 kWh
Energia GRID no dia        : 33.0361 kWh
CO2 emitido pela GRID      : 3303.61 gCO2 no dia
CO2 que emitiria sem PV    : 57695 gCO2 no dia
CO2 reduzido pela PV       : 54391.4 gCO2 no dia

============================================================
SIMULACAO FINALIZADA
============================================================
[2026-09-22 16:06:11] Fonte da rodada: PHOTOVOLTAIC ON, GRID ON como complemento.

============================================================
SIMULACAO PV-FIRST COM JOB DO SIMGRID
============================================================

Fluxo da simulacao:
1) eu verifico local, clima e irradiancia solar
2) o SimGrid executa o job e mede energia, mesmo sem sol
3) o modelo PV-First prioriza Photovoltaic; se faltar, usa GRID

Localizacao configurada manualmente: Belem (-1.4537, -48.5078)

-------------------- DADOS DO LOCAL --------------------
Cidade detectada : Belem
Latitude         : -1.4537
Longitude        : -48.5078
Hora local       : 16:06:26
Dia do ano       : 265

------------------ CONDICOES DO CLIMA ------------------
Cobertura nuvens : 55 %
Chuva            : 0 mm
Temperatura      : 29.4 C
Vento            : 10 km/h

----------------- PERFIL DA SIMULACAO -------------------
Perfil selecionado : hpc_extreme

----------------- CONFIGURACAO DO PAINEL ----------------
Material          : monocrystalline
Face do painel    : bifacial
Area do painel    : 30000 m2
Eficiencia base   : 0.24
Ganho bifacial configurado : 1.2
Ganho aplicado no painel   : 1.2
Fator do material : 1

----------------- PARAMETROS DO DATA CENTER -------------
Servidores ativos equivalentes : 1024
PUE do data center             : 1.25
Carga de rede                  : 150 kW
Carga de armazenamento         : 75 kW

----------------- MODELO FOTOVOLTAICO ------------------
Irradiancia teorica      : 477.247 W/m2
Irradiancia ajustada     : 280.382 W/m2
Eficiencia base efetiva  : 0.24
Eficiencia final arranjo : 0.284556
Potencia PV disponivel   : 2393.53 kW
Digite a carga do job em FLOPs (ex: 5e10).
Se quiser usar o valor padrao, e so apertar Enter: 
--------------------- JOB DO SIMGRID -------------------
Host usado           : hpc-node
Carga do job         : 1e+15 FLOPs
Velocidade do host   : 5e+12 flop/s
Duracao do job       : 200 s
Energia do job       : 360000 J
Energia do job       : 0.1 kWh
Potencia media do job: 1.8 kW

-------------------- ENERGIA DO DATA CENTER --------------
Energia IT do job por servidor : 0.1 kWh
Energia IT computacional       : 102.4 kWh
Energia IT rede                : 8.33333 kWh
Energia IT armazenamento       : 4.16667 kWh
Energia IT total               : 114.9 kWh
Energia infraestrutura/PUE     : 28.725 kWh
Energia total do data center   : 143.625 kWh

-------------------- RESULTADO PV-FIRST ----------------
Energia total do data center : 143.625 kWh
Energia vinda da PV        : 132.974 kWh
Energia vinda da GRID      : 10.6509 kWh
CO2 emitido pela GRID      : 1065.09 gCO2 nesta execucao
CO2 evitado pela PV        : 13297.4 gCO2 nesta execucao
CO2 se fosse 100% GRID     : 14362.5 gCO2 nesta execucao

-------------------- FONTE ATENDENDO O JOB --------------
PHOTOVOLTAIC : ON
GRID         : ON
MODO DA FONTE: PHOTOVOLTAIC+GRID
Leitura da fonte: PHOTOVOLTAIC entrou primeiro, mas GRID complementou a energia faltante.

Leitura rapida do experimento:
- o SimGrid mediu 0.1 kWh por job/servidor
- o data center demandou 143.625 kWh no intervalo
- a PV poderia entregar ate 132.974 kWh nesse mesmo intervalo
- o modelo PV-First priorizou PHOTOVOLTAIC e usou GRID apenas como complemento

Dados salvos em: results/RPVfirst220926.csv

-------------------- RESUMO DE CARBONO DO DIA ------------
Registros do dia           : 6
Energia total do dia       : 720.575 kWh
Energia PV no dia          : 676.888 kWh
Energia GRID no dia        : 43.687 kWh
CO2 emitido pela GRID      : 4368.7 gCO2 no dia
CO2 que emitiria sem PV    : 72057.5 gCO2 no dia
CO2 reduzido pela PV       : 67688.8 gCO2 no dia

============================================================
SIMULACAO FINALIZADA
============================================================
[2026-09-22 16:06:18] Fonte da rodada: PHOTOVOLTAIC ON, GRID ON como complemento.
[2026-09-22 16:07:40] INTERNET OK: executando simulacao de data center com SimGrid, PHOTOVOLTAIC e GRID...
Preparando ambiente...
[2026-09-22 16:07:44] INTERNET OK: executando simulacao de data center com SimGrid, PHOTOVOLTAIC e GRID...
Preparando ambiente...

============================================================
SIMULACAO PV-FIRST COM JOB DO SIMGRID
============================================================

Fluxo da simulacao:
1) eu verifico local, clima e irradiancia solar
2) o SimGrid executa o job e mede energia, mesmo sem sol
3) o modelo PV-First prioriza Photovoltaic; se faltar, usa GRID

Localizacao configurada manualmente: Belem (-1.4537, -48.5078)

-------------------- DADOS DO LOCAL --------------------
Cidade detectada : Belem
Latitude         : -1.4537
Longitude        : -48.5078
Hora local       : 16:07:49
Dia do ano       : 265

------------------ CONDICOES DO CLIMA ------------------
Cobertura nuvens : 55 %
Chuva            : 0 mm
Temperatura      : 29.4 C
Vento            : 10 km/h

----------------- PERFIL DA SIMULACAO -------------------
Perfil selecionado : hpc_extreme

----------------- CONFIGURACAO DO PAINEL ----------------
Material          : monocrystalline
Face do painel    : bifacial
Area do painel    : 30000 m2
Eficiencia base   : 0.24
Ganho bifacial configurado : 1.2
Ganho aplicado no painel   : 1.2
Fator do material : 1

----------------- PARAMETROS DO DATA CENTER -------------
Servidores ativos equivalentes : 1024
PUE do data center             : 1.25
Carga de rede                  : 150 kW
Carga de armazenamento         : 75 kW

----------------- MODELO FOTOVOLTAICO ------------------
Irradiancia teorica      : 473.409 W/m2
Irradiancia ajustada     : 278.128 W/m2
Eficiencia base efetiva  : 0.24
Eficiencia final arranjo : 0.284556
Potencia PV disponivel   : 2374.29 kW
Digite a carga do job em FLOPs (ex: 5e10).
Se quiser usar o valor padrao, e so apertar Enter: 
--------------------- JOB DO SIMGRID -------------------
Host usado           : hpc-node
Carga do job         : 1e+15 FLOPs
Velocidade do host   : 5e+12 flop/s
Duracao do job       : 200 s
Energia do job       : 360000 J
Energia do job       : 0.1 kWh
Potencia media do job: 1.8 kW

-------------------- ENERGIA DO DATA CENTER --------------
Energia IT do job por servidor : 0.1 kWh
Energia IT computacional       : 102.4 kWh
Energia IT rede                : 8.33333 kWh
Energia IT armazenamento       : 4.16667 kWh
Energia IT total               : 114.9 kWh
Energia infraestrutura/PUE     : 28.725 kWh
Energia total do data center   : 143.625 kWh

-------------------- RESULTADO PV-FIRST ----------------
Energia total do data center : 143.625 kWh
Energia vinda da PV        : 131.905 kWh
Energia vinda da GRID      : 11.7201 kWh
CO2 emitido pela GRID      : 1172.01 gCO2 nesta execucao
CO2 evitado pela PV        : 13190.5 gCO2 nesta execucao
CO2 se fosse 100% GRID     : 14362.5 gCO2 nesta execucao

-------------------- FONTE ATENDENDO O JOB --------------
PHOTOVOLTAIC : ON
GRID         : ON
MODO DA FONTE: PHOTOVOLTAIC+GRID
Leitura da fonte: PHOTOVOLTAIC entrou primeiro, mas GRID complementou a energia faltante.

Leitura rapida do experimento:
- o SimGrid mediu 0.1 kWh por job/servidor
- o data center demandou 143.625 kWh no intervalo
- a PV poderia entregar ate 131.905 kWh nesse mesmo intervalo
- o modelo PV-First priorizou PHOTOVOLTAIC e usou GRID apenas como complemento

Dados salvos em: results/RPVfirst220926.csv

-------------------- RESUMO DE CARBONO DO DIA ------------
Registros do dia           : 7
Energia total do dia       : 864.2 kWh
Energia PV no dia          : 808.793 kWh
Energia GRID no dia        : 55.4072 kWh
CO2 emitido pela GRID      : 5540.72 gCO2 no dia
CO2 que emitiria sem PV    : 86420 gCO2 no dia
CO2 reduzido pela PV       : 80879.3 gCO2 no dia

============================================================
SIMULACAO FINALIZADA
============================================================
[2026-09-22 16:07:40] Fonte da rodada: PHOTOVOLTAIC ON, GRID ON como complemento.

============================================================
SIMULACAO PV-FIRST COM JOB DO SIMGRID
============================================================

Fluxo da simulacao:
1) eu verifico local, clima e irradiancia solar
2) o SimGrid executa o job e mede energia, mesmo sem sol
3) o modelo PV-First prioriza Photovoltaic; se faltar, usa GRID

Localizacao configurada manualmente: Belem (-1.4537, -48.5078)
Falha ao consultar Open-Meteo pelo WSL/proxy. Tentando novamente em 10 segundos.

-------------------- DADOS DO LOCAL --------------------
Cidade detectada : Belem
Latitude         : -1.4537
Longitude        : -48.5078
Hora local       : 16:07:52
Dia do ano       : 265

------------------ CONDICOES DO CLIMA ------------------
Cobertura nuvens : 55 %
Chuva            : 0 mm
Temperatura      : 29.4 C
Vento            : 10 km/h

----------------- PERFIL DA SIMULACAO -------------------
Perfil selecionado : hpc_extreme

----------------- CONFIGURACAO DO PAINEL ----------------
Material          : monocrystalline
Face do painel    : bifacial
Area do painel    : 30000 m2
Eficiencia base   : 0.24
Ganho bifacial configurado : 1.2
Ganho aplicado no painel   : 1.2
Fator do material : 1

----------------- PARAMETROS DO DATA CENTER -------------
Servidores ativos equivalentes : 1024
PUE do data center             : 1.25
Carga de rede                  : 150 kW
Carga de armazenamento         : 75 kW

----------------- MODELO FOTOVOLTAICO ------------------
Irradiancia teorica      : 473.409 W/m2
Irradiancia ajustada     : 278.128 W/m2
Eficiencia base efetiva  : 0.24
Eficiencia final arranjo : 0.284556
Potencia PV disponivel   : 2374.29 kW
Digite a carga do job em FLOPs (ex: 5e10).
Se quiser usar o valor padrao, e so apertar Enter: 
--------------------- JOB DO SIMGRID -------------------
Host usado           : hpc-node
Carga do job         : 1e+15 FLOPs
Velocidade do host   : 5e+12 flop/s
Duracao do job       : 200 s
Energia do job       : 360000 J
Energia do job       : 0.1 kWh
Potencia media do job: 1.8 kW

-------------------- ENERGIA DO DATA CENTER --------------
Energia IT do job por servidor : 0.1 kWh
Energia IT computacional       : 102.4 kWh
Energia IT rede                : 8.33333 kWh
Energia IT armazenamento       : 4.16667 kWh
Energia IT total               : 114.9 kWh
Energia infraestrutura/PUE     : 28.725 kWh
Energia total do data center   : 143.625 kWh

-------------------- RESULTADO PV-FIRST ----------------
Energia total do data center : 143.625 kWh
Energia vinda da PV        : 131.905 kWh
Energia vinda da GRID      : 11.7201 kWh
CO2 emitido pela GRID      : 1172.01 gCO2 nesta execucao
CO2 evitado pela PV        : 13190.5 gCO2 nesta execucao
CO2 se fosse 100% GRID     : 14362.5 gCO2 nesta execucao

-------------------- FONTE ATENDENDO O JOB --------------
PHOTOVOLTAIC : ON
GRID         : ON
MODO DA FONTE: PHOTOVOLTAIC+GRID
Leitura da fonte: PHOTOVOLTAIC entrou primeiro, mas GRID complementou a energia faltante.

Leitura rapida do experimento:
- o SimGrid mediu 0.1 kWh por job/servidor
- o data center demandou 143.625 kWh no intervalo
- a PV poderia entregar ate 131.905 kWh nesse mesmo intervalo
- o modelo PV-First priorizou PHOTOVOLTAIC e usou GRID apenas como complemento

Dados salvos em: results/RPVfirst220926.csv

-------------------- RESUMO DE CARBONO DO DIA ------------
Registros do dia           : 8
Energia total do dia       : 1007.83 kWh
Energia PV no dia          : 940.698 kWh
Energia GRID no dia        : 67.1273 kWh
CO2 emitido pela GRID      : 6712.73 gCO2 no dia
CO2 que emitiria sem PV    : 100782 gCO2 no dia
CO2 reduzido pela PV       : 94069.8 gCO2 no dia

============================================================
SIMULACAO FINALIZADA
============================================================
[2026-09-22 16:07:44] Fonte da rodada: PHOTOVOLTAIC ON, GRID ON como complemento.
[2026-09-22 16:09:07] SEM INTERNET: coleta continua em segundo plano. Nenhuma linha sera salva no CSV ate a internet voltar.
[2026-09-22 16:09:25] SEM INTERNET: coleta continua em segundo plano. Nenhuma linha sera salva no CSV ate a internet voltar.
[2026-09-22 16:10:12] INTERNET OK: executando simulacao de data center com SimGrid, PHOTOVOLTAIC e GRID...
Preparando ambiente...

============================================================
SIMULACAO PV-FIRST COM JOB DO SIMGRID
============================================================

Fluxo da simulacao:
1) eu verifico local, clima e irradiancia solar
2) o SimGrid executa o job e mede energia, mesmo sem sol
3) o modelo PV-First prioriza Photovoltaic; se faltar, usa GRID

Localizacao configurada manualmente: Belem (-1.4537, -48.5078)

-------------------- DADOS DO LOCAL --------------------
Cidade detectada : Belem
Latitude         : -1.4537
Longitude        : -48.5078
Hora local       : 16:10:20
Dia do ano       : 265

------------------ CONDICOES DO CLIMA ------------------
Cobertura nuvens : 55 %
Chuva            : 0 mm
Temperatura      : 29.4 C
Vento            : 10 km/h

----------------- PERFIL DA SIMULACAO -------------------
Perfil selecionado : hpc_extreme

----------------- CONFIGURACAO DO PAINEL ----------------
Material          : monocrystalline
Face do painel    : bifacial
Area do painel    : 30000 m2
Eficiencia base   : 0.24
Ganho bifacial configurado : 1.2
Ganho aplicado no painel   : 1.2
Fator do material : 1

----------------- PARAMETROS DO DATA CENTER -------------
Servidores ativos equivalentes : 1024
PUE do data center             : 1.25
Carga de rede                  : 150 kW
Carga de armazenamento         : 75 kW

----------------- MODELO FOTOVOLTAICO ------------------
Irradiancia teorica      : 461.842 W/m2
Irradiancia ajustada     : 271.332 W/m2
Eficiencia base efetiva  : 0.24
Eficiencia final arranjo : 0.284556
Potencia PV disponivel   : 2316.28 kW
Digite a carga do job em FLOPs (ex: 5e10).
Se quiser usar o valor padrao, e so apertar Enter: 
--------------------- JOB DO SIMGRID -------------------
Host usado           : hpc-node
Carga do job         : 1e+15 FLOPs
Velocidade do host   : 5e+12 flop/s
Duracao do job       : 200 s
Energia do job       : 360000 J
Energia do job       : 0.1 kWh
Potencia media do job: 1.8 kW

-------------------- ENERGIA DO DATA CENTER --------------
Energia IT do job por servidor : 0.1 kWh
Energia IT computacional       : 102.4 kWh
Energia IT rede                : 8.33333 kWh
Energia IT armazenamento       : 4.16667 kWh
Energia IT total               : 114.9 kWh
Energia infraestrutura/PUE     : 28.725 kWh
Energia total do data center   : 143.625 kWh

-------------------- RESULTADO PV-FIRST ----------------
Energia total do data center : 143.625 kWh
Energia vinda da PV        : 128.682 kWh
Energia vinda da GRID      : 14.9429 kWh
CO2 emitido pela GRID      : 1494.29 gCO2 nesta execucao
CO2 evitado pela PV        : 12868.2 gCO2 nesta execucao
CO2 se fosse 100% GRID     : 14362.5 gCO2 nesta execucao

-------------------- FONTE ATENDENDO O JOB --------------
PHOTOVOLTAIC : ON
GRID         : ON
MODO DA FONTE: PHOTOVOLTAIC+GRID
Leitura da fonte: PHOTOVOLTAIC entrou primeiro, mas GRID complementou a energia faltante.

Leitura rapida do experimento:
- o SimGrid mediu 0.1 kWh por job/servidor
- o data center demandou 143.625 kWh no intervalo
- a PV poderia entregar ate 128.682 kWh nesse mesmo intervalo
- o modelo PV-First priorizou PHOTOVOLTAIC e usou GRID apenas como complemento

Dados salvos em: results/RPVfirst220926.csv

-------------------- RESUMO DE CARBONO DO DIA ------------
Registros do dia           : 9
Energia total do dia       : 1151.45 kWh
Energia PV no dia          : 1069.38 kWh
Energia GRID no dia        : 82.0701 kWh
CO2 emitido pela GRID      : 8207.01 gCO2 no dia
CO2 que emitiria sem PV    : 115145 gCO2 no dia
CO2 reduzido pela PV       : 106938 gCO2 no dia

============================================================
SIMULACAO FINALIZADA
============================================================
[2026-09-22 16:10:12] Fonte da rodada: PHOTOVOLTAIC ON, GRID ON como complemento.
[2026-09-22 16:10:30] INTERNET OK: executando simulacao de data center com SimGrid, PHOTOVOLTAIC e GRID...
Preparando ambiente...

============================================================
SIMULACAO PV-FIRST COM JOB DO SIMGRID
============================================================

Fluxo da simulacao:
1) eu verifico local, clima e irradiancia solar
2) o SimGrid executa o job e mede energia, mesmo sem sol
3) o modelo PV-First prioriza Photovoltaic; se faltar, usa GRID

Localizacao configurada manualmente: Belem (-1.4537, -48.5078)
Falha ao consultar Open-Meteo pelo WSL/proxy. Tentando novamente em 10 segundos.

-------------------- DADOS DO LOCAL --------------------
Cidade detectada : Belem
Latitude         : -1.4537
Longitude        : -48.5078
Hora local       : 16:10:39
Dia do ano       : 265

------------------ CONDICOES DO CLIMA ------------------
Cobertura nuvens : 55 %
Chuva            : 0 mm
Temperatura      : 29.4 C
Vento            : 10 km/h

----------------- PERFIL DA SIMULACAO -------------------
Perfil selecionado : hpc_extreme

----------------- CONFIGURACAO DO PAINEL ----------------
Material          : monocrystalline
Face do painel    : bifacial
Area do painel    : 30000 m2
Eficiencia base   : 0.24
Ganho bifacial configurado : 1.2
Ganho aplicado no painel   : 1.2
Fator do material : 1

----------------- PARAMETROS DO DATA CENTER -------------
Servidores ativos equivalentes : 1024
PUE do data center             : 1.25
Carga de rede                  : 150 kW
Carga de armazenamento         : 75 kW

----------------- MODELO FOTOVOLTAICO ------------------
Irradiancia teorica      : 461.842 W/m2
Irradiancia ajustada     : 271.332 W/m2
Eficiencia base efetiva  : 0.24
Eficiencia final arranjo : 0.284556
Potencia PV disponivel   : 2316.28 kW
Digite a carga do job em FLOPs (ex: 5e10).
Se quiser usar o valor padrao, e so apertar Enter: 
--------------------- JOB DO SIMGRID -------------------
Host usado           : hpc-node
Carga do job         : 1e+15 FLOPs
Velocidade do host   : 5e+12 flop/s
Duracao do job       : 200 s
Energia do job       : 360000 J
Energia do job       : 0.1 kWh
Potencia media do job: 1.8 kW

-------------------- ENERGIA DO DATA CENTER --------------
Energia IT do job por servidor : 0.1 kWh
Energia IT computacional       : 102.4 kWh
Energia IT rede                : 8.33333 kWh
Energia IT armazenamento       : 4.16667 kWh
Energia IT total               : 114.9 kWh
Energia infraestrutura/PUE     : 28.725 kWh
Energia total do data center   : 143.625 kWh

-------------------- RESULTADO PV-FIRST ----------------
Energia total do data center : 143.625 kWh
Energia vinda da PV        : 128.682 kWh
Energia vinda da GRID      : 14.9429 kWh
CO2 emitido pela GRID      : 1494.29 gCO2 nesta execucao
CO2 evitado pela PV        : 12868.2 gCO2 nesta execucao
CO2 se fosse 100% GRID     : 14362.5 gCO2 nesta execucao

-------------------- FONTE ATENDENDO O JOB --------------
PHOTOVOLTAIC : ON
GRID         : ON
MODO DA FONTE: PHOTOVOLTAIC+GRID
Leitura da fonte: PHOTOVOLTAIC entrou primeiro, mas GRID complementou a energia faltante.

Leitura rapida do experimento:
- o SimGrid mediu 0.1 kWh por job/servidor
- o data center demandou 143.625 kWh no intervalo
- a PV poderia entregar ate 128.682 kWh nesse mesmo intervalo
- o modelo PV-First priorizou PHOTOVOLTAIC e usou GRID apenas como complemento

Dados salvos em: results/RPVfirst220926.csv

-------------------- RESUMO DE CARBONO DO DIA ------------
Registros do dia           : 10
Energia total do dia       : 1295.08 kWh
Energia PV no dia          : 1198.06 kWh
Energia GRID no dia        : 97.013 kWh
CO2 emitido pela GRID      : 9701.31 gCO2 no dia
CO2 que emitiria sem PV    : 129508 gCO2 no dia
CO2 reduzido pela PV       : 119806 gCO2 no dia

============================================================
SIMULACAO FINALIZADA
============================================================
[2026-09-22 16:10:30] Fonte da rodada: PHOTOVOLTAIC ON, GRID ON como complemento.
[2026-09-22 16:11:39] SEM INTERNET: coleta continua em segundo plano. Nenhuma linha sera salva no CSV ate a internet voltar.
[2026-09-22 16:12:12] SEM INTERNET: coleta continua em segundo plano. Nenhuma linha sera salva no CSV ate a internet voltar.
[2026-09-22 16:12:44] INTERNET OK: executando simulacao de data center com SimGrid, PHOTOVOLTAIC e GRID...
Preparando ambiente...

============================================================
SIMULACAO PV-FIRST COM JOB DO SIMGRID
============================================================

Fluxo da simulacao:
1) eu verifico local, clima e irradiancia solar
2) o SimGrid executa o job e mede energia, mesmo sem sol
3) o modelo PV-First prioriza Photovoltaic; se faltar, usa GRID

Localizacao configurada manualmente: Belem (-1.4537, -48.5078)

-------------------- DADOS DO LOCAL --------------------
Cidade detectada : Belem
Latitude         : -1.4537
Longitude        : -48.5078
Hora local       : 16:12:52
Dia do ano       : 265

------------------ CONDICOES DO CLIMA ------------------
Cobertura nuvens : 55 %
Chuva            : 0 mm
Temperatura      : 29.4 C
Vento            : 10 km/h

----------------- PERFIL DA SIMULACAO -------------------
Perfil selecionado : hpc_extreme

----------------- CONFIGURACAO DO PAINEL ----------------
Material          : monocrystalline
Face do painel    : bifacial
Area do painel    : 30000 m2
Eficiencia base   : 0.24
Ganho bifacial configurado : 1.2
Ganho aplicado no painel   : 1.2
Fator do material : 1

----------------- PARAMETROS DO DATA CENTER -------------
Servidores ativos equivalentes : 1024
PUE do data center             : 1.25
Carga de rede                  : 150 kW
Carga de armazenamento         : 75 kW

----------------- MODELO FOTOVOLTAICO ------------------
Irradiancia teorica      : 454.087 W/m2
Irradiancia ajustada     : 266.776 W/m2
Eficiencia base efetiva  : 0.24
Eficiencia final arranjo : 0.284556
Potencia PV disponivel   : 2277.38 kW
Digite a carga do job em FLOPs (ex: 5e10).
Se quiser usar o valor padrao, e so apertar Enter: 
--------------------- JOB DO SIMGRID -------------------
Host usado           : hpc-node
Carga do job         : 1e+15 FLOPs
Velocidade do host   : 5e+12 flop/s
Duracao do job       : 200 s
Energia do job       : 360000 J
Energia do job       : 0.1 kWh
Potencia media do job: 1.8 kW

-------------------- ENERGIA DO DATA CENTER --------------
Energia IT do job por servidor : 0.1 kWh
Energia IT computacional       : 102.4 kWh
Energia IT rede                : 8.33333 kWh
Energia IT armazenamento       : 4.16667 kWh
Energia IT total               : 114.9 kWh
Energia infraestrutura/PUE     : 28.725 kWh
Energia total do data center   : 143.625 kWh

-------------------- RESULTADO PV-FIRST ----------------
Energia total do data center : 143.625 kWh
Energia vinda da PV        : 126.521 kWh
Energia vinda da GRID      : 17.1037 kWh
CO2 emitido pela GRID      : 1710.37 gCO2 nesta execucao
CO2 evitado pela PV        : 12652.1 gCO2 nesta execucao
CO2 se fosse 100% GRID     : 14362.5 gCO2 nesta execucao

-------------------- FONTE ATENDENDO O JOB --------------
PHOTOVOLTAIC : ON
GRID         : ON
MODO DA FONTE: PHOTOVOLTAIC+GRID
Leitura da fonte: PHOTOVOLTAIC entrou primeiro, mas GRID complementou a energia faltante.

Leitura rapida do experimento:
- o SimGrid mediu 0.1 kWh por job/servidor
- o data center demandou 143.625 kWh no intervalo
- a PV poderia entregar ate 126.521 kWh nesse mesmo intervalo
- o modelo PV-First priorizou PHOTOVOLTAIC e usou GRID apenas como complemento

Dados salvos em: results/RPVfirst220926.csv

-------------------- RESUMO DE CARBONO DO DIA ------------
Registros do dia           : 11
Energia total do dia       : 1438.7 kWh
Energia PV no dia          : 1324.58 kWh
Energia GRID no dia        : 114.117 kWh
CO2 emitido pela GRID      : 11411.7 gCO2 no dia
CO2 que emitiria sem PV    : 143870 gCO2 no dia
CO2 reduzido pela PV       : 132458 gCO2 no dia

============================================================
SIMULACAO FINALIZADA
============================================================
[2026-09-22 16:12:44] Fonte da rodada: PHOTOVOLTAIC ON, GRID ON como complemento.
[2026-09-22 16:13:17] INTERNET OK: executando simulacao de data center com SimGrid, PHOTOVOLTAIC e GRID...
Preparando ambiente...

============================================================
SIMULACAO PV-FIRST COM JOB DO SIMGRID
============================================================

Fluxo da simulacao:
1) eu verifico local, clima e irradiancia solar
2) o SimGrid executa o job e mede energia, mesmo sem sol
3) o modelo PV-First prioriza Photovoltaic; se faltar, usa GRID

Localizacao configurada manualmente: Belem (-1.4537, -48.5078)
Falha ao consultar Open-Meteo pelo WSL/proxy. Tentando novamente em 10 segundos.
Falha ao consultar Open-Meteo pelo WSL/proxy. Tentando novamente em 10 segundos.
Falha ao consultar Open-Meteo pelo WSL/proxy. Tentando novamente em 10 segundos.

-------------------- DADOS DO LOCAL --------------------
Cidade detectada : Belem
Latitude         : -1.4537
Longitude        : -48.5078
Hora local       : 16:13:25
Dia do ano       : 265

------------------ CONDICOES DO CLIMA ------------------
Cobertura nuvens : 55 %
Chuva            : 0 mm
Temperatura      : 29.4 C
Vento            : 10 km/h

----------------- PERFIL DA SIMULACAO -------------------
Perfil selecionado : hpc_extreme

----------------- CONFIGURACAO DO PAINEL ----------------
Material          : monocrystalline
Face do painel    : bifacial
Area do painel    : 30000 m2
Eficiencia base   : 0.24
Ganho bifacial configurado : 1.2
Ganho aplicado no painel   : 1.2
Fator do material : 1

----------------- PARAMETROS DO DATA CENTER -------------
Servidores ativos equivalentes : 1024
PUE do data center             : 1.25
Carga de rede                  : 150 kW
Carga de armazenamento         : 75 kW

----------------- MODELO FOTOVOLTAICO ------------------
Irradiancia teorica      : 450.197 W/m2
Irradiancia ajustada     : 264.49 W/m2
Eficiencia base efetiva  : 0.24
Eficiencia final arranjo : 0.284556
Potencia PV disponivel   : 2257.87 kW
Digite a carga do job em FLOPs (ex: 5e10).
Se quiser usar o valor padrao, e so apertar Enter: 
--------------------- JOB DO SIMGRID -------------------
Host usado           : hpc-node
Carga do job         : 1e+15 FLOPs
Velocidade do host   : 5e+12 flop/s
Duracao do job       : 200 s
Energia do job       : 360000 J
Energia do job       : 0.1 kWh
Potencia media do job: 1.8 kW

-------------------- ENERGIA DO DATA CENTER --------------
Energia IT do job por servidor : 0.1 kWh
Energia IT computacional       : 102.4 kWh
Energia IT rede                : 8.33333 kWh
Energia IT armazenamento       : 4.16667 kWh
Energia IT total               : 114.9 kWh
Energia infraestrutura/PUE     : 28.725 kWh
Energia total do data center   : 143.625 kWh

-------------------- RESULTADO PV-FIRST ----------------
Energia total do data center : 143.625 kWh
Energia vinda da PV        : 125.437 kWh
Energia vinda da GRID      : 18.1878 kWh
CO2 emitido pela GRID      : 1818.78 gCO2 nesta execucao
CO2 evitado pela PV        : 12543.7 gCO2 nesta execucao
CO2 se fosse 100% GRID     : 14362.5 gCO2 nesta execucao

-------------------- FONTE ATENDENDO O JOB --------------
PHOTOVOLTAIC : ON
GRID         : ON
MODO DA FONTE: PHOTOVOLTAIC+GRID
Leitura da fonte: PHOTOVOLTAIC entrou primeiro, mas GRID complementou a energia faltante.

Leitura rapida do experimento:
- o SimGrid mediu 0.1 kWh por job/servidor
- o data center demandou 143.625 kWh no intervalo
- a PV poderia entregar ate 125.437 kWh nesse mesmo intervalo
- o modelo PV-First priorizou PHOTOVOLTAIC e usou GRID apenas como complemento

Dados salvos em: results/RPVfirst220926.csv

-------------------- RESUMO DE CARBONO DO DIA ------------
Registros do dia           : 12
Energia total do dia       : 1582.33 kWh
Energia PV no dia          : 1450.02 kWh
Energia GRID no dia        : 132.305 kWh
CO2 emitido pela GRID      : 13230.5 gCO2 no dia
CO2 que emitiria sem PV    : 158232 gCO2 no dia
CO2 reduzido pela PV       : 145002 gCO2 no dia

============================================================
SIMULACAO FINALIZADA
============================================================
[2026-09-22 16:13:17] Fonte da rodada: PHOTOVOLTAIC ON, GRID ON como complemento.
[2026-09-22 16:14:11] INTERNET OK: executando simulacao de data center com SimGrid, PHOTOVOLTAIC e GRID...
Preparando ambiente...

============================================================
SIMULACAO PV-FIRST COM JOB DO SIMGRID
============================================================

Fluxo da simulacao:
1) eu verifico local, clima e irradiancia solar
2) o SimGrid executa o job e mede energia, mesmo sem sol
3) o modelo PV-First prioriza Photovoltaic; se faltar, usa GRID

Localizacao configurada manualmente: Belem (-1.4537, -48.5078)

-------------------- DADOS DO LOCAL --------------------
Cidade detectada : Belem
Latitude         : -1.4537
Longitude        : -48.5078
Hora local       : 16:14:19
Dia do ano       : 265

------------------ CONDICOES DO CLIMA ------------------
Cobertura nuvens : 55 %
Chuva            : 0 mm
Temperatura      : 29.4 C
Vento            : 10 km/h

----------------- PERFIL DA SIMULACAO -------------------
Perfil selecionado : hpc_extreme

----------------- CONFIGURACAO DO PAINEL ----------------
Material          : monocrystalline
Face do painel    : bifacial
Area do painel    : 30000 m2
Eficiencia base   : 0.24
Ganho bifacial configurado : 1.2
Ganho aplicado no painel   : 1.2
Fator do material : 1

----------------- PARAMETROS DO DATA CENTER -------------
Servidores ativos equivalentes : 1024
PUE do data center             : 1.25
Carga de rede                  : 150 kW
Carga de armazenamento         : 75 kW

----------------- MODELO FOTOVOLTAICO ------------------
Irradiancia teorica      : 446.297 W/m2
Irradiancia ajustada     : 262.2 W/m2
Eficiencia base efetiva  : 0.24
Eficiencia final arranjo : 0.284556
Potencia PV disponivel   : 2238.31 kW
Digite a carga do job em FLOPs (ex: 5e10).
Se quiser usar o valor padrao, e so apertar Enter: 
--------------------- JOB DO SIMGRID -------------------
Host usado           : hpc-node
Carga do job         : 1e+15 FLOPs
Velocidade do host   : 5e+12 flop/s
Duracao do job       : 200 s
Energia do job       : 360000 J
Energia do job       : 0.1 kWh
Potencia media do job: 1.8 kW

-------------------- ENERGIA DO DATA CENTER --------------
Energia IT do job por servidor : 0.1 kWh
Energia IT computacional       : 102.4 kWh
Energia IT rede                : 8.33333 kWh
Energia IT armazenamento       : 4.16667 kWh
Energia IT total               : 114.9 kWh
Energia infraestrutura/PUE     : 28.725 kWh
Energia total do data center   : 143.625 kWh

-------------------- RESULTADO PV-FIRST ----------------
Energia total do data center : 143.625 kWh
Energia vinda da PV        : 124.351 kWh
Energia vinda da GRID      : 19.2742 kWh
CO2 emitido pela GRID      : 1927.42 gCO2 nesta execucao
CO2 evitado pela PV        : 12435.1 gCO2 nesta execucao
CO2 se fosse 100% GRID     : 14362.5 gCO2 nesta execucao

-------------------- FONTE ATENDENDO O JOB --------------
PHOTOVOLTAIC : ON
GRID         : ON
MODO DA FONTE: PHOTOVOLTAIC+GRID
Leitura da fonte: PHOTOVOLTAIC entrou primeiro, mas GRID complementou a energia faltante.

Leitura rapida do experimento:
- o SimGrid mediu 0.1 kWh por job/servidor
- o data center demandou 143.625 kWh no intervalo
- a PV poderia entregar ate 124.351 kWh nesse mesmo intervalo
- o modelo PV-First priorizou PHOTOVOLTAIC e usou GRID apenas como complemento

Dados salvos em: results/RPVfirst220926.csv

-------------------- RESUMO DE CARBONO DO DIA ------------
Registros do dia           : 13
Energia total do dia       : 1725.95 kWh
Energia PV no dia          : 1574.37 kWh
Energia GRID no dia        : 151.579 kWh
CO2 emitido pela GRID      : 15157.9 gCO2 no dia
CO2 que emitiria sem PV    : 172595 gCO2 no dia
CO2 reduzido pela PV       : 157437 gCO2 no dia

============================================================
SIMULACAO FINALIZADA
============================================================
[2026-09-22 16:14:11] Fonte da rodada: PHOTOVOLTAIC ON, GRID ON como complemento.
[2026-09-22 16:19:25] INTERNET OK: executando simulacao de data center com SimGrid, PHOTOVOLTAIC e GRID...
Preparando ambiente...

============================================================
SIMULACAO PV-FIRST COM JOB DO SIMGRID
============================================================

Fluxo da simulacao:
1) eu verifico local, clima e irradiancia solar
2) o SimGrid executa o job e mede energia, mesmo sem sol
3) o modelo PV-First prioriza Photovoltaic; se faltar, usa GRID

Localizacao configurada manualmente: Belem (-1.4537, -48.5078)

-------------------- DADOS DO LOCAL --------------------
Cidade detectada : Belem
Latitude         : -1.4537
Longitude        : -48.5078
Hora local       : 16:19:30
Dia do ano       : 265

------------------ CONDICOES DO CLIMA ------------------
Cobertura nuvens : 47 %
Chuva            : 0 mm
Temperatura      : 29.4 C
Vento            : 10.1 km/h

----------------- PERFIL DA SIMULACAO -------------------
Perfil selecionado : hpc_extreme

----------------- CONFIGURACAO DO PAINEL ----------------
Material          : monocrystalline
Face do painel    : bifacial
Area do painel    : 30000 m2
Eficiencia base   : 0.24
Ganho bifacial configurado : 1.2
Ganho aplicado no painel   : 1.2
Fator do material : 1

----------------- PARAMETROS DO DATA CENTER -------------
Servidores ativos equivalentes : 1024
PUE do data center             : 1.25
Carga de rede                  : 150 kW
Carga de armazenamento         : 75 kW

----------------- MODELO FOTOVOLTAICO ------------------
Irradiancia teorica      : 426.676 W/m2
Irradiancia ajustada     : 276.273 W/m2
Eficiencia base efetiva  : 0.24
Eficiencia final arranjo : 0.284579
Potencia PV disponivel   : 2358.64 kW
Digite a carga do job em FLOPs (ex: 5e10).
Se quiser usar o valor padrao, e so apertar Enter: 
--------------------- JOB DO SIMGRID -------------------
Host usado           : hpc-node
Carga do job         : 1e+15 FLOPs
Velocidade do host   : 5e+12 flop/s
Duracao do job       : 200 s
Energia do job       : 360000 J
Energia do job       : 0.1 kWh
Potencia media do job: 1.8 kW

-------------------- ENERGIA DO DATA CENTER --------------
Energia IT do job por servidor : 0.1 kWh
Energia IT computacional       : 102.4 kWh
Energia IT rede                : 8.33333 kWh
Energia IT armazenamento       : 4.16667 kWh
Energia IT total               : 114.9 kWh
Energia infraestrutura/PUE     : 28.725 kWh
Energia total do data center   : 143.625 kWh

-------------------- RESULTADO PV-FIRST ----------------
Energia total do data center : 143.625 kWh
Energia vinda da PV        : 131.035 kWh
Energia vinda da GRID      : 12.5896 kWh
CO2 emitido pela GRID      : 1258.96 gCO2 nesta execucao
CO2 evitado pela PV        : 13103.5 gCO2 nesta execucao
CO2 se fosse 100% GRID     : 14362.5 gCO2 nesta execucao

-------------------- FONTE ATENDENDO O JOB --------------
PHOTOVOLTAIC : ON
GRID         : ON
MODO DA FONTE: PHOTOVOLTAIC+GRID
Leitura da fonte: PHOTOVOLTAIC entrou primeiro, mas GRID complementou a energia faltante.

Leitura rapida do experimento:
- o SimGrid mediu 0.1 kWh por job/servidor
- o data center demandou 143.625 kWh no intervalo
- a PV poderia entregar ate 131.035 kWh nesse mesmo intervalo
- o modelo PV-First priorizou PHOTOVOLTAIC e usou GRID apenas como complemento

Dados salvos em: results/RPVfirst220926.csv

-------------------- RESUMO DE CARBONO DO DIA ------------
Registros do dia           : 14
Energia total do dia       : 1869.58 kWh
Energia PV no dia          : 1705.41 kWh
Energia GRID no dia        : 164.168 kWh
CO2 emitido pela GRID      : 16416.8 gCO2 no dia
CO2 que emitiria sem PV    : 186958 gCO2 no dia
CO2 reduzido pela PV       : 170541 gCO2 no dia

============================================================
SIMULACAO FINALIZADA
============================================================
[2026-09-22 16:19:25] Fonte da rodada: PHOTOVOLTAIC ON, GRID ON como complemento.
[2026-09-22 16:19:34] INTERNET OK: executando simulacao de data center com SimGrid, PHOTOVOLTAIC e GRID...
Preparando ambiente...

============================================================
SIMULACAO PV-FIRST COM JOB DO SIMGRID
============================================================

Fluxo da simulacao:
1) eu verifico local, clima e irradiancia solar
2) o SimGrid executa o job e mede energia, mesmo sem sol
3) o modelo PV-First prioriza Photovoltaic; se faltar, usa GRID

Localizacao configurada manualmente: Belem (-1.4537, -48.5078)

-------------------- DADOS DO LOCAL --------------------
Cidade detectada : Belem
Latitude         : -1.4537
Longitude        : -48.5078
Hora local       : 16:19:40
Dia do ano       : 265

------------------ CONDICOES DO CLIMA ------------------
Cobertura nuvens : 47 %
Chuva            : 0 mm
Temperatura      : 29.4 C
Vento            : 10.1 km/h

----------------- PERFIL DA SIMULACAO -------------------
Perfil selecionado : hpc_extreme

----------------- CONFIGURACAO DO PAINEL ----------------
Material          : monocrystalline
Face do painel    : bifacial
Area do painel    : 30000 m2
Eficiencia base   : 0.24
Ganho bifacial configurado : 1.2
Ganho aplicado no painel   : 1.2
Fator do material : 1

----------------- PARAMETROS DO DATA CENTER -------------
Servidores ativos equivalentes : 1024
PUE do data center             : 1.25
Carga de rede                  : 150 kW
Carga de armazenamento         : 75 kW

----------------- MODELO FOTOVOLTAICO ------------------
Irradiancia teorica      : 426.676 W/m2
Irradiancia ajustada     : 276.273 W/m2
Eficiencia base efetiva  : 0.24
Eficiencia final arranjo : 0.284579
Potencia PV disponivel   : 2358.64 kW
Digite a carga do job em FLOPs (ex: 5e10).
Se quiser usar o valor padrao, e so apertar Enter: 
--------------------- JOB DO SIMGRID -------------------
Host usado           : hpc-node
Carga do job         : 1e+15 FLOPs
Velocidade do host   : 5e+12 flop/s
Duracao do job       : 200 s
Energia do job       : 360000 J
Energia do job       : 0.1 kWh
Potencia media do job: 1.8 kW

-------------------- ENERGIA DO DATA CENTER --------------
Energia IT do job por servidor : 0.1 kWh
Energia IT computacional       : 102.4 kWh
Energia IT rede                : 8.33333 kWh
Energia IT armazenamento       : 4.16667 kWh
Energia IT total               : 114.9 kWh
Energia infraestrutura/PUE     : 28.725 kWh
Energia total do data center   : 143.625 kWh

-------------------- RESULTADO PV-FIRST ----------------
Energia total do data center : 143.625 kWh
Energia vinda da PV        : 131.035 kWh
Energia vinda da GRID      : 12.5896 kWh
CO2 emitido pela GRID      : 1258.96 gCO2 nesta execucao
CO2 evitado pela PV        : 13103.5 gCO2 nesta execucao
CO2 se fosse 100% GRID     : 14362.5 gCO2 nesta execucao

-------------------- FONTE ATENDENDO O JOB --------------
PHOTOVOLTAIC : ON
GRID         : ON
MODO DA FONTE: PHOTOVOLTAIC+GRID
Leitura da fonte: PHOTOVOLTAIC entrou primeiro, mas GRID complementou a energia faltante.

Leitura rapida do experimento:
- o SimGrid mediu 0.1 kWh por job/servidor
- o data center demandou 143.625 kWh no intervalo
- a PV poderia entregar ate 131.035 kWh nesse mesmo intervalo
- o modelo PV-First priorizou PHOTOVOLTAIC e usou GRID apenas como complemento

Dados salvos em: results/RPVfirst220926.csv

-------------------- RESUMO DE CARBONO DO DIA ------------
Registros do dia           : 15
Energia total do dia       : 2013.2 kWh
Energia PV no dia          : 1836.44 kWh
Energia GRID no dia        : 176.758 kWh
CO2 emitido pela GRID      : 17675.8 gCO2 no dia
CO2 que emitiria sem PV    : 201320 gCO2 no dia
CO2 reduzido pela PV       : 183644 gCO2 no dia

============================================================
SIMULACAO FINALIZADA
============================================================
[2026-09-22 16:19:34] Fonte da rodada: PHOTOVOLTAIC ON, GRID ON como complemento.
[2026-09-22 16:20:45] INTERNET OK: executando simulacao de data center com SimGrid, PHOTOVOLTAIC e GRID...
Preparando ambiente...

============================================================
SIMULACAO PV-FIRST COM JOB DO SIMGRID
============================================================

Fluxo da simulacao:
1) eu verifico local, clima e irradiancia solar
2) o SimGrid executa o job e mede energia, mesmo sem sol
3) o modelo PV-First prioriza Photovoltaic; se faltar, usa GRID

Localizacao configurada manualmente: Belem (-1.4537, -48.5078)

-------------------- DADOS DO LOCAL --------------------
Cidade detectada : Belem
Latitude         : -1.4537
Longitude        : -48.5078
Hora local       : 16:20:54
Dia do ano       : 265

------------------ CONDICOES DO CLIMA ------------------
Cobertura nuvens : 47 %
Chuva            : 0 mm
Temperatura      : 29.4 C
Vento            : 10.1 km/h

----------------- PERFIL DA SIMULACAO -------------------
Perfil selecionado : hpc_extreme

----------------- CONFIGURACAO DO PAINEL ----------------
Material          : monocrystalline
Face do painel    : bifacial
Area do painel    : 30000 m2
Eficiencia base   : 0.24
Ganho bifacial configurado : 1.2
Ganho aplicado no painel   : 1.2
Fator do material : 1

----------------- PARAMETROS DO DATA CENTER -------------
Servidores ativos equivalentes : 1024
PUE do data center             : 1.25
Carga de rede                  : 150 kW
Carga de armazenamento         : 75 kW

----------------- MODELO FOTOVOLTAICO ------------------
Irradiancia teorica      : 422.727 W/m2
Irradiancia ajustada     : 273.716 W/m2
Eficiencia base efetiva  : 0.24
Eficiencia final arranjo : 0.284579
Potencia PV disponivel   : 2336.81 kW
Digite a carga do job em FLOPs (ex: 5e10).
Se quiser usar o valor padrao, e so apertar Enter: 
--------------------- JOB DO SIMGRID -------------------
Host usado           : hpc-node
Carga do job         : 1e+15 FLOPs
Velocidade do host   : 5e+12 flop/s
Duracao do job       : 200 s
Energia do job       : 360000 J
Energia do job       : 0.1 kWh
Potencia media do job: 1.8 kW

-------------------- ENERGIA DO DATA CENTER --------------
Energia IT do job por servidor : 0.1 kWh
Energia IT computacional       : 102.4 kWh
Energia IT rede                : 8.33333 kWh
Energia IT armazenamento       : 4.16667 kWh
Energia IT total               : 114.9 kWh
Energia infraestrutura/PUE     : 28.725 kWh
Energia total do data center   : 143.625 kWh

-------------------- RESULTADO PV-FIRST ----------------
Energia total do data center : 143.625 kWh
Energia vinda da PV        : 129.823 kWh
Energia vinda da GRID      : 13.8024 kWh
CO2 emitido pela GRID      : 1380.24 gCO2 nesta execucao
CO2 evitado pela PV        : 12982.3 gCO2 nesta execucao
CO2 se fosse 100% GRID     : 14362.5 gCO2 nesta execucao

-------------------- FONTE ATENDENDO O JOB --------------
PHOTOVOLTAIC : ON
GRID         : ON
MODO DA FONTE: PHOTOVOLTAIC+GRID
Leitura da fonte: PHOTOVOLTAIC entrou primeiro, mas GRID complementou a energia faltante.

Leitura rapida do experimento:
- o SimGrid mediu 0.1 kWh por job/servidor
- o data center demandou 143.625 kWh no intervalo
- a PV poderia entregar ate 129.823 kWh nesse mesmo intervalo
- o modelo PV-First priorizou PHOTOVOLTAIC e usou GRID apenas como complemento
[2026-09-22 16:20:54] INTERNET OK: executando simulacao de data center com SimGrid, PHOTOVOLTAIC e GRID...

Dados salvos em: results/RPVfirst220926.csv

-------------------- RESUMO DE CARBONO DO DIA ------------
Registros do dia           : 16
Energia total do dia       : 2156.82 kWh
Energia PV no dia          : 1966.26 kWh
Energia GRID no dia        : 190.56 kWh
CO2 emitido pela GRID      : 19056 gCO2 no dia
CO2 que emitiria sem PV    : 215682 gCO2 no dia
CO2 reduzido pela PV       : 196626 gCO2 no dia

============================================================
SIMULACAO FINALIZADA
============================================================
[2026-09-22 16:20:45] Fonte da rodada: PHOTOVOLTAIC ON, GRID ON como complemento.
Preparando ambiente...

============================================================
SIMULACAO PV-FIRST COM JOB DO SIMGRID
============================================================

Fluxo da simulacao:
1) eu verifico local, clima e irradiancia solar
2) o SimGrid executa o job e mede energia, mesmo sem sol
3) o modelo PV-First prioriza Photovoltaic; se faltar, usa GRID

Localizacao configurada manualmente: Belem (-1.4537, -48.5078)
Falha ao consultar Open-Meteo pelo WSL/proxy. Tentando novamente em 10 segundos.
Falha ao consultar Open-Meteo pelo WSL/proxy. Tentando novamente em 10 segundos.

-------------------- DADOS DO LOCAL --------------------
Cidade detectada : Belem
Latitude         : -1.4537
Longitude        : -48.5078
Hora local       : 16:21:03
Dia do ano       : 265

------------------ CONDICOES DO CLIMA ------------------
Cobertura nuvens : 47 %
Chuva            : 0 mm
Temperatura      : 29.4 C
Vento            : 10.1 km/h

----------------- PERFIL DA SIMULACAO -------------------
Perfil selecionado : hpc_extreme

----------------- CONFIGURACAO DO PAINEL ----------------
Material          : monocrystalline
Face do painel    : bifacial
Area do painel    : 30000 m2
Eficiencia base   : 0.24
Ganho bifacial configurado : 1.2
Ganho aplicado no painel   : 1.2
Fator do material : 1

----------------- PARAMETROS DO DATA CENTER -------------
Servidores ativos equivalentes : 1024
PUE do data center             : 1.25
Carga de rede                  : 150 kW
Carga de armazenamento         : 75 kW

----------------- MODELO FOTOVOLTAICO ------------------
Irradiancia teorica      : 418.77 W/m2
Irradiancia ajustada     : 271.153 W/m2
Eficiencia base efetiva  : 0.24
Eficiencia final arranjo : 0.284579
Potencia PV disponivel   : 2314.93 kW
Digite a carga do job em FLOPs (ex: 5e10).
Se quiser usar o valor padrao, e so apertar Enter: 
--------------------- JOB DO SIMGRID -------------------
Host usado           : hpc-node
Carga do job         : 1e+15 FLOPs
Velocidade do host   : 5e+12 flop/s
Duracao do job       : 200 s
Energia do job       : 360000 J
Energia do job       : 0.1 kWh
Potencia media do job: 1.8 kW

-------------------- ENERGIA DO DATA CENTER --------------
Energia IT do job por servidor : 0.1 kWh
Energia IT computacional       : 102.4 kWh
Energia IT rede                : 8.33333 kWh
Energia IT armazenamento       : 4.16667 kWh
Energia IT total               : 114.9 kWh
Energia infraestrutura/PUE     : 28.725 kWh
Energia total do data center   : 143.625 kWh

-------------------- RESULTADO PV-FIRST ----------------
Energia total do data center : 143.625 kWh
Energia vinda da PV        : 128.607 kWh
Energia vinda da GRID      : 15.0176 kWh
CO2 emitido pela GRID      : 1501.76 gCO2 nesta execucao
CO2 evitado pela PV        : 12860.7 gCO2 nesta execucao
CO2 se fosse 100% GRID     : 14362.5 gCO2 nesta execucao

-------------------- FONTE ATENDENDO O JOB --------------
PHOTOVOLTAIC : ON
GRID         : ON
MODO DA FONTE: PHOTOVOLTAIC+GRID
Leitura da fonte: PHOTOVOLTAIC entrou primeiro, mas GRID complementou a energia faltante.

Leitura rapida do experimento:
- o SimGrid mediu 0.1 kWh por job/servidor
- o data center demandou 143.625 kWh no intervalo
- a PV poderia entregar ate 128.607 kWh nesse mesmo intervalo
- o modelo PV-First priorizou PHOTOVOLTAIC e usou GRID apenas como complemento

Dados salvos em: results/RPVfirst220926.csv

-------------------- RESUMO DE CARBONO DO DIA ------------
Registros do dia           : 17
Energia total do dia       : 2300.45 kWh
Energia PV no dia          : 2094.87 kWh
Energia GRID no dia        : 205.578 kWh
CO2 emitido pela GRID      : 20557.8 gCO2 no dia
CO2 que emitiria sem PV    : 230045 gCO2 no dia
CO2 reduzido pela PV       : 209487 gCO2 no dia

============================================================
SIMULACAO FINALIZADA
============================================================
[2026-09-22 16:20:54] Fonte da rodada: PHOTOVOLTAIC ON, GRID ON como complemento.
[2026-09-22 16:22:48] SEM INTERNET: coleta continua em segundo plano. Nenhuma linha sera salva no CSV ate a internet voltar.
[2026-09-22 16:22:50] SEM INTERNET: coleta continua em segundo plano. Nenhuma linha sera salva no CSV ate a internet voltar.
[2026-09-22 16:23:53] SEM INTERNET: coleta continua em segundo plano. Nenhuma linha sera salva no CSV ate a internet voltar.
[2026-09-22 16:23:55] SEM INTERNET: coleta continua em segundo plano. Nenhuma linha sera salva no CSV ate a internet voltar.
[2026-09-22 16:24:58] SEM INTERNET: coleta continua em segundo plano. Nenhuma linha sera salva no CSV ate a internet voltar.
[2026-09-22 16:25:00] SEM INTERNET: coleta continua em segundo plano. Nenhuma linha sera salva no CSV ate a internet voltar.
[2026-09-22 16:26:03] SEM INTERNET: coleta continua em segundo plano. Nenhuma linha sera salva no CSV ate a internet voltar.
[2026-09-22 16:26:05] SEM INTERNET: coleta continua em segundo plano. Nenhuma linha sera salva no CSV ate a internet voltar.
[2026-09-22 16:27:08] SEM INTERNET: coleta continua em segundo plano. Nenhuma linha sera salva no CSV ate a internet voltar.
[2026-09-22 16:27:10] SEM INTERNET: coleta continua em segundo plano. Nenhuma linha sera salva no CSV ate a internet voltar.
[2026-09-22 16:28:13] SEM INTERNET: coleta continua em segundo plano. Nenhuma linha sera salva no CSV ate a internet voltar.
[2026-09-22 16:28:15] SEM INTERNET: coleta continua em segundo plano. Nenhuma linha sera salva no CSV ate a internet voltar.
[2026-09-22 16:29:18] SEM INTERNET: coleta continua em segundo plano. Nenhuma linha sera salva no CSV ate a internet voltar.
[2026-09-22 16:29:20] SEM INTERNET: coleta continua em segundo plano. Nenhuma linha sera salva no CSV ate a internet voltar.
[2026-09-22 16:30:23] SEM INTERNET: coleta continua em segundo plano. Nenhuma linha sera salva no CSV ate a internet voltar.
[2026-09-22 16:30:25] SEM INTERNET: coleta continua em segundo plano. Nenhuma linha sera salva no CSV ate a internet voltar.
[2026-09-22 16:31:28] SEM INTERNET: coleta continua em segundo plano. Nenhuma linha sera salva no CSV ate a internet voltar.
[2026-09-22 16:31:31] SEM INTERNET: coleta continua em segundo plano. Nenhuma linha sera salva no CSV ate a internet voltar.
[2026-09-22 16:32:33] SEM INTERNET: coleta continua em segundo plano. Nenhuma linha sera salva no CSV ate a internet voltar.
[2026-09-22 16:32:36] SEM INTERNET: coleta continua em segundo plano. Nenhuma linha sera salva no CSV ate a internet voltar.
[2026-09-22 16:33:38] SEM INTERNET: coleta continua em segundo plano. Nenhuma linha sera salva no CSV ate a internet voltar.
[2026-09-22 16:33:41] SEM INTERNET: coleta continua em segundo plano. Nenhuma linha sera salva no CSV ate a internet voltar.
[2026-09-22 16:34:43] SEM INTERNET: coleta continua em segundo plano. Nenhuma linha sera salva no CSV ate a internet voltar.
[2026-09-22 16:34:46] SEM INTERNET: coleta continua em segundo plano. Nenhuma linha sera salva no CSV ate a internet voltar.
[2026-09-22 16:35:48] SEM INTERNET: coleta continua em segundo plano. Nenhuma linha sera salva no CSV ate a internet voltar.
[2026-09-22 16:35:51] SEM INTERNET: coleta continua em segundo plano. Nenhuma linha sera salva no CSV ate a internet voltar.
[2026-09-22 16:36:53] SEM INTERNET: coleta continua em segundo plano. Nenhuma linha sera salva no CSV ate a internet voltar.
[2026-09-22 16:36:56] SEM INTERNET: coleta continua em segundo plano. Nenhuma linha sera salva no CSV ate a internet voltar.
[2026-09-22 16:37:58] SEM INTERNET: coleta continua em segundo plano. Nenhuma linha sera salva no CSV ate a internet voltar.
[2026-09-22 16:38:01] SEM INTERNET: coleta continua em segundo plano. Nenhuma linha sera salva no CSV ate a internet voltar.
[2026-09-22 16:39:03] SEM INTERNET: coleta continua em segundo plano. Nenhuma linha sera salva no CSV ate a internet voltar.
[2026-09-22 16:39:06] SEM INTERNET: coleta continua em segundo plano. Nenhuma linha sera salva no CSV ate a internet voltar.
[2026-09-22 16:40:08] SEM INTERNET: coleta continua em segundo plano. Nenhuma linha sera salva no CSV ate a internet voltar.
[2026-09-22 16:40:11] SEM INTERNET: coleta continua em segundo plano. Nenhuma linha sera salva no CSV ate a internet voltar.
[2026-09-22 16:41:13] SEM INTERNET: coleta continua em segundo plano. Nenhuma linha sera salva no CSV ate a internet voltar.
[2026-09-22 16:41:16] SEM INTERNET: coleta continua em segundo plano. Nenhuma linha sera salva no CSV ate a internet voltar.
[2026-09-22 16:42:19] SEM INTERNET: coleta continua em segundo plano. Nenhuma linha sera salva no CSV ate a internet voltar.
[2026-09-22 16:42:21] SEM INTERNET: coleta continua em segundo plano. Nenhuma linha sera salva no CSV ate a internet voltar.
[2026-09-22 16:43:24] SEM INTERNET: coleta continua em segundo plano. Nenhuma linha sera salva no CSV ate a internet voltar.
[2026-09-22 16:43:26] SEM INTERNET: coleta continua em segundo plano. Nenhuma linha sera salva no CSV ate a internet voltar.
[2026-09-22 16:44:29] SEM INTERNET: coleta continua em segundo plano. Nenhuma linha sera salva no CSV ate a internet voltar.
[2026-09-22 16:44:31] SEM INTERNET: coleta continua em segundo plano. Nenhuma linha sera salva no CSV ate a internet voltar.
[2026-09-22 16:45:34] SEM INTERNET: coleta continua em segundo plano. Nenhuma linha sera salva no CSV ate a internet voltar.
[2026-09-22 16:45:36] SEM INTERNET: coleta continua em segundo plano. Nenhuma linha sera salva no CSV ate a internet voltar.
[2026-09-22 16:46:39] SEM INTERNET: coleta continua em segundo plano. Nenhuma linha sera salva no CSV ate a internet voltar.
[2026-09-22 16:46:41] SEM INTERNET: coleta continua em segundo plano. Nenhuma linha sera salva no CSV ate a internet voltar.
[2026-09-22 16:47:44] SEM INTERNET: coleta continua em segundo plano. Nenhuma linha sera salva no CSV ate a internet voltar.
[2026-09-22 16:47:46] SEM INTERNET: coleta continua em segundo plano. Nenhuma linha sera salva no CSV ate a internet voltar.
[2026-09-22 16:48:49] SEM INTERNET: coleta continua em segundo plano. Nenhuma linha sera salva no CSV ate a internet voltar.
[2026-09-22 16:48:51] SEM INTERNET: coleta continua em segundo plano. Nenhuma linha sera salva no CSV ate a internet voltar.
[2026-09-22 20:44:46] INTERNET OK: executando simulacao de data center com SimGrid, PHOTOVOLTAIC e GRID...
Preparando ambiente...
[2026-09-22 20:44:48] INTERNET OK: executando simulacao de data center com SimGrid, PHOTOVOLTAIC e GRID...
Preparando ambiente...

============================================================
SIMULACAO PV-FIRST COM JOB DO SIMGRID
============================================================

Fluxo da simulacao:
1) eu verifico local, clima e irradiancia solar
2) o SimGrid executa o job e mede energia, mesmo sem sol
3) o modelo PV-First prioriza Photovoltaic; se faltar, usa GRID

Localizacao configurada manualmente: Belem (-1.4537, -48.5078)

-------------------- DADOS DO LOCAL --------------------
Cidade detectada : Belem
Latitude         : -1.4537
Longitude        : -48.5078
Hora local       : 20:44:51
Dia do ano       : 265

------------------ CONDICOES DO CLIMA ------------------
Cobertura nuvens : 79 %
Chuva            : 0 mm
Temperatura      : 27 C
Vento            : 11.4 km/h

----------------- PERFIL DA SIMULACAO -------------------
Perfil selecionado : hpc_extreme

----------------- CONFIGURACAO DO PAINEL ----------------
Material          : monocrystalline
Face do painel    : bifacial
Area do painel    : 30000 m2
Eficiencia base   : 0.24
Ganho bifacial configurado : 1.2
Ganho aplicado no painel   : 1.2
Fator do material : 1

----------------- PARAMETROS DO DATA CENTER -------------
Servidores ativos equivalentes : 1024
PUE do data center             : 1.25
Carga de rede                  : 150 kW
Carga de armazenamento         : 75 kW

----------------- MODELO FOTOVOLTAICO ------------------
Irradiancia teorica      : 0 W/m2
Irradiancia ajustada     : 0 W/m2
Eficiencia base efetiva  : 0.24
Eficiencia final arranjo : 0.288011
Potencia PV disponivel   : 0 kW

PVFIRST_SEM_IRRADIANCIA
Sem irradiancia util neste instante.
Photovoltaic : OFF
GRID         : ON se houver execucao de job
Modo esperado: GRID atende o job porque a PV nao esta disponivel.
Digite a carga do job em FLOPs (ex: 5e10).
Se quiser usar o valor padrao, e so apertar Enter: 
--------------------- JOB DO SIMGRID -------------------
Host usado           : hpc-node
Carga do job         : 1e+15 FLOPs
Velocidade do host   : 5e+12 flop/s
Duracao do job       : 200 s
Energia do job       : 360000 J
Energia do job       : 0.1 kWh
Potencia media do job: 1.8 kW

-------------------- ENERGIA DO DATA CENTER --------------
Energia IT do job por servidor : 0.1 kWh
Energia IT computacional       : 102.4 kWh
Energia IT rede                : 8.33333 kWh
Energia IT armazenamento       : 4.16667 kWh
Energia IT total               : 114.9 kWh
Energia infraestrutura/PUE     : 28.725 kWh
Energia total do data center   : 143.625 kWh

-------------------- RESULTADO PV-FIRST ----------------
Energia total do data center : 143.625 kWh
Energia vinda da PV        : 0 kWh
Energia vinda da GRID      : 143.625 kWh
CO2 emitido pela GRID      : 14362.5 gCO2 nesta execucao
CO2 evitado pela PV        : 0 gCO2 nesta execucao
CO2 se fosse 100% GRID     : 14362.5 gCO2 nesta execucao

-------------------- FONTE ATENDENDO O JOB --------------
PHOTOVOLTAIC : OFF
GRID         : ON
MODO DA FONTE: GRID
Leitura da fonte: sem energia fotovoltaica suficiente; GRID atendeu o job.

Leitura rapida do experimento:
- o SimGrid mediu 0.1 kWh por job/servidor
- o data center demandou 143.625 kWh no intervalo
- a PV poderia entregar ate 0 kWh nesse mesmo intervalo
- o modelo PV-First priorizou PHOTOVOLTAIC e usou GRID apenas como complemento

Dados salvos em: results/RPVfirst220926.csv

-------------------- RESUMO DE CARBONO DO DIA ------------
Registros do dia           : 18
Energia total do dia       : 2444.07 kWh
Energia PV no dia          : 2094.87 kWh
Energia GRID no dia        : 349.203 kWh
CO2 emitido pela GRID      : 34920.3 gCO2 no dia
CO2 que emitiria sem PV    : 244408 gCO2 no dia
CO2 reduzido pela PV       : 209487 gCO2 no dia

============================================================
SIMULACAO FINALIZADA
============================================================
[2026-09-22 20:44:46] Fonte da rodada: PHOTOVOLTAIC OFF, GRID ON.

============================================================
SIMULACAO PV-FIRST COM JOB DO SIMGRID
============================================================

Fluxo da simulacao:
1) eu verifico local, clima e irradiancia solar
2) o SimGrid executa o job e mede energia, mesmo sem sol
3) o modelo PV-First prioriza Photovoltaic; se faltar, usa GRID

Localizacao configurada manualmente: Belem (-1.4537, -48.5078)

-------------------- DADOS DO LOCAL --------------------
Cidade detectada : Belem
Latitude         : -1.4537
Longitude        : -48.5078
Hora local       : 20:44:53
Dia do ano       : 265

------------------ CONDICOES DO CLIMA ------------------
Cobertura nuvens : 79 %
Chuva            : 0 mm
Temperatura      : 27 C
Vento            : 11.4 km/h

----------------- PERFIL DA SIMULACAO -------------------
Perfil selecionado : hpc_extreme

----------------- CONFIGURACAO DO PAINEL ----------------
Material          : monocrystalline
Face do painel    : bifacial
Area do painel    : 30000 m2
Eficiencia base   : 0.24
Ganho bifacial configurado : 1.2
Ganho aplicado no painel   : 1.2
Fator do material : 1

----------------- PARAMETROS DO DATA CENTER -------------
Servidores ativos equivalentes : 1024
PUE do data center             : 1.25
Carga de rede                  : 150 kW
Carga de armazenamento         : 75 kW

----------------- MODELO FOTOVOLTAICO ------------------
Irradiancia teorica      : 0 W/m2
Irradiancia ajustada     : 0 W/m2
Eficiencia base efetiva  : 0.24
Eficiencia final arranjo : 0.288011
Potencia PV disponivel   : 0 kW

PVFIRST_SEM_IRRADIANCIA
Sem irradiancia util neste instante.
Photovoltaic : OFF
GRID         : ON se houver execucao de job
Modo esperado: GRID atende o job porque a PV nao esta disponivel.
Digite a carga do job em FLOPs (ex: 5e10).
Se quiser usar o valor padrao, e so apertar Enter: 
--------------------- JOB DO SIMGRID -------------------
Host usado           : hpc-node
Carga do job         : 1e+15 FLOPs
Velocidade do host   : 5e+12 flop/s
Duracao do job       : 200 s
Energia do job       : 360000 J
Energia do job       : 0.1 kWh
Potencia media do job: 1.8 kW

-------------------- ENERGIA DO DATA CENTER --------------
Energia IT do job por servidor : 0.1 kWh
Energia IT computacional       : 102.4 kWh
Energia IT rede                : 8.33333 kWh
Energia IT armazenamento       : 4.16667 kWh
Energia IT total               : 114.9 kWh
Energia infraestrutura/PUE     : 28.725 kWh
Energia total do data center   : 143.625 kWh

-------------------- RESULTADO PV-FIRST ----------------
Energia total do data center : 143.625 kWh
Energia vinda da PV        : 0 kWh
Energia vinda da GRID      : 143.625 kWh
CO2 emitido pela GRID      : 14362.5 gCO2 nesta execucao
CO2 evitado pela PV        : 0 gCO2 nesta execucao
CO2 se fosse 100% GRID     : 14362.5 gCO2 nesta execucao

-------------------- FONTE ATENDENDO O JOB --------------
PHOTOVOLTAIC : OFF
GRID         : ON
MODO DA FONTE: GRID
Leitura da fonte: sem energia fotovoltaica suficiente; GRID atendeu o job.

Leitura rapida do experimento:
- o SimGrid mediu 0.1 kWh por job/servidor
- o data center demandou 143.625 kWh no intervalo
- a PV poderia entregar ate 0 kWh nesse mesmo intervalo
- o modelo PV-First priorizou PHOTOVOLTAIC e usou GRID apenas como complemento

Dados salvos em: results/RPVfirst220926.csv

-------------------- RESUMO DE CARBONO DO DIA ------------
Registros do dia           : 19
Energia total do dia       : 2587.7 kWh
Energia PV no dia          : 2094.87 kWh
Energia GRID no dia        : 492.828 kWh
CO2 emitido pela GRID      : 49282.8 gCO2 no dia
CO2 que emitiria sem PV    : 258770 gCO2 no dia
CO2 reduzido pela PV       : 209487 gCO2 no dia

============================================================
SIMULACAO FINALIZADA
============================================================
[2026-09-22 20:44:48] Fonte da rodada: PHOTOVOLTAIC OFF, GRID ON.
[2026-09-22 20:46:06] INTERNET OK: executando simulacao de data center com SimGrid, PHOTOVOLTAIC e GRID...
Preparando ambiente...
[2026-09-22 20:46:09] INTERNET OK: executando simulacao de data center com SimGrid, PHOTOVOLTAIC e GRID...
Preparando ambiente...

============================================================
SIMULACAO PV-FIRST COM JOB DO SIMGRID
============================================================

Fluxo da simulacao:
1) eu verifico local, clima e irradiancia solar
2) o SimGrid executa o job e mede energia, mesmo sem sol
3) o modelo PV-First prioriza Photovoltaic; se faltar, usa GRID

Localizacao configurada manualmente: Belem (-1.4537, -48.5078)

-------------------- DADOS DO LOCAL --------------------
Cidade detectada : Belem
Latitude         : -1.4537
Longitude        : -48.5078
Hora local       : 20:46:14
Dia do ano       : 265

------------------ CONDICOES DO CLIMA ------------------
Cobertura nuvens : 85 %
Chuva            : 0 mm
Temperatura      : 26.8 C
Vento            : 11.5 km/h

----------------- PERFIL DA SIMULACAO -------------------
Perfil selecionado : hpc_extreme

----------------- CONFIGURACAO DO PAINEL ----------------
Material          : monocrystalline
Face do painel    : bifacial
Area do painel    : 30000 m2
Eficiencia base   : 0.24
Ganho bifacial configurado : 1.2
Ganho aplicado no painel   : 1.2
Fator do material : 1

----------------- PARAMETROS DO DATA CENTER -------------
Servidores ativos equivalentes : 1024
PUE do data center             : 1.25
Carga de rede                  : 150 kW
Carga de armazenamento         : 75 kW

----------------- MODELO FOTOVOLTAICO ------------------
Irradiancia teorica      : 0 W/m2
Irradiancia ajustada     : 0 W/m2
Eficiencia base efetiva  : 0.24
Eficiencia final arranjo : 0.288295
Potencia PV disponivel   : 0 kW

PVFIRST_SEM_IRRADIANCIA
Sem irradiancia util neste instante.
Photovoltaic : OFF
GRID         : ON se houver execucao de job
Modo esperado: GRID atende o job porque a PV nao esta disponivel.
Digite a carga do job em FLOPs (ex: 5e10).
Se quiser usar o valor padrao, e so apertar Enter: 
--------------------- JOB DO SIMGRID -------------------
Host usado           : hpc-node
Carga do job         : 1e+15 FLOPs
Velocidade do host   : 5e+12 flop/s
Duracao do job       : 200 s
Energia do job       : 360000 J
Energia do job       : 0.1 kWh
Potencia media do job: 1.8 kW

-------------------- ENERGIA DO DATA CENTER --------------
Energia IT do job por servidor : 0.1 kWh
Energia IT computacional       : 102.4 kWh
Energia IT rede                : 8.33333 kWh
Energia IT armazenamento       : 4.16667 kWh
Energia IT total               : 114.9 kWh
Energia infraestrutura/PUE     : 28.725 kWh
Energia total do data center   : 143.625 kWh

-------------------- RESULTADO PV-FIRST ----------------
Energia total do data center : 143.625 kWh
Energia vinda da PV        : 0 kWh
Energia vinda da GRID      : 143.625 kWh
CO2 emitido pela GRID      : 14362.5 gCO2 nesta execucao
CO2 evitado pela PV        : 0 gCO2 nesta execucao
CO2 se fosse 100% GRID     : 14362.5 gCO2 nesta execucao

-------------------- FONTE ATENDENDO O JOB --------------
PHOTOVOLTAIC : OFF
GRID         : ON
MODO DA FONTE: GRID
Leitura da fonte: sem energia fotovoltaica suficiente; GRID atendeu o job.

Leitura rapida do experimento:
- o SimGrid mediu 0.1 kWh por job/servidor
- o data center demandou 143.625 kWh no intervalo
- a PV poderia entregar ate 0 kWh nesse mesmo intervalo
- o modelo PV-First priorizou PHOTOVOLTAIC e usou GRID apenas como complemento

Dados salvos em: results/RPVfirst220926.csv

-------------------- RESUMO DE CARBONO DO DIA ------------
Registros do dia           : 20
Energia total do dia       : 2731.32 kWh
Energia PV no dia          : 2094.87 kWh
Energia GRID no dia        : 636.453 kWh
CO2 emitido pela GRID      : 63645.3 gCO2 no dia
CO2 que emitiria sem PV    : 273132 gCO2 no dia
CO2 reduzido pela PV       : 209487 gCO2 no dia

============================================================
SIMULACAO FINALIZADA
============================================================
[2026-09-22 20:46:06] Fonte da rodada: PHOTOVOLTAIC OFF, GRID ON.

============================================================
SIMULACAO PV-FIRST COM JOB DO SIMGRID
============================================================

Fluxo da simulacao:
1) eu verifico local, clima e irradiancia solar
2) o SimGrid executa o job e mede energia, mesmo sem sol
3) o modelo PV-First prioriza Photovoltaic; se faltar, usa GRID

Localizacao configurada manualmente: Belem (-1.4537, -48.5078)

-------------------- DADOS DO LOCAL --------------------
Cidade detectada : Belem
Latitude         : -1.4537
Longitude        : -48.5078
Hora local       : 20:46:16
Dia do ano       : 265

------------------ CONDICOES DO CLIMA ------------------
Cobertura nuvens : 85 %
Chuva            : 0 mm
Temperatura      : 26.8 C
Vento            : 11.5 km/h

----------------- PERFIL DA SIMULACAO -------------------
Perfil selecionado : hpc_extreme

----------------- CONFIGURACAO DO PAINEL ----------------
Material          : monocrystalline
Face do painel    : bifacial
Area do painel    : 30000 m2
Eficiencia base   : 0.24
Ganho bifacial configurado : 1.2
Ganho aplicado no painel   : 1.2
Fator do material : 1

----------------- PARAMETROS DO DATA CENTER -------------
Servidores ativos equivalentes : 1024
PUE do data center             : 1.25
Carga de rede                  : 150 kW
Carga de armazenamento         : 75 kW

----------------- MODELO FOTOVOLTAICO ------------------
Irradiancia teorica      : 0 W/m2
Irradiancia ajustada     : 0 W/m2
Eficiencia base efetiva  : 0.24
Eficiencia final arranjo : 0.288295
Potencia PV disponivel   : 0 kW

PVFIRST_SEM_IRRADIANCIA
Sem irradiancia util neste instante.
Photovoltaic : OFF
GRID         : ON se houver execucao de job
Modo esperado: GRID atende o job porque a PV nao esta disponivel.
Digite a carga do job em FLOPs (ex: 5e10).
Se quiser usar o valor padrao, e so apertar Enter: 
--------------------- JOB DO SIMGRID -------------------
Host usado           : hpc-node
Carga do job         : 1e+15 FLOPs
Velocidade do host   : 5e+12 flop/s
Duracao do job       : 200 s
Energia do job       : 360000 J
Energia do job       : 0.1 kWh
Potencia media do job: 1.8 kW

-------------------- ENERGIA DO DATA CENTER --------------
Energia IT do job por servidor : 0.1 kWh
Energia IT computacional       : 102.4 kWh
Energia IT rede                : 8.33333 kWh
Energia IT armazenamento       : 4.16667 kWh
Energia IT total               : 114.9 kWh
Energia infraestrutura/PUE     : 28.725 kWh
Energia total do data center   : 143.625 kWh

-------------------- RESULTADO PV-FIRST ----------------
Energia total do data center : 143.625 kWh
Energia vinda da PV        : 0 kWh
Energia vinda da GRID      : 143.625 kWh
CO2 emitido pela GRID      : 14362.5 gCO2 nesta execucao
CO2 evitado pela PV        : 0 gCO2 nesta execucao
CO2 se fosse 100% GRID     : 14362.5 gCO2 nesta execucao

-------------------- FONTE ATENDENDO O JOB --------------
PHOTOVOLTAIC : OFF
GRID         : ON
MODO DA FONTE: GRID
Leitura da fonte: sem energia fotovoltaica suficiente; GRID atendeu o job.

Leitura rapida do experimento:
- o SimGrid mediu 0.1 kWh por job/servidor
- o data center demandou 143.625 kWh no intervalo
- a PV poderia entregar ate 0 kWh nesse mesmo intervalo
- o modelo PV-First priorizou PHOTOVOLTAIC e usou GRID apenas como complemento

Dados salvos em: results/RPVfirst220926.csv

-------------------- RESUMO DE CARBONO DO DIA ------------
Registros do dia           : 21
Energia total do dia       : 2874.95 kWh
Energia PV no dia          : 2094.87 kWh
Energia GRID no dia        : 780.078 kWh
CO2 emitido pela GRID      : 78007.8 gCO2 no dia
CO2 que emitiria sem PV    : 287495 gCO2 no dia
CO2 reduzido pela PV       : 209487 gCO2 no dia

============================================================
SIMULACAO FINALIZADA
============================================================
[2026-09-22 20:46:09] Fonte da rodada: PHOTOVOLTAIC OFF, GRID ON.
[2026-09-22 20:47:29] INTERNET OK: executando simulacao de data center com SimGrid, PHOTOVOLTAIC e GRID...
Preparando ambiente...
[2026-09-22 20:47:31] INTERNET OK: executando simulacao de data center com SimGrid, PHOTOVOLTAIC e GRID...
Preparando ambiente...

============================================================
SIMULACAO PV-FIRST COM JOB DO SIMGRID
============================================================

Fluxo da simulacao:
1) eu verifico local, clima e irradiancia solar
2) o SimGrid executa o job e mede energia, mesmo sem sol
3) o modelo PV-First prioriza Photovoltaic; se faltar, usa GRID

Localizacao configurada manualmente: Belem (-1.4537, -48.5078)

-------------------- DADOS DO LOCAL --------------------
Cidade detectada : Belem
Latitude         : -1.4537
Longitude        : -48.5078
Hora local       : 20:47:36
Dia do ano       : 265

------------------ CONDICOES DO CLIMA ------------------
Cobertura nuvens : 85 %
Chuva            : 0 mm
Temperatura      : 26.8 C
Vento            : 11.5 km/h

----------------- PERFIL DA SIMULACAO -------------------
Perfil selecionado : hpc_extreme

----------------- CONFIGURACAO DO PAINEL ----------------
Material          : monocrystalline
Face do painel    : bifacial
Area do painel    : 30000 m2
Eficiencia base   : 0.24
Ganho bifacial configurado : 1.2
Ganho aplicado no painel   : 1.2
Fator do material : 1

----------------- PARAMETROS DO DATA CENTER -------------
Servidores ativos equivalentes : 1024
PUE do data center             : 1.25
Carga de rede                  : 150 kW
Carga de armazenamento         : 75 kW

----------------- MODELO FOTOVOLTAICO ------------------
Irradiancia teorica      : 0 W/m2
Irradiancia ajustada     : 0 W/m2
Eficiencia base efetiva  : 0.24
Eficiencia final arranjo : 0.288295
Potencia PV disponivel   : 0 kW

PVFIRST_SEM_IRRADIANCIA
Sem irradiancia util neste instante.
Photovoltaic : OFF
GRID         : ON se houver execucao de job
Modo esperado: GRID atende o job porque a PV nao esta disponivel.
Digite a carga do job em FLOPs (ex: 5e10).
Se quiser usar o valor padrao, e so apertar Enter: 
--------------------- JOB DO SIMGRID -------------------
Host usado           : hpc-node
Carga do job         : 1e+15 FLOPs
Velocidade do host   : 5e+12 flop/s
Duracao do job       : 200 s
Energia do job       : 360000 J
Energia do job       : 0.1 kWh
Potencia media do job: 1.8 kW

-------------------- ENERGIA DO DATA CENTER --------------
Energia IT do job por servidor : 0.1 kWh
Energia IT computacional       : 102.4 kWh
Energia IT rede                : 8.33333 kWh
Energia IT armazenamento       : 4.16667 kWh
Energia IT total               : 114.9 kWh
Energia infraestrutura/PUE     : 28.725 kWh
Energia total do data center   : 143.625 kWh

-------------------- RESULTADO PV-FIRST ----------------
Energia total do data center : 143.625 kWh
Energia vinda da PV        : 0 kWh
Energia vinda da GRID      : 143.625 kWh
CO2 emitido pela GRID      : 14362.5 gCO2 nesta execucao
CO2 evitado pela PV        : 0 gCO2 nesta execucao
CO2 se fosse 100% GRID     : 14362.5 gCO2 nesta execucao

-------------------- FONTE ATENDENDO O JOB --------------
PHOTOVOLTAIC : OFF
GRID         : ON
MODO DA FONTE: GRID
Leitura da fonte: sem energia fotovoltaica suficiente; GRID atendeu o job.

Leitura rapida do experimento:
- o SimGrid mediu 0.1 kWh por job/servidor
- o data center demandou 143.625 kWh no intervalo
- a PV poderia entregar ate 0 kWh nesse mesmo intervalo
- o modelo PV-First priorizou PHOTOVOLTAIC e usou GRID apenas como complemento

Dados salvos em: results/RPVfirst220926.csv

-------------------- RESUMO DE CARBONO DO DIA ------------
Registros do dia           : 22
Energia total do dia       : 3018.57 kWh
Energia PV no dia          : 2094.87 kWh
Energia GRID no dia        : 923.703 kWh
CO2 emitido pela GRID      : 92370.3 gCO2 no dia
CO2 que emitiria sem PV    : 301858 gCO2 no dia
CO2 reduzido pela PV       : 209487 gCO2 no dia

============================================================
SIMULACAO FINALIZADA
============================================================
[2026-09-22 20:47:29] Fonte da rodada: PHOTOVOLTAIC OFF, GRID ON.

============================================================
SIMULACAO PV-FIRST COM JOB DO SIMGRID
============================================================

Fluxo da simulacao:
1) eu verifico local, clima e irradiancia solar
2) o SimGrid executa o job e mede energia, mesmo sem sol
3) o modelo PV-First prioriza Photovoltaic; se faltar, usa GRID

Localizacao configurada manualmente: Belem (-1.4537, -48.5078)

-------------------- DADOS DO LOCAL --------------------
Cidade detectada : Belem
Latitude         : -1.4537
Longitude        : -48.5078
Hora local       : 20:47:38
Dia do ano       : 265

------------------ CONDICOES DO CLIMA ------------------
Cobertura nuvens : 85 %
Chuva            : 0 mm
Temperatura      : 26.8 C
Vento            : 11.5 km/h

----------------- PERFIL DA SIMULACAO -------------------
Perfil selecionado : hpc_extreme

----------------- CONFIGURACAO DO PAINEL ----------------
Material          : monocrystalline
Face do painel    : bifacial
Area do painel    : 30000 m2
Eficiencia base   : 0.24
Ganho bifacial configurado : 1.2
Ganho aplicado no painel   : 1.2
Fator do material : 1

----------------- PARAMETROS DO DATA CENTER -------------
Servidores ativos equivalentes : 1024
PUE do data center             : 1.25
Carga de rede                  : 150 kW
Carga de armazenamento         : 75 kW

----------------- MODELO FOTOVOLTAICO ------------------
Irradiancia teorica      : 0 W/m2
Irradiancia ajustada     : 0 W/m2
Eficiencia base efetiva  : 0.24
Eficiencia final arranjo : 0.288295
Potencia PV disponivel   : 0 kW

PVFIRST_SEM_IRRADIANCIA
Sem irradiancia util neste instante.
Photovoltaic : OFF
GRID         : ON se houver execucao de job
Modo esperado: GRID atende o job porque a PV nao esta disponivel.
Digite a carga do job em FLOPs (ex: 5e10).
Se quiser usar o valor padrao, e so apertar Enter: 
--------------------- JOB DO SIMGRID -------------------
Host usado           : hpc-node
Carga do job         : 1e+15 FLOPs
Velocidade do host   : 5e+12 flop/s
Duracao do job       : 200 s
Energia do job       : 360000 J
Energia do job       : 0.1 kWh
Potencia media do job: 1.8 kW

-------------------- ENERGIA DO DATA CENTER --------------
Energia IT do job por servidor : 0.1 kWh
Energia IT computacional       : 102.4 kWh
Energia IT rede                : 8.33333 kWh
Energia IT armazenamento       : 4.16667 kWh
Energia IT total               : 114.9 kWh
Energia infraestrutura/PUE     : 28.725 kWh
Energia total do data center   : 143.625 kWh

-------------------- RESULTADO PV-FIRST ----------------
Energia total do data center : 143.625 kWh
Energia vinda da PV        : 0 kWh
Energia vinda da GRID      : 143.625 kWh
CO2 emitido pela GRID      : 14362.5 gCO2 nesta execucao
CO2 evitado pela PV        : 0 gCO2 nesta execucao
CO2 se fosse 100% GRID     : 14362.5 gCO2 nesta execucao

-------------------- FONTE ATENDENDO O JOB --------------
PHOTOVOLTAIC : OFF
GRID         : ON
MODO DA FONTE: GRID
Leitura da fonte: sem energia fotovoltaica suficiente; GRID atendeu o job.

Leitura rapida do experimento:
- o SimGrid mediu 0.1 kWh por job/servidor
- o data center demandou 143.625 kWh no intervalo
- a PV poderia entregar ate 0 kWh nesse mesmo intervalo
- o modelo PV-First priorizou PHOTOVOLTAIC e usou GRID apenas como complemento

Dados salvos em: results/RPVfirst220926.csv

-------------------- RESUMO DE CARBONO DO DIA ------------
Registros do dia           : 23
Energia total do dia       : 3162.2 kWh
Energia PV no dia          : 2094.87 kWh
Energia GRID no dia        : 1067.33 kWh
CO2 emitido pela GRID      : 106733 gCO2 no dia
CO2 que emitiria sem PV    : 316220 gCO2 no dia
CO2 reduzido pela PV       : 209487 gCO2 no dia

============================================================
SIMULACAO FINALIZADA
============================================================
[2026-09-22 20:47:31] Fonte da rodada: PHOTOVOLTAIC OFF, GRID ON.
[2026-09-22 20:48:52] SEM INTERNET: coleta continua em segundo plano. Nenhuma linha sera salva no CSV ate a internet voltar.
[2026-09-22 20:48:54] SEM INTERNET: coleta continua em segundo plano. Nenhuma linha sera salva no CSV ate a internet voltar.
[2026-09-22 20:49:53] INTERNET OK: executando simulacao de data center com SimGrid, PHOTOVOLTAIC e GRID...
Preparando ambiente...
[2026-09-22 20:49:56] SEM INTERNET: coleta continua em segundo plano. Nenhuma linha sera salva no CSV ate a internet voltar.

============================================================
SIMULACAO PV-FIRST COM JOB DO SIMGRID
============================================================

Fluxo da simulacao:
1) eu verifico local, clima e irradiancia solar
2) o SimGrid executa o job e mede energia, mesmo sem sol
3) o modelo PV-First prioriza Photovoltaic; se faltar, usa GRID

Localizacao configurada manualmente: Belem (-1.4537, -48.5078)

-------------------- DADOS DO LOCAL --------------------
Cidade detectada : Belem
Latitude         : -1.4537
Longitude        : -48.5078
Hora local       : 20:50:02
Dia do ano       : 265

------------------ CONDICOES DO CLIMA ------------------
Cobertura nuvens : 85 %
Chuva            : 0 mm
Temperatura      : 26.8 C
Vento            : 11.5 km/h

----------------- PERFIL DA SIMULACAO -------------------
Perfil selecionado : hpc_extreme

----------------- CONFIGURACAO DO PAINEL ----------------
Material          : monocrystalline
Face do painel    : bifacial
Area do painel    : 30000 m2
Eficiencia base   : 0.24
Ganho bifacial configurado : 1.2
Ganho aplicado no painel   : 1.2
Fator do material : 1

----------------- PARAMETROS DO DATA CENTER -------------
Servidores ativos equivalentes : 1024
PUE do data center             : 1.25
Carga de rede                  : 150 kW
Carga de armazenamento         : 75 kW

----------------- MODELO FOTOVOLTAICO ------------------
Irradiancia teorica      : 0 W/m2
Irradiancia ajustada     : 0 W/m2
Eficiencia base efetiva  : 0.24
Eficiencia final arranjo : 0.288295
Potencia PV disponivel   : 0 kW

PVFIRST_SEM_IRRADIANCIA
Sem irradiancia util neste instante.
Photovoltaic : OFF
GRID         : ON se houver execucao de job
Modo esperado: GRID atende o job porque a PV nao esta disponivel.
Digite a carga do job em FLOPs (ex: 5e10).
Se quiser usar o valor padrao, e so apertar Enter: 
--------------------- JOB DO SIMGRID -------------------
Host usado           : hpc-node
Carga do job         : 1e+15 FLOPs
Velocidade do host   : 5e+12 flop/s
Duracao do job       : 200 s
Energia do job       : 360000 J
Energia do job       : 0.1 kWh
Potencia media do job: 1.8 kW

-------------------- ENERGIA DO DATA CENTER --------------
Energia IT do job por servidor : 0.1 kWh
Energia IT computacional       : 102.4 kWh
Energia IT rede                : 8.33333 kWh
Energia IT armazenamento       : 4.16667 kWh
Energia IT total               : 114.9 kWh
Energia infraestrutura/PUE     : 28.725 kWh
Energia total do data center   : 143.625 kWh

-------------------- RESULTADO PV-FIRST ----------------
Energia total do data center : 143.625 kWh
Energia vinda da PV        : 0 kWh
Energia vinda da GRID      : 143.625 kWh
CO2 emitido pela GRID      : 14362.5 gCO2 nesta execucao
CO2 evitado pela PV        : 0 gCO2 nesta execucao
CO2 se fosse 100% GRID     : 14362.5 gCO2 nesta execucao

-------------------- FONTE ATENDENDO O JOB --------------
PHOTOVOLTAIC : OFF
GRID         : ON
MODO DA FONTE: GRID
Leitura da fonte: sem energia fotovoltaica suficiente; GRID atendeu o job.

Leitura rapida do experimento:
- o SimGrid mediu 0.1 kWh por job/servidor
- o data center demandou 143.625 kWh no intervalo
- a PV poderia entregar ate 0 kWh nesse mesmo intervalo
- o modelo PV-First priorizou PHOTOVOLTAIC e usou GRID apenas como complemento

Dados salvos em: results/RPVfirst220926.csv

-------------------- RESUMO DE CARBONO DO DIA ------------
Registros do dia           : 24
Energia total do dia       : 3305.82 kWh
Energia PV no dia          : 2094.87 kWh
Energia GRID no dia        : 1210.95 kWh
CO2 emitido pela GRID      : 121095 gCO2 no dia
CO2 que emitiria sem PV    : 330582 gCO2 no dia
CO2 reduzido pela PV       : 209487 gCO2 no dia

============================================================
SIMULACAO FINALIZADA
============================================================
[2026-09-22 20:49:53] Fonte da rodada: PHOTOVOLTAIC OFF, GRID ON.
[2026-09-22 20:50:57] SEM INTERNET: coleta continua em segundo plano. Nenhuma linha sera salva no CSV ate a internet voltar.
[2026-09-22 20:51:46] INTERNET OK: executando simulacao de data center com SimGrid, PHOTOVOLTAIC e GRID...
Preparando ambiente...

============================================================
SIMULACAO PV-FIRST COM JOB DO SIMGRID
============================================================

Fluxo da simulacao:
1) eu verifico local, clima e irradiancia solar
2) o SimGrid executa o job e mede energia, mesmo sem sol
3) o modelo PV-First prioriza Photovoltaic; se faltar, usa GRID

Localizacao configurada manualmente: Belem (-1.4537, -48.5078)

-------------------- DADOS DO LOCAL --------------------
Cidade detectada : Belem
Latitude         : -1.4537
Longitude        : -48.5078
Hora local       : 20:51:53
Dia do ano       : 265

------------------ CONDICOES DO CLIMA ------------------
Cobertura nuvens : 85 %
Chuva            : 0 mm
Temperatura      : 26.8 C
Vento            : 11.5 km/h

----------------- PERFIL DA SIMULACAO -------------------
Perfil selecionado : hpc_extreme

----------------- CONFIGURACAO DO PAINEL ----------------
Material          : monocrystalline
Face do painel    : bifacial
Area do painel    : 30000 m2
Eficiencia base   : 0.24
Ganho bifacial configurado : 1.2
Ganho aplicado no painel   : 1.2
Fator do material : 1

----------------- PARAMETROS DO DATA CENTER -------------
Servidores ativos equivalentes : 1024
PUE do data center             : 1.25
Carga de rede                  : 150 kW
Carga de armazenamento         : 75 kW

----------------- MODELO FOTOVOLTAICO ------------------
Irradiancia teorica      : 0 W/m2
Irradiancia ajustada     : 0 W/m2
Eficiencia base efetiva  : 0.24
Eficiencia final arranjo : 0.288295
Potencia PV disponivel   : 0 kW

PVFIRST_SEM_IRRADIANCIA
Sem irradiancia util neste instante.
Photovoltaic : OFF
GRID         : ON se houver execucao de job
Modo esperado: GRID atende o job porque a PV nao esta disponivel.
Digite a carga do job em FLOPs (ex: 5e10).
Se quiser usar o valor padrao, e so apertar Enter: 
--------------------- JOB DO SIMGRID -------------------
Host usado           : hpc-node
Carga do job         : 1e+15 FLOPs
Velocidade do host   : 5e+12 flop/s
Duracao do job       : 200 s
Energia do job       : 360000 J
Energia do job       : 0.1 kWh
Potencia media do job: 1.8 kW

-------------------- ENERGIA DO DATA CENTER --------------
Energia IT do job por servidor : 0.1 kWh
Energia IT computacional       : 102.4 kWh
Energia IT rede                : 8.33333 kWh
Energia IT armazenamento       : 4.16667 kWh
Energia IT total               : 114.9 kWh
Energia infraestrutura/PUE     : 28.725 kWh
Energia total do data center   : 143.625 kWh

-------------------- RESULTADO PV-FIRST ----------------
Energia total do data center : 143.625 kWh
Energia vinda da PV        : 0 kWh
Energia vinda da GRID      : 143.625 kWh
CO2 emitido pela GRID      : 14362.5 gCO2 nesta execucao
CO2 evitado pela PV        : 0 gCO2 nesta execucao
CO2 se fosse 100% GRID     : 14362.5 gCO2 nesta execucao

-------------------- FONTE ATENDENDO O JOB --------------
PHOTOVOLTAIC : OFF
GRID         : ON
MODO DA FONTE: GRID
Leitura da fonte: sem energia fotovoltaica suficiente; GRID atendeu o job.

Leitura rapida do experimento:
- o SimGrid mediu 0.1 kWh por job/servidor
- o data center demandou 143.625 kWh no intervalo
- a PV poderia entregar ate 0 kWh nesse mesmo intervalo
- o modelo PV-First priorizou PHOTOVOLTAIC e usou GRID apenas como complemento

Dados salvos em: results/RPVfirst220926.csv

-------------------- RESUMO DE CARBONO DO DIA ------------
Registros do dia           : 25
Energia total do dia       : 3449.45 kWh
Energia PV no dia          : 2094.87 kWh
Energia GRID no dia        : 1354.58 kWh
CO2 emitido pela GRID      : 135458 gCO2 no dia
CO2 que emitiria sem PV    : 344945 gCO2 no dia
CO2 reduzido pela PV       : 209487 gCO2 no dia

============================================================
SIMULACAO FINALIZADA
============================================================
[2026-09-22 20:51:46] Fonte da rodada: PHOTOVOLTAIC OFF, GRID ON.
[2026-09-22 20:52:02] INTERNET OK: executando simulacao de data center com SimGrid, PHOTOVOLTAIC e GRID...
Preparando ambiente...

============================================================
SIMULACAO PV-FIRST COM JOB DO SIMGRID
============================================================

Fluxo da simulacao:
1) eu verifico local, clima e irradiancia solar
2) o SimGrid executa o job e mede energia, mesmo sem sol
3) o modelo PV-First prioriza Photovoltaic; se faltar, usa GRID

Localizacao configurada manualmente: Belem (-1.4537, -48.5078)

-------------------- DADOS DO LOCAL --------------------
Cidade detectada : Belem
Latitude         : -1.4537
Longitude        : -48.5078
Hora local       : 20:52:09
Dia do ano       : 265

------------------ CONDICOES DO CLIMA ------------------
Cobertura nuvens : 85 %
Chuva            : 0 mm
Temperatura      : 26.8 C
Vento            : 11.5 km/h

----------------- PERFIL DA SIMULACAO -------------------
Perfil selecionado : hpc_extreme

----------------- CONFIGURACAO DO PAINEL ----------------
Material          : monocrystalline
Face do painel    : bifacial
Area do painel    : 30000 m2
Eficiencia base   : 0.24
Ganho bifacial configurado : 1.2
Ganho aplicado no painel   : 1.2
Fator do material : 1

----------------- PARAMETROS DO DATA CENTER -------------
Servidores ativos equivalentes : 1024
PUE do data center             : 1.25
Carga de rede                  : 150 kW
Carga de armazenamento         : 75 kW

----------------- MODELO FOTOVOLTAICO ------------------
Irradiancia teorica      : 0 W/m2
Irradiancia ajustada     : 0 W/m2
Eficiencia base efetiva  : 0.24
Eficiencia final arranjo : 0.288295
Potencia PV disponivel   : 0 kW

PVFIRST_SEM_IRRADIANCIA
Sem irradiancia util neste instante.
Photovoltaic : OFF
GRID         : ON se houver execucao de job
Modo esperado: GRID atende o job porque a PV nao esta disponivel.
Digite a carga do job em FLOPs (ex: 5e10).
Se quiser usar o valor padrao, e so apertar Enter: 
--------------------- JOB DO SIMGRID -------------------
Host usado           : hpc-node
Carga do job         : 1e+15 FLOPs
Velocidade do host   : 5e+12 flop/s
Duracao do job       : 200 s
Energia do job       : 360000 J
Energia do job       : 0.1 kWh
Potencia media do job: 1.8 kW

-------------------- ENERGIA DO DATA CENTER --------------
Energia IT do job por servidor : 0.1 kWh
Energia IT computacional       : 102.4 kWh
Energia IT rede                : 8.33333 kWh
Energia IT armazenamento       : 4.16667 kWh
Energia IT total               : 114.9 kWh
Energia infraestrutura/PUE     : 28.725 kWh
Energia total do data center   : 143.625 kWh

-------------------- RESULTADO PV-FIRST ----------------
Energia total do data center : 143.625 kWh
Energia vinda da PV        : 0 kWh
Energia vinda da GRID      : 143.625 kWh
CO2 emitido pela GRID      : 14362.5 gCO2 nesta execucao
CO2 evitado pela PV        : 0 gCO2 nesta execucao
CO2 se fosse 100% GRID     : 14362.5 gCO2 nesta execucao

-------------------- FONTE ATENDENDO O JOB --------------
PHOTOVOLTAIC : OFF
GRID         : ON
MODO DA FONTE: GRID
Leitura da fonte: sem energia fotovoltaica suficiente; GRID atendeu o job.

Leitura rapida do experimento:
- o SimGrid mediu 0.1 kWh por job/servidor
- o data center demandou 143.625 kWh no intervalo
- a PV poderia entregar ate 0 kWh nesse mesmo intervalo
- o modelo PV-First priorizou PHOTOVOLTAIC e usou GRID apenas como complemento

Dados salvos em: results/RPVfirst220926.csv

-------------------- RESUMO DE CARBONO DO DIA ------------
Registros do dia           : 26
Energia total do dia       : 3593.07 kWh
Energia PV no dia          : 2094.87 kWh
Energia GRID no dia        : 1498.2 kWh
CO2 emitido pela GRID      : 149820 gCO2 no dia
CO2 que emitiria sem PV    : 359308 gCO2 no dia
CO2 reduzido pela PV       : 209487 gCO2 no dia

============================================================
SIMULACAO FINALIZADA
============================================================
[2026-09-22 20:52:02] Fonte da rodada: PHOTOVOLTAIC OFF, GRID ON.
[2026-09-22 20:53:08] INTERNET OK: executando simulacao de data center com SimGrid, PHOTOVOLTAIC e GRID...
Preparando ambiente...

============================================================
SIMULACAO PV-FIRST COM JOB DO SIMGRID
============================================================

Fluxo da simulacao:
1) eu verifico local, clima e irradiancia solar
2) o SimGrid executa o job e mede energia, mesmo sem sol
3) o modelo PV-First prioriza Photovoltaic; se faltar, usa GRID

Localizacao configurada manualmente: Belem (-1.4537, -48.5078)

-------------------- DADOS DO LOCAL --------------------
Cidade detectada : Belem
Latitude         : -1.4537
Longitude        : -48.5078
Hora local       : 20:53:16
Dia do ano       : 265

------------------ CONDICOES DO CLIMA ------------------
Cobertura nuvens : 85 %
Chuva            : 0 mm
Temperatura      : 26.8 C
Vento            : 11.5 km/h

----------------- PERFIL DA SIMULACAO -------------------
Perfil selecionado : hpc_extreme

----------------- CONFIGURACAO DO PAINEL ----------------
Material          : monocrystalline
Face do painel    : bifacial
Area do painel    : 30000 m2
Eficiencia base   : 0.24
Ganho bifacial configurado : 1.2
Ganho aplicado no painel   : 1.2
Fator do material : 1

----------------- PARAMETROS DO DATA CENTER -------------
Servidores ativos equivalentes : 1024
PUE do data center             : 1.25
Carga de rede                  : 150 kW
Carga de armazenamento         : 75 kW

----------------- MODELO FOTOVOLTAICO ------------------
Irradiancia teorica      : 0 W/m2
Irradiancia ajustada     : 0 W/m2
Eficiencia base efetiva  : 0.24
Eficiencia final arranjo : 0.288295
Potencia PV disponivel   : 0 kW

PVFIRST_SEM_IRRADIANCIA
Sem irradiancia util neste instante.
Photovoltaic : OFF
GRID         : ON se houver execucao de job
Modo esperado: GRID atende o job porque a PV nao esta disponivel.
Digite a carga do job em FLOPs (ex: 5e10).
Se quiser usar o valor padrao, e so apertar Enter: 
--------------------- JOB DO SIMGRID -------------------
Host usado           : hpc-node
Carga do job         : 1e+15 FLOPs
Velocidade do host   : 5e+12 flop/s
Duracao do job       : 200 s
Energia do job       : 360000 J
Energia do job       : 0.1 kWh
Potencia media do job: 1.8 kW

-------------------- ENERGIA DO DATA CENTER --------------
Energia IT do job por servidor : 0.1 kWh
Energia IT computacional       : 102.4 kWh
Energia IT rede                : 8.33333 kWh
Energia IT armazenamento       : 4.16667 kWh
Energia IT total               : 114.9 kWh
Energia infraestrutura/PUE     : 28.725 kWh
Energia total do data center   : 143.625 kWh

-------------------- RESULTADO PV-FIRST ----------------
Energia total do data center : 143.625 kWh
Energia vinda da PV        : 0 kWh
Energia vinda da GRID      : 143.625 kWh
CO2 emitido pela GRID      : 14362.5 gCO2 nesta execucao
CO2 evitado pela PV        : 0 gCO2 nesta execucao
CO2 se fosse 100% GRID     : 14362.5 gCO2 nesta execucao

-------------------- FONTE ATENDENDO O JOB --------------
PHOTOVOLTAIC : OFF
GRID         : ON
MODO DA FONTE: GRID
Leitura da fonte: sem energia fotovoltaica suficiente; GRID atendeu o job.

Leitura rapida do experimento:
- o SimGrid mediu 0.1 kWh por job/servidor
- o data center demandou 143.625 kWh no intervalo
- a PV poderia entregar ate 0 kWh nesse mesmo intervalo
- o modelo PV-First priorizou PHOTOVOLTAIC e usou GRID apenas como complemento

Dados salvos em: results/RPVfirst220926.csv

-------------------- RESUMO DE CARBONO DO DIA ------------
Registros do dia           : 27
Energia total do dia       : 3736.7 kWh
Energia PV no dia          : 2094.87 kWh
Energia GRID no dia        : 1641.83 kWh
CO2 emitido pela GRID      : 164183 gCO2 no dia
CO2 que emitiria sem PV    : 373670 gCO2 no dia
CO2 reduzido pela PV       : 209487 gCO2 no dia

============================================================
SIMULACAO FINALIZADA
============================================================
[2026-09-22 20:53:08] Fonte da rodada: PHOTOVOLTAIC OFF, GRID ON.
[2026-09-22 20:53:23] INTERNET OK: executando simulacao de data center com SimGrid, PHOTOVOLTAIC e GRID...
Preparando ambiente...

============================================================
SIMULACAO PV-FIRST COM JOB DO SIMGRID
============================================================

Fluxo da simulacao:
1) eu verifico local, clima e irradiancia solar
2) o SimGrid executa o job e mede energia, mesmo sem sol
3) o modelo PV-First prioriza Photovoltaic; se faltar, usa GRID

Localizacao configurada manualmente: Belem (-1.4537, -48.5078)

-------------------- DADOS DO LOCAL --------------------
Cidade detectada : Belem
Latitude         : -1.4537
Longitude        : -48.5078
Hora local       : 20:53:30
Dia do ano       : 265

------------------ CONDICOES DO CLIMA ------------------
Cobertura nuvens : 85 %
Chuva            : 0 mm
Temperatura      : 26.8 C
Vento            : 11.5 km/h

----------------- PERFIL DA SIMULACAO -------------------
Perfil selecionado : hpc_extreme

----------------- CONFIGURACAO DO PAINEL ----------------
Material          : monocrystalline
Face do painel    : bifacial
Area do painel    : 30000 m2
Eficiencia base   : 0.24
Ganho bifacial configurado : 1.2
Ganho aplicado no painel   : 1.2
Fator do material : 1

----------------- PARAMETROS DO DATA CENTER -------------
Servidores ativos equivalentes : 1024
PUE do data center             : 1.25
Carga de rede                  : 150 kW
Carga de armazenamento         : 75 kW

----------------- MODELO FOTOVOLTAICO ------------------
Irradiancia teorica      : 0 W/m2
Irradiancia ajustada     : 0 W/m2
Eficiencia base efetiva  : 0.24
Eficiencia final arranjo : 0.288295
Potencia PV disponivel   : 0 kW

PVFIRST_SEM_IRRADIANCIA
Sem irradiancia util neste instante.
Photovoltaic : OFF
GRID         : ON se houver execucao de job
Modo esperado: GRID atende o job porque a PV nao esta disponivel.
Digite a carga do job em FLOPs (ex: 5e10).
Se quiser usar o valor padrao, e so apertar Enter: 
--------------------- JOB DO SIMGRID -------------------
Host usado           : hpc-node
Carga do job         : 1e+15 FLOPs
Velocidade do host   : 5e+12 flop/s
Duracao do job       : 200 s
Energia do job       : 360000 J
Energia do job       : 0.1 kWh
Potencia media do job: 1.8 kW

-------------------- ENERGIA DO DATA CENTER --------------
Energia IT do job por servidor : 0.1 kWh
Energia IT computacional       : 102.4 kWh
Energia IT rede                : 8.33333 kWh
Energia IT armazenamento       : 4.16667 kWh
Energia IT total               : 114.9 kWh
Energia infraestrutura/PUE     : 28.725 kWh
Energia total do data center   : 143.625 kWh

-------------------- RESULTADO PV-FIRST ----------------
Energia total do data center : 143.625 kWh
Energia vinda da PV        : 0 kWh
Energia vinda da GRID      : 143.625 kWh
CO2 emitido pela GRID      : 14362.5 gCO2 nesta execucao
CO2 evitado pela PV        : 0 gCO2 nesta execucao
CO2 se fosse 100% GRID     : 14362.5 gCO2 nesta execucao

-------------------- FONTE ATENDENDO O JOB --------------
PHOTOVOLTAIC : OFF
GRID         : ON
MODO DA FONTE: GRID
Leitura da fonte: sem energia fotovoltaica suficiente; GRID atendeu o job.

Leitura rapida do experimento:
- o SimGrid mediu 0.1 kWh por job/servidor
- o data center demandou 143.625 kWh no intervalo
- a PV poderia entregar ate 0 kWh nesse mesmo intervalo
- o modelo PV-First priorizou PHOTOVOLTAIC e usou GRID apenas como complemento

Dados salvos em: results/RPVfirst220926.csv

-------------------- RESUMO DE CARBONO DO DIA ------------
Registros do dia           : 28
Energia total do dia       : 3880.32 kWh
Energia PV no dia          : 2094.87 kWh
Energia GRID no dia        : 1785.45 kWh
CO2 emitido pela GRID      : 178545 gCO2 no dia
CO2 que emitiria sem PV    : 388032 gCO2 no dia
CO2 reduzido pela PV       : 209487 gCO2 no dia

============================================================
SIMULACAO FINALIZADA
============================================================
[2026-09-22 20:53:23] Fonte da rodada: PHOTOVOLTAIC OFF, GRID ON.
[2026-09-22 20:54:30] INTERNET OK: executando simulacao de data center com SimGrid, PHOTOVOLTAIC e GRID...
Preparando ambiente...

============================================================
SIMULACAO PV-FIRST COM JOB DO SIMGRID
============================================================

Fluxo da simulacao:
1) eu verifico local, clima e irradiancia solar
2) o SimGrid executa o job e mede energia, mesmo sem sol
3) o modelo PV-First prioriza Photovoltaic; se faltar, usa GRID

Localizacao configurada manualmente: Belem (-1.4537, -48.5078)

-------------------- DADOS DO LOCAL --------------------
Cidade detectada : Belem
Latitude         : -1.4537
Longitude        : -48.5078
Hora local       : 20:54:37
Dia do ano       : 265

------------------ CONDICOES DO CLIMA ------------------
Cobertura nuvens : 85 %
Chuva            : 0 mm
Temperatura      : 26.8 C
Vento            : 11.5 km/h

----------------- PERFIL DA SIMULACAO -------------------
Perfil selecionado : hpc_extreme

----------------- CONFIGURACAO DO PAINEL ----------------
Material          : monocrystalline
Face do painel    : bifacial
Area do painel    : 30000 m2
Eficiencia base   : 0.24
Ganho bifacial configurado : 1.2
Ganho aplicado no painel   : 1.2
Fator do material : 1

----------------- PARAMETROS DO DATA CENTER -------------
Servidores ativos equivalentes : 1024
PUE do data center             : 1.25
Carga de rede                  : 150 kW
Carga de armazenamento         : 75 kW

----------------- MODELO FOTOVOLTAICO ------------------
Irradiancia teorica      : 0 W/m2
Irradiancia ajustada     : 0 W/m2
Eficiencia base efetiva  : 0.24
Eficiencia final arranjo : 0.288295
Potencia PV disponivel   : 0 kW

PVFIRST_SEM_IRRADIANCIA
Sem irradiancia util neste instante.
Photovoltaic : OFF
GRID         : ON se houver execucao de job
Modo esperado: GRID atende o job porque a PV nao esta disponivel.
Digite a carga do job em FLOPs (ex: 5e10).
Se quiser usar o valor padrao, e so apertar Enter: 
--------------------- JOB DO SIMGRID -------------------
Host usado           : hpc-node
Carga do job         : 1e+15 FLOPs
Velocidade do host   : 5e+12 flop/s
Duracao do job       : 200 s
Energia do job       : 360000 J
Energia do job       : 0.1 kWh
Potencia media do job: 1.8 kW

-------------------- ENERGIA DO DATA CENTER --------------
Energia IT do job por servidor : 0.1 kWh
Energia IT computacional       : 102.4 kWh
Energia IT rede                : 8.33333 kWh
Energia IT armazenamento       : 4.16667 kWh
Energia IT total               : 114.9 kWh
Energia infraestrutura/PUE     : 28.725 kWh
Energia total do data center   : 143.625 kWh

-------------------- RESULTADO PV-FIRST ----------------
Energia total do data center : 143.625 kWh
Energia vinda da PV        : 0 kWh
Energia vinda da GRID      : 143.625 kWh
CO2 emitido pela GRID      : 14362.5 gCO2 nesta execucao
CO2 evitado pela PV        : 0 gCO2 nesta execucao
CO2 se fosse 100% GRID     : 14362.5 gCO2 nesta execucao

-------------------- FONTE ATENDENDO O JOB --------------
PHOTOVOLTAIC : OFF
GRID         : ON
MODO DA FONTE: GRID
Leitura da fonte: sem energia fotovoltaica suficiente; GRID atendeu o job.

Leitura rapida do experimento:
- o SimGrid mediu 0.1 kWh por job/servidor
- o data center demandou 143.625 kWh no intervalo
- a PV poderia entregar ate 0 kWh nesse mesmo intervalo
- o modelo PV-First priorizou PHOTOVOLTAIC e usou GRID apenas como complemento

Dados salvos em: results/RPVfirst220926.csv

-------------------- RESUMO DE CARBONO DO DIA ------------
Registros do dia           : 29
Energia total do dia       : 4023.95 kWh
Energia PV no dia          : 2094.87 kWh
Energia GRID no dia        : 1929.08 kWh
CO2 emitido pela GRID      : 192908 gCO2 no dia
CO2 que emitiria sem PV    : 402395 gCO2 no dia
CO2 reduzido pela PV       : 209487 gCO2 no dia

============================================================
SIMULACAO FINALIZADA
============================================================
[2026-09-22 20:54:30] Fonte da rodada: PHOTOVOLTAIC OFF, GRID ON.
[2026-09-22 20:54:43] INTERNET OK: executando simulacao de data center com SimGrid, PHOTOVOLTAIC e GRID...
Preparando ambiente...

============================================================
SIMULACAO PV-FIRST COM JOB DO SIMGRID
============================================================

Fluxo da simulacao:
1) eu verifico local, clima e irradiancia solar
2) o SimGrid executa o job e mede energia, mesmo sem sol
3) o modelo PV-First prioriza Photovoltaic; se faltar, usa GRID

Localizacao configurada manualmente: Belem (-1.4537, -48.5078)

-------------------- DADOS DO LOCAL --------------------
Cidade detectada : Belem
Latitude         : -1.4537
Longitude        : -48.5078
Hora local       : 20:54:51
Dia do ano       : 265

------------------ CONDICOES DO CLIMA ------------------
Cobertura nuvens : 85 %
Chuva            : 0 mm
Temperatura      : 26.8 C
Vento            : 11.5 km/h

----------------- PERFIL DA SIMULACAO -------------------
Perfil selecionado : hpc_extreme

----------------- CONFIGURACAO DO PAINEL ----------------
Material          : monocrystalline
Face do painel    : bifacial
Area do painel    : 30000 m2
Eficiencia base   : 0.24
Ganho bifacial configurado : 1.2
Ganho aplicado no painel   : 1.2
Fator do material : 1

----------------- PARAMETROS DO DATA CENTER -------------
Servidores ativos equivalentes : 1024
PUE do data center             : 1.25
Carga de rede                  : 150 kW
Carga de armazenamento         : 75 kW

----------------- MODELO FOTOVOLTAICO ------------------
Irradiancia teorica      : 0 W/m2
Irradiancia ajustada     : 0 W/m2
Eficiencia base efetiva  : 0.24
Eficiencia final arranjo : 0.288295
Potencia PV disponivel   : 0 kW

PVFIRST_SEM_IRRADIANCIA
Sem irradiancia util neste instante.
Photovoltaic : OFF
GRID         : ON se houver execucao de job
Modo esperado: GRID atende o job porque a PV nao esta disponivel.
Digite a carga do job em FLOPs (ex: 5e10).
Se quiser usar o valor padrao, e so apertar Enter: 
--------------------- JOB DO SIMGRID -------------------
Host usado           : hpc-node
Carga do job         : 1e+15 FLOPs
Velocidade do host   : 5e+12 flop/s
Duracao do job       : 200 s
Energia do job       : 360000 J
Energia do job       : 0.1 kWh
Potencia media do job: 1.8 kW

-------------------- ENERGIA DO DATA CENTER --------------
Energia IT do job por servidor : 0.1 kWh
Energia IT computacional       : 102.4 kWh
Energia IT rede                : 8.33333 kWh
Energia IT armazenamento       : 4.16667 kWh
Energia IT total               : 114.9 kWh
Energia infraestrutura/PUE     : 28.725 kWh
Energia total do data center   : 143.625 kWh

-------------------- RESULTADO PV-FIRST ----------------
Energia total do data center : 143.625 kWh
Energia vinda da PV        : 0 kWh
Energia vinda da GRID      : 143.625 kWh
CO2 emitido pela GRID      : 14362.5 gCO2 nesta execucao
CO2 evitado pela PV        : 0 gCO2 nesta execucao
CO2 se fosse 100% GRID     : 14362.5 gCO2 nesta execucao

-------------------- FONTE ATENDENDO O JOB --------------
PHOTOVOLTAIC : OFF
GRID         : ON
MODO DA FONTE: GRID
Leitura da fonte: sem energia fotovoltaica suficiente; GRID atendeu o job.

Leitura rapida do experimento:
- o SimGrid mediu 0.1 kWh por job/servidor
- o data center demandou 143.625 kWh no intervalo
- a PV poderia entregar ate 0 kWh nesse mesmo intervalo
- o modelo PV-First priorizou PHOTOVOLTAIC e usou GRID apenas como complemento

Dados salvos em: results/RPVfirst220926.csv

-------------------- RESUMO DE CARBONO DO DIA ------------
Registros do dia           : 30
Energia total do dia       : 4167.57 kWh
Energia PV no dia          : 2094.87 kWh
Energia GRID no dia        : 2072.7 kWh
CO2 emitido pela GRID      : 207270 gCO2 no dia
CO2 que emitiria sem PV    : 416758 gCO2 no dia
CO2 reduzido pela PV       : 209487 gCO2 no dia

============================================================
SIMULACAO FINALIZADA
============================================================
[2026-09-22 20:54:43] Fonte da rodada: PHOTOVOLTAIC OFF, GRID ON.
[2026-09-22 20:55:50] INTERNET OK: executando simulacao de data center com SimGrid, PHOTOVOLTAIC e GRID...
Preparando ambiente...

============================================================
SIMULACAO PV-FIRST COM JOB DO SIMGRID
============================================================

Fluxo da simulacao:
1) eu verifico local, clima e irradiancia solar
2) o SimGrid executa o job e mede energia, mesmo sem sol
3) o modelo PV-First prioriza Photovoltaic; se faltar, usa GRID

Localizacao configurada manualmente: Belem (-1.4537, -48.5078)

-------------------- DADOS DO LOCAL --------------------
Cidade detectada : Belem
Latitude         : -1.4537
Longitude        : -48.5078
Hora local       : 20:55:58
Dia do ano       : 265

------------------ CONDICOES DO CLIMA ------------------
Cobertura nuvens : 85 %
Chuva            : 0 mm
Temperatura      : 26.8 C
Vento            : 11.5 km/h

----------------- PERFIL DA SIMULACAO -------------------
Perfil selecionado : hpc_extreme

----------------- CONFIGURACAO DO PAINEL ----------------
Material          : monocrystalline
Face do painel    : bifacial
Area do painel    : 30000 m2
Eficiencia base   : 0.24
Ganho bifacial configurado : 1.2
Ganho aplicado no painel   : 1.2
Fator do material : 1

----------------- PARAMETROS DO DATA CENTER -------------
Servidores ativos equivalentes : 1024
PUE do data center             : 1.25
Carga de rede                  : 150 kW
Carga de armazenamento         : 75 kW

----------------- MODELO FOTOVOLTAICO ------------------
Irradiancia teorica      : 0 W/m2
Irradiancia ajustada     : 0 W/m2
Eficiencia base efetiva  : 0.24
Eficiencia final arranjo : 0.288295
Potencia PV disponivel   : 0 kW

PVFIRST_SEM_IRRADIANCIA
Sem irradiancia util neste instante.
Photovoltaic : OFF
GRID         : ON se houver execucao de job
Modo esperado: GRID atende o job porque a PV nao esta disponivel.
Digite a carga do job em FLOPs (ex: 5e10).
Se quiser usar o valor padrao, e so apertar Enter: 
--------------------- JOB DO SIMGRID -------------------
Host usado           : hpc-node
Carga do job         : 1e+15 FLOPs
Velocidade do host   : 5e+12 flop/s
Duracao do job       : 200 s
Energia do job       : 360000 J
Energia do job       : 0.1 kWh
Potencia media do job: 1.8 kW

-------------------- ENERGIA DO DATA CENTER --------------
Energia IT do job por servidor : 0.1 kWh
Energia IT computacional       : 102.4 kWh
Energia IT rede                : 8.33333 kWh
Energia IT armazenamento       : 4.16667 kWh
Energia IT total               : 114.9 kWh
Energia infraestrutura/PUE     : 28.725 kWh
Energia total do data center   : 143.625 kWh

-------------------- RESULTADO PV-FIRST ----------------
Energia total do data center : 143.625 kWh
Energia vinda da PV        : 0 kWh
Energia vinda da GRID      : 143.625 kWh
CO2 emitido pela GRID      : 14362.5 gCO2 nesta execucao
CO2 evitado pela PV        : 0 gCO2 nesta execucao
CO2 se fosse 100% GRID     : 14362.5 gCO2 nesta execucao

-------------------- FONTE ATENDENDO O JOB --------------
PHOTOVOLTAIC : OFF
GRID         : ON
MODO DA FONTE: GRID
Leitura da fonte: sem energia fotovoltaica suficiente; GRID atendeu o job.

Leitura rapida do experimento:
- o SimGrid mediu 0.1 kWh por job/servidor
- o data center demandou 143.625 kWh no intervalo
- a PV poderia entregar ate 0 kWh nesse mesmo intervalo
- o modelo PV-First priorizou PHOTOVOLTAIC e usou GRID apenas como complemento

Dados salvos em: results/RPVfirst220926.csv

-------------------- RESUMO DE CARBONO DO DIA ------------
Registros do dia           : 31
Energia total do dia       : 4311.2 kWh
Energia PV no dia          : 2094.87 kWh
Energia GRID no dia        : 2216.33 kWh
CO2 emitido pela GRID      : 221633 gCO2 no dia
CO2 que emitiria sem PV    : 431120 gCO2 no dia
CO2 reduzido pela PV       : 209487 gCO2 no dia

============================================================
SIMULACAO FINALIZADA
============================================================
[2026-09-22 20:55:50] Fonte da rodada: PHOTOVOLTAIC OFF, GRID ON.
[2026-09-22 20:56:05] INTERNET OK: executando simulacao de data center com SimGrid, PHOTOVOLTAIC e GRID...
Preparando ambiente...

============================================================
SIMULACAO PV-FIRST COM JOB DO SIMGRID
============================================================

Fluxo da simulacao:
1) eu verifico local, clima e irradiancia solar
2) o SimGrid executa o job e mede energia, mesmo sem sol
3) o modelo PV-First prioriza Photovoltaic; se faltar, usa GRID

Localizacao configurada manualmente: Belem (-1.4537, -48.5078)

-------------------- DADOS DO LOCAL --------------------
Cidade detectada : Belem
Latitude         : -1.4537
Longitude        : -48.5078
Hora local       : 20:56:13
Dia do ano       : 265

------------------ CONDICOES DO CLIMA ------------------
Cobertura nuvens : 85 %
Chuva            : 0 mm
Temperatura      : 26.8 C
Vento            : 11.5 km/h

----------------- PERFIL DA SIMULACAO -------------------
Perfil selecionado : hpc_extreme

----------------- CONFIGURACAO DO PAINEL ----------------
Material          : monocrystalline
Face do painel    : bifacial
Area do painel    : 30000 m2
Eficiencia base   : 0.24
Ganho bifacial configurado : 1.2
Ganho aplicado no painel   : 1.2
Fator do material : 1

----------------- PARAMETROS DO DATA CENTER -------------
Servidores ativos equivalentes : 1024
PUE do data center             : 1.25
Carga de rede                  : 150 kW
Carga de armazenamento         : 75 kW

----------------- MODELO FOTOVOLTAICO ------------------
Irradiancia teorica      : 0 W/m2
Irradiancia ajustada     : 0 W/m2
Eficiencia base efetiva  : 0.24
Eficiencia final arranjo : 0.288295
Potencia PV disponivel   : 0 kW

PVFIRST_SEM_IRRADIANCIA
Sem irradiancia util neste instante.
Photovoltaic : OFF
GRID         : ON se houver execucao de job
Modo esperado: GRID atende o job porque a PV nao esta disponivel.
Digite a carga do job em FLOPs (ex: 5e10).
Se quiser usar o valor padrao, e so apertar Enter: 
--------------------- JOB DO SIMGRID -------------------
Host usado           : hpc-node
Carga do job         : 1e+15 FLOPs
Velocidade do host   : 5e+12 flop/s
Duracao do job       : 200 s
Energia do job       : 360000 J
Energia do job       : 0.1 kWh
Potencia media do job: 1.8 kW

-------------------- ENERGIA DO DATA CENTER --------------
Energia IT do job por servidor : 0.1 kWh
Energia IT computacional       : 102.4 kWh
Energia IT rede                : 8.33333 kWh
Energia IT armazenamento       : 4.16667 kWh
Energia IT total               : 114.9 kWh
Energia infraestrutura/PUE     : 28.725 kWh
Energia total do data center   : 143.625 kWh

-------------------- RESULTADO PV-FIRST ----------------
Energia total do data center : 143.625 kWh
Energia vinda da PV        : 0 kWh
Energia vinda da GRID      : 143.625 kWh
CO2 emitido pela GRID      : 14362.5 gCO2 nesta execucao
CO2 evitado pela PV        : 0 gCO2 nesta execucao
CO2 se fosse 100% GRID     : 14362.5 gCO2 nesta execucao

-------------------- FONTE ATENDENDO O JOB --------------
PHOTOVOLTAIC : OFF
GRID         : ON
MODO DA FONTE: GRID
Leitura da fonte: sem energia fotovoltaica suficiente; GRID atendeu o job.

Leitura rapida do experimento:
- o SimGrid mediu 0.1 kWh por job/servidor
- o data center demandou 143.625 kWh no intervalo
- a PV poderia entregar ate 0 kWh nesse mesmo intervalo
- o modelo PV-First priorizou PHOTOVOLTAIC e usou GRID apenas como complemento

Dados salvos em: results/RPVfirst220926.csv

-------------------- RESUMO DE CARBONO DO DIA ------------
Registros do dia           : 32
Energia total do dia       : 4454.82 kWh
Energia PV no dia          : 2094.87 kWh
Energia GRID no dia        : 2359.95 kWh
CO2 emitido pela GRID      : 235995 gCO2 no dia
CO2 que emitiria sem PV    : 445482 gCO2 no dia
CO2 reduzido pela PV       : 209487 gCO2 no dia

============================================================
SIMULACAO FINALIZADA
============================================================
[2026-09-22 20:56:05] Fonte da rodada: PHOTOVOLTAIC OFF, GRID ON.
[2026-09-22 20:57:12] INTERNET OK: executando simulacao de data center com SimGrid, PHOTOVOLTAIC e GRID...
Preparando ambiente...

============================================================
SIMULACAO PV-FIRST COM JOB DO SIMGRID
============================================================

Fluxo da simulacao:
1) eu verifico local, clima e irradiancia solar
2) o SimGrid executa o job e mede energia, mesmo sem sol
3) o modelo PV-First prioriza Photovoltaic; se faltar, usa GRID

Localizacao configurada manualmente: Belem (-1.4537, -48.5078)

-------------------- DADOS DO LOCAL --------------------
Cidade detectada : Belem
Latitude         : -1.4537
Longitude        : -48.5078
Hora local       : 20:57:19
Dia do ano       : 265

------------------ CONDICOES DO CLIMA ------------------
Cobertura nuvens : 85 %
Chuva            : 0 mm
Temperatura      : 26.8 C
Vento            : 11.5 km/h

----------------- PERFIL DA SIMULACAO -------------------
Perfil selecionado : hpc_extreme

----------------- CONFIGURACAO DO PAINEL ----------------
Material          : monocrystalline
Face do painel    : bifacial
Area do painel    : 30000 m2
Eficiencia base   : 0.24
Ganho bifacial configurado : 1.2
Ganho aplicado no painel   : 1.2
Fator do material : 1

----------------- PARAMETROS DO DATA CENTER -------------
Servidores ativos equivalentes : 1024
PUE do data center             : 1.25
Carga de rede                  : 150 kW
Carga de armazenamento         : 75 kW

----------------- MODELO FOTOVOLTAICO ------------------
Irradiancia teorica      : 0 W/m2
Irradiancia ajustada     : 0 W/m2
Eficiencia base efetiva  : 0.24
Eficiencia final arranjo : 0.288295
Potencia PV disponivel   : 0 kW

PVFIRST_SEM_IRRADIANCIA
Sem irradiancia util neste instante.
Photovoltaic : OFF
GRID         : ON se houver execucao de job
Modo esperado: GRID atende o job porque a PV nao esta disponivel.
Digite a carga do job em FLOPs (ex: 5e10).
Se quiser usar o valor padrao, e so apertar Enter: 
--------------------- JOB DO SIMGRID -------------------
Host usado           : hpc-node
Carga do job         : 1e+15 FLOPs
Velocidade do host   : 5e+12 flop/s
Duracao do job       : 200 s
Energia do job       : 360000 J
Energia do job       : 0.1 kWh
Potencia media do job: 1.8 kW

-------------------- ENERGIA DO DATA CENTER --------------
Energia IT do job por servidor : 0.1 kWh
Energia IT computacional       : 102.4 kWh
Energia IT rede                : 8.33333 kWh
Energia IT armazenamento       : 4.16667 kWh
Energia IT total               : 114.9 kWh
Energia infraestrutura/PUE     : 28.725 kWh
Energia total do data center   : 143.625 kWh

-------------------- RESULTADO PV-FIRST ----------------
Energia total do data center : 143.625 kWh
Energia vinda da PV        : 0 kWh
Energia vinda da GRID      : 143.625 kWh
CO2 emitido pela GRID      : 14362.5 gCO2 nesta execucao
CO2 evitado pela PV        : 0 gCO2 nesta execucao
CO2 se fosse 100% GRID     : 14362.5 gCO2 nesta execucao

-------------------- FONTE ATENDENDO O JOB --------------
PHOTOVOLTAIC : OFF
GRID         : ON
MODO DA FONTE: GRID
Leitura da fonte: sem energia fotovoltaica suficiente; GRID atendeu o job.

Leitura rapida do experimento:
- o SimGrid mediu 0.1 kWh por job/servidor
- o data center demandou 143.625 kWh no intervalo
- a PV poderia entregar ate 0 kWh nesse mesmo intervalo
- o modelo PV-First priorizou PHOTOVOLTAIC e usou GRID apenas como complemento

Dados salvos em: results/RPVfirst220926.csv

-------------------- RESUMO DE CARBONO DO DIA ------------
Registros do dia           : 33
Energia total do dia       : 4598.45 kWh
Energia PV no dia          : 2094.87 kWh
Energia GRID no dia        : 2503.58 kWh
CO2 emitido pela GRID      : 250358 gCO2 no dia
CO2 que emitiria sem PV    : 459845 gCO2 no dia
CO2 reduzido pela PV       : 209487 gCO2 no dia

============================================================
SIMULACAO FINALIZADA
============================================================
[2026-09-22 20:57:12] Fonte da rodada: PHOTOVOLTAIC OFF, GRID ON.
[2026-09-22 20:57:28] INTERNET OK: executando simulacao de data center com SimGrid, PHOTOVOLTAIC e GRID...
Preparando ambiente...

============================================================
SIMULACAO PV-FIRST COM JOB DO SIMGRID
============================================================

Fluxo da simulacao:
1) eu verifico local, clima e irradiancia solar
2) o SimGrid executa o job e mede energia, mesmo sem sol
3) o modelo PV-First prioriza Photovoltaic; se faltar, usa GRID

Localizacao configurada manualmente: Belem (-1.4537, -48.5078)

-------------------- DADOS DO LOCAL --------------------
Cidade detectada : Belem
Latitude         : -1.4537
Longitude        : -48.5078
Hora local       : 20:57:37
Dia do ano       : 265

------------------ CONDICOES DO CLIMA ------------------
Cobertura nuvens : 85 %
Chuva            : 0 mm
Temperatura      : 26.8 C
Vento            : 11.5 km/h

----------------- PERFIL DA SIMULACAO -------------------
Perfil selecionado : hpc_extreme

----------------- CONFIGURACAO DO PAINEL ----------------
Material          : monocrystalline
Face do painel    : bifacial
Area do painel    : 30000 m2
Eficiencia base   : 0.24
Ganho bifacial configurado : 1.2
Ganho aplicado no painel   : 1.2
Fator do material : 1

----------------- PARAMETROS DO DATA CENTER -------------
Servidores ativos equivalentes : 1024
PUE do data center             : 1.25
Carga de rede                  : 150 kW
Carga de armazenamento         : 75 kW

----------------- MODELO FOTOVOLTAICO ------------------
Irradiancia teorica      : 0 W/m2
Irradiancia ajustada     : 0 W/m2
Eficiencia base efetiva  : 0.24
Eficiencia final arranjo : 0.288295
Potencia PV disponivel   : 0 kW

PVFIRST_SEM_IRRADIANCIA
Sem irradiancia util neste instante.
Photovoltaic : OFF
GRID         : ON se houver execucao de job
Modo esperado: GRID atende o job porque a PV nao esta disponivel.
Digite a carga do job em FLOPs (ex: 5e10).
Se quiser usar o valor padrao, e so apertar Enter: 
--------------------- JOB DO SIMGRID -------------------
Host usado           : hpc-node
Carga do job         : 1e+15 FLOPs
Velocidade do host   : 5e+12 flop/s
Duracao do job       : 200 s
Energia do job       : 360000 J
Energia do job       : 0.1 kWh
Potencia media do job: 1.8 kW

-------------------- ENERGIA DO DATA CENTER --------------
Energia IT do job por servidor : 0.1 kWh
Energia IT computacional       : 102.4 kWh
Energia IT rede                : 8.33333 kWh
Energia IT armazenamento       : 4.16667 kWh
Energia IT total               : 114.9 kWh
Energia infraestrutura/PUE     : 28.725 kWh
Energia total do data center   : 143.625 kWh

-------------------- RESULTADO PV-FIRST ----------------
Energia total do data center : 143.625 kWh
Energia vinda da PV        : 0 kWh
Energia vinda da GRID      : 143.625 kWh
CO2 emitido pela GRID      : 14362.5 gCO2 nesta execucao
CO2 evitado pela PV        : 0 gCO2 nesta execucao
CO2 se fosse 100% GRID     : 14362.5 gCO2 nesta execucao

-------------------- FONTE ATENDENDO O JOB --------------
PHOTOVOLTAIC : OFF
GRID         : ON
MODO DA FONTE: GRID
Leitura da fonte: sem energia fotovoltaica suficiente; GRID atendeu o job.

Leitura rapida do experimento:
- o SimGrid mediu 0.1 kWh por job/servidor
- o data center demandou 143.625 kWh no intervalo
- a PV poderia entregar ate 0 kWh nesse mesmo intervalo
- o modelo PV-First priorizou PHOTOVOLTAIC e usou GRID apenas como complemento

Dados salvos em: results/RPVfirst220926.csv

-------------------- RESUMO DE CARBONO DO DIA ------------
Registros do dia           : 34
Energia total do dia       : 4742.07 kWh
Energia PV no dia          : 2094.87 kWh
Energia GRID no dia        : 2647.2 kWh
CO2 emitido pela GRID      : 264720 gCO2 no dia
CO2 que emitiria sem PV    : 474208 gCO2 no dia
CO2 reduzido pela PV       : 209487 gCO2 no dia

============================================================
SIMULACAO FINALIZADA
============================================================
[2026-09-22 20:57:28] Fonte da rodada: PHOTOVOLTAIC OFF, GRID ON.
[2026-09-22 20:58:34] INTERNET OK: executando simulacao de data center com SimGrid, PHOTOVOLTAIC e GRID...
Preparando ambiente...

============================================================
SIMULACAO PV-FIRST COM JOB DO SIMGRID
============================================================

Fluxo da simulacao:
1) eu verifico local, clima e irradiancia solar
2) o SimGrid executa o job e mede energia, mesmo sem sol
3) o modelo PV-First prioriza Photovoltaic; se faltar, usa GRID

Localizacao configurada manualmente: Belem (-1.4537, -48.5078)

-------------------- DADOS DO LOCAL --------------------
Cidade detectada : Belem
Latitude         : -1.4537
Longitude        : -48.5078
Hora local       : 20:58:42
Dia do ano       : 265

------------------ CONDICOES DO CLIMA ------------------
Cobertura nuvens : 85 %
Chuva            : 0 mm
Temperatura      : 26.8 C
Vento            : 11.5 km/h

----------------- PERFIL DA SIMULACAO -------------------
Perfil selecionado : hpc_extreme

----------------- CONFIGURACAO DO PAINEL ----------------
Material          : monocrystalline
Face do painel    : bifacial
Area do painel    : 30000 m2
Eficiencia base   : 0.24
Ganho bifacial configurado : 1.2
Ganho aplicado no painel   : 1.2
Fator do material : 1

----------------- PARAMETROS DO DATA CENTER -------------
Servidores ativos equivalentes : 1024
PUE do data center             : 1.25
Carga de rede                  : 150 kW
Carga de armazenamento         : 75 kW

----------------- MODELO FOTOVOLTAICO ------------------
Irradiancia teorica      : 0 W/m2
Irradiancia ajustada     : 0 W/m2
Eficiencia base efetiva  : 0.24
Eficiencia final arranjo : 0.288295
Potencia PV disponivel   : 0 kW

PVFIRST_SEM_IRRADIANCIA
Sem irradiancia util neste instante.
Photovoltaic : OFF
GRID         : ON se houver execucao de job
Modo esperado: GRID atende o job porque a PV nao esta disponivel.
Digite a carga do job em FLOPs (ex: 5e10).
Se quiser usar o valor padrao, e so apertar Enter: 
--------------------- JOB DO SIMGRID -------------------
Host usado           : hpc-node
Carga do job         : 1e+15 FLOPs
Velocidade do host   : 5e+12 flop/s
Duracao do job       : 200 s
Energia do job       : 360000 J
Energia do job       : 0.1 kWh
Potencia media do job: 1.8 kW

-------------------- ENERGIA DO DATA CENTER --------------
Energia IT do job por servidor : 0.1 kWh
Energia IT computacional       : 102.4 kWh
Energia IT rede                : 8.33333 kWh
Energia IT armazenamento       : 4.16667 kWh
Energia IT total               : 114.9 kWh
Energia infraestrutura/PUE     : 28.725 kWh
Energia total do data center   : 143.625 kWh

-------------------- RESULTADO PV-FIRST ----------------
Energia total do data center : 143.625 kWh
Energia vinda da PV        : 0 kWh
Energia vinda da GRID      : 143.625 kWh
CO2 emitido pela GRID      : 14362.5 gCO2 nesta execucao
CO2 evitado pela PV        : 0 gCO2 nesta execucao
CO2 se fosse 100% GRID     : 14362.5 gCO2 nesta execucao

-------------------- FONTE ATENDENDO O JOB --------------
PHOTOVOLTAIC : OFF
GRID         : ON
MODO DA FONTE: GRID
Leitura da fonte: sem energia fotovoltaica suficiente; GRID atendeu o job.

Leitura rapida do experimento:
- o SimGrid mediu 0.1 kWh por job/servidor
- o data center demandou 143.625 kWh no intervalo
- a PV poderia entregar ate 0 kWh nesse mesmo intervalo
- o modelo PV-First priorizou PHOTOVOLTAIC e usou GRID apenas como complemento

Dados salvos em: results/RPVfirst220926.csv

-------------------- RESUMO DE CARBONO DO DIA ------------
Registros do dia           : 35
Energia total do dia       : 4885.7 kWh
Energia PV no dia          : 2094.87 kWh
Energia GRID no dia        : 2790.83 kWh
CO2 emitido pela GRID      : 279083 gCO2 no dia
CO2 que emitiria sem PV    : 488570 gCO2 no dia
CO2 reduzido pela PV       : 209487 gCO2 no dia

============================================================
SIMULACAO FINALIZADA
============================================================
[2026-09-22 20:58:34] Fonte da rodada: PHOTOVOLTAIC OFF, GRID ON.
[2026-09-22 20:58:54] INTERNET OK: executando simulacao de data center com SimGrid, PHOTOVOLTAIC e GRID...
Preparando ambiente...

============================================================
SIMULACAO PV-FIRST COM JOB DO SIMGRID
============================================================

Fluxo da simulacao:
1) eu verifico local, clima e irradiancia solar
2) o SimGrid executa o job e mede energia, mesmo sem sol
3) o modelo PV-First prioriza Photovoltaic; se faltar, usa GRID

Localizacao configurada manualmente: Belem (-1.4537, -48.5078)

-------------------- DADOS DO LOCAL --------------------
Cidade detectada : Belem
Latitude         : -1.4537
Longitude        : -48.5078
Hora local       : 20:59:03
Dia do ano       : 265

------------------ CONDICOES DO CLIMA ------------------
Cobertura nuvens : 85 %
Chuva            : 0 mm
Temperatura      : 26.8 C
Vento            : 11.5 km/h

----------------- PERFIL DA SIMULACAO -------------------
Perfil selecionado : hpc_extreme

----------------- CONFIGURACAO DO PAINEL ----------------
Material          : monocrystalline
Face do painel    : bifacial
Area do painel    : 30000 m2
Eficiencia base   : 0.24
Ganho bifacial configurado : 1.2
Ganho aplicado no painel   : 1.2
Fator do material : 1

----------------- PARAMETROS DO DATA CENTER -------------
Servidores ativos equivalentes : 1024
PUE do data center             : 1.25
Carga de rede                  : 150 kW
Carga de armazenamento         : 75 kW

----------------- MODELO FOTOVOLTAICO ------------------
Irradiancia teorica      : 0 W/m2
Irradiancia ajustada     : 0 W/m2
Eficiencia base efetiva  : 0.24
Eficiencia final arranjo : 0.288295
Potencia PV disponivel   : 0 kW

PVFIRST_SEM_IRRADIANCIA
Sem irradiancia util neste instante.
Photovoltaic : OFF
GRID         : ON se houver execucao de job
Modo esperado: GRID atende o job porque a PV nao esta disponivel.
Digite a carga do job em FLOPs (ex: 5e10).
Se quiser usar o valor padrao, e so apertar Enter: 
--------------------- JOB DO SIMGRID -------------------
Host usado           : hpc-node
Carga do job         : 1e+15 FLOPs
Velocidade do host   : 5e+12 flop/s
Duracao do job       : 200 s
Energia do job       : 360000 J
Energia do job       : 0.1 kWh
Potencia media do job: 1.8 kW

-------------------- ENERGIA DO DATA CENTER --------------
Energia IT do job por servidor : 0.1 kWh
Energia IT computacional       : 102.4 kWh
Energia IT rede                : 8.33333 kWh
Energia IT armazenamento       : 4.16667 kWh
Energia IT total               : 114.9 kWh
Energia infraestrutura/PUE     : 28.725 kWh
Energia total do data center   : 143.625 kWh

-------------------- RESULTADO PV-FIRST ----------------
Energia total do data center : 143.625 kWh
Energia vinda da PV        : 0 kWh
Energia vinda da GRID      : 143.625 kWh
CO2 emitido pela GRID      : 14362.5 gCO2 nesta execucao
CO2 evitado pela PV        : 0 gCO2 nesta execucao
CO2 se fosse 100% GRID     : 14362.5 gCO2 nesta execucao

-------------------- FONTE ATENDENDO O JOB --------------
PHOTOVOLTAIC : OFF
GRID         : ON
MODO DA FONTE: GRID
Leitura da fonte: sem energia fotovoltaica suficiente; GRID atendeu o job.

Leitura rapida do experimento:
- o SimGrid mediu 0.1 kWh por job/servidor
- o data center demandou 143.625 kWh no intervalo
- a PV poderia entregar ate 0 kWh nesse mesmo intervalo
- o modelo PV-First priorizou PHOTOVOLTAIC e usou GRID apenas como complemento

Dados salvos em: results/RPVfirst220926.csv

-------------------- RESUMO DE CARBONO DO DIA ------------
Registros do dia           : 36
Energia total do dia       : 5029.32 kWh
Energia PV no dia          : 2094.87 kWh
Energia GRID no dia        : 2934.45 kWh
CO2 emitido pela GRID      : 293445 gCO2 no dia
CO2 que emitiria sem PV    : 502932 gCO2 no dia
CO2 reduzido pela PV       : 209487 gCO2 no dia

============================================================
SIMULACAO FINALIZADA
============================================================
[2026-09-22 20:58:54] Fonte da rodada: PHOTOVOLTAIC OFF, GRID ON.
[2026-09-22 20:59:59] INTERNET OK: executando simulacao de data center com SimGrid, PHOTOVOLTAIC e GRID...
Preparando ambiente...

============================================================
SIMULACAO PV-FIRST COM JOB DO SIMGRID
============================================================

Fluxo da simulacao:
1) eu verifico local, clima e irradiancia solar
2) o SimGrid executa o job e mede energia, mesmo sem sol
3) o modelo PV-First prioriza Photovoltaic; se faltar, usa GRID

Localizacao configurada manualmente: Belem (-1.4537, -48.5078)

-------------------- DADOS DO LOCAL --------------------
Cidade detectada : Belem
Latitude         : -1.4537
Longitude        : -48.5078
Hora local       : 21:00:12
Dia do ano       : 265

------------------ CONDICOES DO CLIMA ------------------
Cobertura nuvens : 89 %
Chuva            : 0 mm
Temperatura      : 26.6 C
Vento            : 11.7 km/h

----------------- PERFIL DA SIMULACAO -------------------
Perfil selecionado : hpc_extreme

----------------- CONFIGURACAO DO PAINEL ----------------
Material          : monocrystalline
Face do painel    : bifacial
Area do painel    : 30000 m2
Eficiencia base   : 0.24
Ganho bifacial configurado : 1.2
Ganho aplicado no painel   : 1.2
Fator do material : 1

----------------- PARAMETROS DO DATA CENTER -------------
Servidores ativos equivalentes : 1024
PUE do data center             : 1.25
Carga de rede                  : 150 kW
Carga de armazenamento         : 75 kW

----------------- MODELO FOTOVOLTAICO ------------------
Irradiancia teorica      : 0 W/m2
Irradiancia ajustada     : 0 W/m2
Eficiencia base efetiva  : 0.24
Eficiencia final arranjo : 0.288603
Potencia PV disponivel   : 0 kW

PVFIRST_SEM_IRRADIANCIA
Sem irradiancia util neste instante.
Photovoltaic : OFF
GRID         : ON se houver execucao de job
Modo esperado: GRID atende o job porque a PV nao esta disponivel.
Digite a carga do job em FLOPs (ex: 5e10).
Se quiser usar o valor padrao, e so apertar Enter: 
--------------------- JOB DO SIMGRID -------------------
Host usado           : hpc-node
Carga do job         : 1e+15 FLOPs
Velocidade do host   : 5e+12 flop/s
Duracao do job       : 200 s
Energia do job       : 360000 J
Energia do job       : 0.1 kWh
Potencia media do job: 1.8 kW

-------------------- ENERGIA DO DATA CENTER --------------
Energia IT do job por servidor : 0.1 kWh
Energia IT computacional       : 102.4 kWh
Energia IT rede                : 8.33333 kWh
Energia IT armazenamento       : 4.16667 kWh
Energia IT total               : 114.9 kWh
Energia infraestrutura/PUE     : 28.725 kWh
Energia total do data center   : 143.625 kWh

-------------------- RESULTADO PV-FIRST ----------------
Energia total do data center : 143.625 kWh
Energia vinda da PV        : 0 kWh
Energia vinda da GRID      : 143.625 kWh
CO2 emitido pela GRID      : 14362.5 gCO2 nesta execucao
CO2 evitado pela PV        : 0 gCO2 nesta execucao
CO2 se fosse 100% GRID     : 14362.5 gCO2 nesta execucao

-------------------- FONTE ATENDENDO O JOB --------------
PHOTOVOLTAIC : OFF
GRID         : ON
MODO DA FONTE: GRID
Leitura da fonte: sem energia fotovoltaica suficiente; GRID atendeu o job.

Leitura rapida do experimento:
- o SimGrid mediu 0.1 kWh por job/servidor
- o data center demandou 143.625 kWh no intervalo
- a PV poderia entregar ate 0 kWh nesse mesmo intervalo
- o modelo PV-First priorizou PHOTOVOLTAIC e usou GRID apenas como complemento

Dados salvos em: results/RPVfirst220926.csv

-------------------- RESUMO DE CARBONO DO DIA ------------
Registros do dia           : 37
Energia total do dia       : 5172.95 kWh
Energia PV no dia          : 2094.87 kWh
Energia GRID no dia        : 3078.08 kWh
CO2 emitido pela GRID      : 307808 gCO2 no dia
CO2 que emitiria sem PV    : 517295 gCO2 no dia
CO2 reduzido pela PV       : 209487 gCO2 no dia

============================================================
SIMULACAO FINALIZADA
============================================================
[2026-09-22 20:59:59] Fonte da rodada: PHOTOVOLTAIC OFF, GRID ON.
[2026-09-22 21:00:22] INTERNET OK: executando simulacao de data center com SimGrid, PHOTOVOLTAIC e GRID...
Preparando ambiente...

============================================================
SIMULACAO PV-FIRST COM JOB DO SIMGRID
============================================================

Fluxo da simulacao:
1) eu verifico local, clima e irradiancia solar
2) o SimGrid executa o job e mede energia, mesmo sem sol
3) o modelo PV-First prioriza Photovoltaic; se faltar, usa GRID

Localizacao configurada manualmente: Belem (-1.4537, -48.5078)

-------------------- DADOS DO LOCAL --------------------
Cidade detectada : Belem
Latitude         : -1.4537
Longitude        : -48.5078
Hora local       : 21:00:32
Dia do ano       : 265

------------------ CONDICOES DO CLIMA ------------------
Cobertura nuvens : 89 %
Chuva            : 0 mm
Temperatura      : 26.6 C
Vento            : 11.7 km/h

----------------- PERFIL DA SIMULACAO -------------------
Perfil selecionado : hpc_extreme

----------------- CONFIGURACAO DO PAINEL ----------------
Material          : monocrystalline
Face do painel    : bifacial
Area do painel    : 30000 m2
Eficiencia base   : 0.24
Ganho bifacial configurado : 1.2
Ganho aplicado no painel   : 1.2
Fator do material : 1

----------------- PARAMETROS DO DATA CENTER -------------
Servidores ativos equivalentes : 1024
PUE do data center             : 1.25
Carga de rede                  : 150 kW
Carga de armazenamento         : 75 kW

----------------- MODELO FOTOVOLTAICO ------------------
Irradiancia teorica      : 0 W/m2
Irradiancia ajustada     : 0 W/m2
Eficiencia base efetiva  : 0.24
Eficiencia final arranjo : 0.288603
Potencia PV disponivel   : 0 kW

PVFIRST_SEM_IRRADIANCIA
Sem irradiancia util neste instante.
Photovoltaic : OFF
GRID         : ON se houver execucao de job
Modo esperado: GRID atende o job porque a PV nao esta disponivel.
Digite a carga do job em FLOPs (ex: 5e10).
Se quiser usar o valor padrao, e so apertar Enter: 
--------------------- JOB DO SIMGRID -------------------
Host usado           : hpc-node
Carga do job         : 1e+15 FLOPs
Velocidade do host   : 5e+12 flop/s
Duracao do job       : 200 s
Energia do job       : 360000 J
Energia do job       : 0.1 kWh
Potencia media do job: 1.8 kW

-------------------- ENERGIA DO DATA CENTER --------------
Energia IT do job por servidor : 0.1 kWh
Energia IT computacional       : 102.4 kWh
Energia IT rede                : 8.33333 kWh
Energia IT armazenamento       : 4.16667 kWh
Energia IT total               : 114.9 kWh
Energia infraestrutura/PUE     : 28.725 kWh
Energia total do data center   : 143.625 kWh

-------------------- RESULTADO PV-FIRST ----------------
Energia total do data center : 143.625 kWh
Energia vinda da PV        : 0 kWh
Energia vinda da GRID      : 143.625 kWh
CO2 emitido pela GRID      : 14362.5 gCO2 nesta execucao
CO2 evitado pela PV        : 0 gCO2 nesta execucao
CO2 se fosse 100% GRID     : 14362.5 gCO2 nesta execucao

-------------------- FONTE ATENDENDO O JOB --------------
PHOTOVOLTAIC : OFF
GRID         : ON
MODO DA FONTE: GRID
Leitura da fonte: sem energia fotovoltaica suficiente; GRID atendeu o job.

Leitura rapida do experimento:
- o SimGrid mediu 0.1 kWh por job/servidor
- o data center demandou 143.625 kWh no intervalo
- a PV poderia entregar ate 0 kWh nesse mesmo intervalo
- o modelo PV-First priorizou PHOTOVOLTAIC e usou GRID apenas como complemento

Dados salvos em: results/RPVfirst220926.csv

-------------------- RESUMO DE CARBONO DO DIA ------------
Registros do dia           : 38
Energia total do dia       : 5316.57 kWh
Energia PV no dia          : 2094.87 kWh
Energia GRID no dia        : 3221.7 kWh
CO2 emitido pela GRID      : 322170 gCO2 no dia
CO2 que emitiria sem PV    : 531658 gCO2 no dia
CO2 reduzido pela PV       : 209487 gCO2 no dia

============================================================
SIMULACAO FINALIZADA
============================================================
[2026-09-22 21:00:22] Fonte da rodada: PHOTOVOLTAIC OFF, GRID ON.
[2026-09-22 21:03:05] INTERNET OK: executando simulacao de data center com SimGrid, PHOTOVOLTAIC e GRID...
Preparando ambiente...

============================================================
SIMULACAO PV-FIRST COM JOB DO SIMGRID
============================================================

Fluxo da simulacao:
1) eu verifico local, clima e irradiancia solar
2) o SimGrid executa o job e mede energia, mesmo sem sol
3) o modelo PV-First prioriza Photovoltaic; se faltar, usa GRID

Localizacao configurada manualmente: Belem (-1.4537, -48.5078)
[2026-09-22 21:03:19] INTERNET OK: executando simulacao de data center com SimGrid, PHOTOVOLTAIC e GRID...
Preparando ambiente...

-------------------- DADOS DO LOCAL --------------------
Cidade detectada : Belem
Latitude         : -1.4537
Longitude        : -48.5078
Hora local       : 21:03:20
Dia do ano       : 265

------------------ CONDICOES DO CLIMA ------------------
Cobertura nuvens : 8 %
Chuva            : 0 mm
Temperatura      : 26.4 C
Vento            : 10.1 km/h

----------------- PERFIL DA SIMULACAO -------------------
Perfil selecionado : hpc_extreme

----------------- CONFIGURACAO DO PAINEL ----------------
Material          : monocrystalline
Face do painel    : bifacial
Area do painel    : 30000 m2
Eficiencia base   : 0.24
Ganho bifacial configurado : 1.2
Ganho aplicado no painel   : 1.2
Fator do material : 1

----------------- PARAMETROS DO DATA CENTER -------------
Servidores ativos equivalentes : 1024
PUE do data center             : 1.25
Carga de rede                  : 150 kW
Carga de armazenamento         : 75 kW

----------------- MODELO FOTOVOLTAICO ------------------
Irradiancia teorica      : 0 W/m2
Irradiancia ajustada     : 0 W/m2
Eficiencia base efetiva  : 0.24
Eficiencia final arranjo : 0.288498
Potencia PV disponivel   : 0 kW

PVFIRST_SEM_IRRADIANCIA
Sem irradiancia util neste instante.
Photovoltaic : OFF
GRID         : ON se houver execucao de job
Modo esperado: GRID atende o job porque a PV nao esta disponivel.
Digite a carga do job em FLOPs (ex: 5e10).
Se quiser usar o valor padrao, e so apertar Enter: 
--------------------- JOB DO SIMGRID -------------------
Host usado           : hpc-node
Carga do job         : 1e+15 FLOPs
Velocidade do host   : 5e+12 flop/s
Duracao do job       : 200 s
Energia do job       : 360000 J
Energia do job       : 0.1 kWh
Potencia media do job: 1.8 kW

-------------------- ENERGIA DO DATA CENTER --------------
Energia IT do job por servidor : 0.1 kWh
Energia IT computacional       : 102.4 kWh
Energia IT rede                : 8.33333 kWh
Energia IT armazenamento       : 4.16667 kWh
Energia IT total               : 114.9 kWh
Energia infraestrutura/PUE     : 28.725 kWh
Energia total do data center   : 143.625 kWh

-------------------- RESULTADO PV-FIRST ----------------
Energia total do data center : 143.625 kWh
Energia vinda da PV        : 0 kWh
Energia vinda da GRID      : 143.625 kWh
CO2 emitido pela GRID      : 14362.5 gCO2 nesta execucao
CO2 evitado pela PV        : 0 gCO2 nesta execucao
CO2 se fosse 100% GRID     : 14362.5 gCO2 nesta execucao

-------------------- FONTE ATENDENDO O JOB --------------
PHOTOVOLTAIC : OFF
GRID         : ON
MODO DA FONTE: GRID
Leitura da fonte: sem energia fotovoltaica suficiente; GRID atendeu o job.

Leitura rapida do experimento:
- o SimGrid mediu 0.1 kWh por job/servidor
- o data center demandou 143.625 kWh no intervalo
- a PV poderia entregar ate 0 kWh nesse mesmo intervalo
- o modelo PV-First priorizou PHOTOVOLTAIC e usou GRID apenas como complemento

Dados salvos em: results/RPVfirst220926.csv

-------------------- RESUMO DE CARBONO DO DIA ------------
Registros do dia           : 39
Energia total do dia       : 5460.2 kWh
Energia PV no dia          : 2094.87 kWh
Energia GRID no dia        : 3365.33 kWh
CO2 emitido pela GRID      : 336533 gCO2 no dia
CO2 que emitiria sem PV    : 546020 gCO2 no dia
CO2 reduzido pela PV       : 209487 gCO2 no dia

============================================================
SIMULACAO FINALIZADA
============================================================
[2026-09-22 21:03:05] Fonte da rodada: PHOTOVOLTAIC OFF, GRID ON.

============================================================
SIMULACAO PV-FIRST COM JOB DO SIMGRID
============================================================

Fluxo da simulacao:
1) eu verifico local, clima e irradiancia solar
2) o SimGrid executa o job e mede energia, mesmo sem sol
3) o modelo PV-First prioriza Photovoltaic; se faltar, usa GRID

Localizacao configurada manualmente: Belem (-1.4537, -48.5078)

-------------------- DADOS DO LOCAL --------------------
Cidade detectada : Belem
Latitude         : -1.4537
Longitude        : -48.5078
Hora local       : 21:03:34
Dia do ano       : 265

------------------ CONDICOES DO CLIMA ------------------
Cobertura nuvens : 8 %
Chuva            : 0 mm
Temperatura      : 26.4 C
Vento            : 10.1 km/h

----------------- PERFIL DA SIMULACAO -------------------
Perfil selecionado : hpc_extreme

----------------- CONFIGURACAO DO PAINEL ----------------
Material          : monocrystalline
Face do painel    : bifacial
Area do painel    : 30000 m2
Eficiencia base   : 0.24
Ganho bifacial configurado : 1.2
Ganho aplicado no painel   : 1.2
Fator do material : 1

----------------- PARAMETROS DO DATA CENTER -------------
Servidores ativos equivalentes : 1024
PUE do data center             : 1.25
Carga de rede                  : 150 kW
Carga de armazenamento         : 75 kW

----------------- MODELO FOTOVOLTAICO ------------------
Irradiancia teorica      : 0 W/m2
Irradiancia ajustada     : 0 W/m2
Eficiencia base efetiva  : 0.24
Eficiencia final arranjo : 0.288498
Potencia PV disponivel   : 0 kW

PVFIRST_SEM_IRRADIANCIA
Sem irradiancia util neste instante.
Photovoltaic : OFF
GRID         : ON se houver execucao de job
Modo esperado: GRID atende o job porque a PV nao esta disponivel.
Digite a carga do job em FLOPs (ex: 5e10).
Se quiser usar o valor padrao, e so apertar Enter: 
--------------------- JOB DO SIMGRID -------------------
Host usado           : hpc-node
Carga do job         : 1e+15 FLOPs
Velocidade do host   : 5e+12 flop/s
Duracao do job       : 200 s
Energia do job       : 360000 J
Energia do job       : 0.1 kWh
Potencia media do job: 1.8 kW

-------------------- ENERGIA DO DATA CENTER --------------
Energia IT do job por servidor : 0.1 kWh
Energia IT computacional       : 102.4 kWh
Energia IT rede                : 8.33333 kWh
Energia IT armazenamento       : 4.16667 kWh
Energia IT total               : 114.9 kWh
Energia infraestrutura/PUE     : 28.725 kWh
Energia total do data center   : 143.625 kWh

-------------------- RESULTADO PV-FIRST ----------------
Energia total do data center : 143.625 kWh
Energia vinda da PV        : 0 kWh
Energia vinda da GRID      : 143.625 kWh
CO2 emitido pela GRID      : 14362.5 gCO2 nesta execucao
CO2 evitado pela PV        : 0 gCO2 nesta execucao
CO2 se fosse 100% GRID     : 14362.5 gCO2 nesta execucao

-------------------- FONTE ATENDENDO O JOB --------------
PHOTOVOLTAIC : OFF
GRID         : ON
MODO DA FONTE: GRID
Leitura da fonte: sem energia fotovoltaica suficiente; GRID atendeu o job.

Leitura rapida do experimento:
- o SimGrid mediu 0.1 kWh por job/servidor
- o data center demandou 143.625 kWh no intervalo
- a PV poderia entregar ate 0 kWh nesse mesmo intervalo
- o modelo PV-First priorizou PHOTOVOLTAIC e usou GRID apenas como complemento

Dados salvos em: results/RPVfirst220926.csv

-------------------- RESUMO DE CARBONO DO DIA ------------
Registros do dia           : 40
Energia total do dia       : 5603.82 kWh
Energia PV no dia          : 2094.87 kWh
Energia GRID no dia        : 3508.95 kWh
CO2 emitido pela GRID      : 350895 gCO2 no dia
CO2 que emitiria sem PV    : 560382 gCO2 no dia
CO2 reduzido pela PV       : 209487 gCO2 no dia

============================================================
SIMULACAO FINALIZADA
============================================================
[2026-09-22 21:03:19] Fonte da rodada: PHOTOVOLTAIC OFF, GRID ON.
