"run_id";"run_date";"run_time";"run_datetime";"day_of_year";"simulation_profile_id";"simulation_profile";"collection_start_hour";"collection_interval_s";"standby_zero_limit_readings";"irradiance_min_w_m2";"location_mode";"host_speed_gflops_configured";"host_power_active_w";"host_power_idle_w";"host_power_off_w";"git_auto_push";"git_remote";"git_branch";"git_repo_url";"city";"latitude";"longitude";"panel_material";"panel_face_type";"panel_area_m2";"panel_base_efficiency";"panel_material_factor";"panel_effective_base_efficiency";"panel_bifacial_gain_configured";"panel_face_gain_applied";"cloud_cover_pct";"rain_mm";"temperature_c";"wind_speed_kmh";"irradiance_theoretical_w_m2";"irradiance_adjusted_w_m2";"pv_efficiency";"pv_power_kw";"grid_carbon_intensity_gco2_kwh";"dc_active_servers";"dc_pue";"dc_network_kw";"dc_storage_kw";"dc_it_compute_kwh";"dc_it_support_kwh";"dc_it_total_kwh";"dc_facility_overhead_kwh";"dc_facility_total_kwh";"job_flops";"job_duration_s";"job_energy_j";"job_energy_kwh";"job_average_power_kw";"energy_total_kwh";"energy_pv_kwh";"energy_grid_kwh";"co2_g";"co2_without_pv_g";"co2_avoided_by_pv_g";"source_mode";"photovoltaic_status";"grid_status"
"run_20260922_153340";"2026-09-22";"15:33:40";"2026-09-22 15:33:40";"265";"datacenter_high";"Data Center - Alta Carga";"6";"60";"5";"1";"manual";"1000";"750";"300";"20";"1";"origin";"main";"git@github.com:CAGDOJ/PhotovoltaicFirst.git";"Belem";"-1.4537";"-48.5078";"monocrystalline";"bifacial";"2500";"0.23";"1";"0.23";"1.15";"1.15";"22";"0";"30";"12.7";"598.367";"499.636";"0.261176";"326.232";"100";"128";"1.4";"20";"10";"1.33333";"0.416667";"1.75";"0.7";"2.45";"5e+13";"50";"37500";"0.0104167";"0.75";"2.45";"2.45";"0";"0";"245";"245";"PHOTOVOLTAIC";"ON";"OFF"
"run_20260922_153610";"2026-09-22";"15:36:10";"2026-09-22 15:36:10";"265";"datacenter_high";"Data Center - Alta Carga";"6";"60";"5";"1";"manual";"1000";"750";"300";"20";"1";"origin";"main";"git@github.com:CAGDOJ/PhotovoltaicFirst.git";"Belem";"-1.4537";"-48.5078";"monocrystalline";"bifacial";"2500";"0.23";"1";"0.23";"1.15";"1.15";"22";"0";"30";"12.7";"587.831";"490.839";"0.261176";"320.488";"100";"128";"1.4";"20";"10";"1.33333";"0.416667";"1.75";"0.7";"2.45";"5e+13";"50";"37500";"0.0104167";"0.75";"2.45";"2.45";"0";"0";"245";"245";"PHOTOVOLTAIC";"ON";"OFF"
"run_20260922_153757";"2026-09-22";"15:37:57";"2026-09-22 15:37:57";"265";"datacenter_high";"Data Center - Alta Carga";"6";"60";"5";"1";"manual";"1000";"750";"300";"20";"1";"origin";"main";"git@github.com:CAGDOJ/PhotovoltaicFirst.git";"Belem";"-1.4537";"-48.5078";"monocrystalline";"bifacial";"2500";"0.23";"1";"0.23";"1.15";"1.15";"22";"0";"30";"12.7";"584.297";"487.888";"0.261176";"318.561";"100";"128";"1.4";"20";"10";"1.33333";"0.416667";"1.75";"0.7";"2.45";"5e+13";"50";"37500";"0.0104167";"0.75";"2.45";"2.45";"0";"0";"245";"245";"PHOTOVOLTAIC";"ON";"OFF"
"run_20260922_153839";"2026-09-22";"15:38:39";"2026-09-22 15:38:39";"265";"datacenter_high";"Data Center - Alta Carga";"6";"60";"5";"1";"manual";"1000";"750";"300";"20";"1";"origin";"main";"git@github.com:CAGDOJ/PhotovoltaicFirst.git";"Belem";"-1.4537";"-48.5078";"monocrystalline";"bifacial";"2500";"0.23";"1";"0.23";"1.15";"1.15";"22";"0";"30";"12.7";"580.752";"484.928";"0.261176";"316.628";"100";"128";"1.4";"20";"10";"1.33333";"0.416667";"1.75";"0.7";"2.45";"5e+13";"50";"37500";"0.0104167";"0.75";"2.45";"2.45";"0";"0";"245";"245";"PHOTOVOLTAIC";"ON";"OFF"
"run_20260922_153849";"2026-09-22";"15:38:49";"2026-09-22 15:38:49";"265";"datacenter_high";"Data Center - Alta Carga";"6";"60";"5";"1";"manual";"1000";"750";"300";"20";"1";"origin";"main";"git@github.com:CAGDOJ/PhotovoltaicFirst.git";"Belem";"-1.4537";"-48.5078";"monocrystalline";"bifacial";"2500";"0.23";"1";"0.23";"1.15";"1.15";"22";"0";"30";"12.7";"580.752";"484.928";"0.261176";"316.628";"100";"128";"1.4";"20";"10";"1.33333";"0.416667";"1.75";"0.7";"2.45";"5e+13";"50";"37500";"0.0104167";"0.75";"2.45";"2.45";"0";"0";"245";"245";"PHOTOVOLTAIC";"ON";"OFF"
"run_20260922_154006";"2026-09-22";"15:40:06";"2026-09-22 15:40:06";"265";"datacenter_high";"Data Center - Alta Carga";"6";"60";"5";"1";"manual";"1000";"750";"300";"20";"1";"origin";"main";"git@github.com:CAGDOJ/PhotovoltaicFirst.git";"Belem";"-1.4537";"-48.5078";"monocrystalline";"bifacial";"2500";"0.23";"1";"0.23";"1.15";"1.15";"22";"0";"30";"12.7";"573.628";"478.979";"0.261176";"312.744";"100";"128";"1.4";"20";"10";"1.33333";"0.416667";"1.75";"0.7";"2.45";"5e+13";"50";"37500";"0.0104167";"0.75";"2.45";"2.45";"0";"0";"245";"245";"PHOTOVOLTAIC";"ON";"OFF"
"run_20260922_154030";"2026-09-22";"15:40:30";"2026-09-22 15:40:30";"265";"datacenter_high";"Data Center - Alta Carga";"6";"60";"5";"1";"manual";"1000";"750";"300";"20";"1";"origin";"main";"git@github.com:CAGDOJ/PhotovoltaicFirst.git";"Belem";"-1.4537";"-48.5078";"monocrystalline";"bifacial";"2500";"0.23";"1";"0.23";"1.15";"1.15";"22";"0";"30";"12.7";"573.628";"478.979";"0.261176";"312.744";"100";"128";"1.4";"20";"10";"1.33333";"0.416667";"1.75";"0.7";"2.45";"5e+13";"50";"37500";"0.0104167";"0.75";"2.45";"2.45";"0";"0";"245";"245";"PHOTOVOLTAIC";"ON";"OFF"
"run_20260922_154103";"2026-09-22";"15:41:03";"2026-09-22 15:41:03";"265";"datacenter_high";"Data Center - Alta Carga";"6";"60";"5";"1";"manual";"1000";"750";"300";"20";"1";"origin";"main";"git@github.com:CAGDOJ/PhotovoltaicFirst.git";"Belem";"-1.4537";"-48.5078";"monocrystalline";"bifacial";"2500";"0.23";"1";"0.23";"1.15";"1.15";"22";"0";"30";"12.7";"570.05";"475.991";"0.261176";"310.793";"100";"128";"1.4";"20";"10";"1.33333";"0.416667";"1.75";"0.7";"2.45";"5e+13";"50";"37500";"0.0104167";"0.75";"2.45";"2.45";"0";"0";"245";"245";"PHOTOVOLTAIC";"ON";"OFF"
"run_20260922_154226";"2026-09-22";"15:42:26";"2026-09-22 15:42:26";"265";"datacenter_high";"Data Center - Alta Carga";"6";"60";"5";"1";"manual";"1000";"750";"300";"20";"1";"origin";"main";"git@github.com:CAGDOJ/PhotovoltaicFirst.git";"Belem";"-1.4537";"-48.5078";"monocrystalline";"bifacial";"2500";"0.23";"1";"0.23";"1.15";"1.15";"22";"0";"30";"12.7";"566.46";"472.994";"0.261176";"308.837";"100";"128";"1.4";"20";"10";"1.33333";"0.416667";"1.75";"0.7";"2.45";"5e+13";"50";"37500";"0.0104167";"0.75";"2.45";"2.45";"0";"0";"245";"245";"PHOTOVOLTAIC";"ON";"OFF"
"run_20260922_154228";"2026-09-22";"15:42:28";"2026-09-22 15:42:28";"265";"datacenter_high";"Data Center - Alta Carga";"6";"60";"5";"1";"manual";"1000";"750";"300";"20";"1";"origin";"main";"git@github.com:CAGDOJ/PhotovoltaicFirst.git";"Belem";"-1.4537";"-48.5078";"monocrystalline";"bifacial";"2500";"0.23";"1";"0.23";"1.15";"1.15";"22";"0";"30";"12.7";"566.46";"472.994";"0.261176";"308.837";"100";"128";"1.4";"20";"10";"1.33333";"0.416667";"1.75";"0.7";"2.45";"5e+13";"50";"37500";"0.0104167";"0.75";"2.45";"2.45";"0";"0";"245";"245";"PHOTOVOLTAIC";"ON";"OFF"
"run_20260922_154236";"2026-09-22";"15:42:36";"2026-09-22 15:42:36";"265";"datacenter_high";"Data Center - Alta Carga";"6";"60";"5";"1";"manual";"1000";"750";"300";"20";"1";"origin";"main";"git@github.com:CAGDOJ/PhotovoltaicFirst.git";"Belem";"-1.4537";"-48.5078";"monocrystalline";"bifacial";"2500";"0.23";"1";"0.23";"1.15";"1.15";"22";"0";"30";"12.7";"566.46";"472.994";"0.261176";"308.837";"100";"128";"1.4";"20";"10";"1.33333";"0.416667";"1.75";"0.7";"2.45";"5e+13";"50";"37500";"0.0104167";"0.75";"2.45";"2.45";"0";"0";"245";"245";"PHOTOVOLTAIC";"ON";"OFF"
"run_20260922_154351";"2026-09-22";"15:43:51";"2026-09-22 15:43:51";"265";"datacenter_high";"Data Center - Alta Carga";"6";"60";"5";"1";"manual";"1000";"750";"300";"20";"1";"origin";"main";"git@github.com:CAGDOJ/PhotovoltaicFirst.git";"Belem";"-1.4537";"-48.5078";"monocrystalline";"bifacial";"2500";"0.23";"1";"0.23";"1.15";"1.15";"22";"0";"30";"12.7";"562.86";"469.988";"0.261176";"306.874";"100";"128";"1.4";"20";"10";"1.33333";"0.416667";"1.75";"0.7";"2.45";"5e+13";"50";"37500";"0.0104167";"0.75";"2.45";"2.45";"0";"0";"245";"245";"PHOTOVOLTAIC";"ON";"OFF"
"run_20260922_154352";"2026-09-22";"15:43:52";"2026-09-22 15:43:52";"265";"datacenter_high";"Data Center - Alta Carga";"6";"60";"5";"1";"manual";"1000";"750";"300";"20";"1";"origin";"main";"git@github.com:CAGDOJ/PhotovoltaicFirst.git";"Belem";"-1.4537";"-48.5078";"monocrystalline";"bifacial";"2500";"0.23";"1";"0.23";"1.15";"1.15";"22";"0";"30";"12.7";"562.86";"469.988";"0.261176";"306.874";"100";"128";"1.4";"20";"10";"1.33333";"0.416667";"1.75";"0.7";"2.45";"5e+13";"50";"37500";"0.0104167";"0.75";"2.45";"2.45";"0";"0";"245";"245";"PHOTOVOLTAIC";"ON";"OFF"
"run_20260922_154431";"2026-09-22";"15:44:31";"2026-09-22 15:44:31";"265";"datacenter_high";"Data Center - Alta Carga";"6";"60";"5";"1";"manual";"1000";"750";"300";"20";"1";"origin";"main";"git@github.com:CAGDOJ/PhotovoltaicFirst.git";"Belem";"-1.4537";"-48.5078";"monocrystalline";"bifacial";"2500";"0.23";"1";"0.23";"1.15";"1.15";"22";"0";"30";"12.7";"559.25";"466.974";"0.261176";"304.905";"100";"128";"1.4";"20";"10";"1.33333";"0.416667";"1.75";"0.7";"2.45";"5e+13";"50";"37500";"0.0104167";"0.75";"2.45";"2.45";"0";"0";"245";"245";"PHOTOVOLTAIC";"ON";"OFF"
"run_20260922_154515";"2026-09-22";"15:45:15";"2026-09-22 15:45:15";"265";"datacenter_high";"Data Center - Alta Carga";"6";"60";"5";"1";"manual";"1000";"750";"300";"20";"1";"origin";"main";"git@github.com:CAGDOJ/PhotovoltaicFirst.git";"Belem";"-1.4537";"-48.5078";"monocrystalline";"bifacial";"2500";"0.23";"1";"0.23";"1.15";"1.15";"16";"0";"29.9";"12.1";"555.628";"488.953";"0.261172";"319.252";"100";"128";"1.4";"20";"10";"1.33333";"0.416667";"1.75";"0.7";"2.45";"5e+13";"50";"37500";"0.0104167";"0.75";"2.45";"2.45";"0";"0";"245";"245";"PHOTOVOLTAIC";"ON";"OFF"
"run_20260922_154558";"2026-09-22";"15:45:58";"2026-09-22 15:45:58";"265";"datacenter_high";"Data Center - Alta Carga";"6";"60";"5";"1";"manual";"1000";"750";"300";"20";"1";"origin";"main";"git@github.com:CAGDOJ/PhotovoltaicFirst.git";"Belem";"-1.4537";"-48.5078";"monocrystalline";"bifacial";"2500";"0.23";"1";"0.23";"1.15";"1.15";"16";"0";"29.9";"12.1";"555.628";"488.953";"0.261172";"319.252";"100";"128";"1.4";"20";"10";"1.33333";"0.416667";"1.75";"0.7";"2.45";"5e+13";"50";"37500";"0.0104167";"0.75";"2.45";"2.45";"0";"0";"245";"245";"PHOTOVOLTAIC";"ON";"OFF"
"run_20260922_154724";"2026-09-22";"15:47:24";"2026-09-22 15:47:24";"265";"datacenter_high";"Data Center - Alta Carga";"6";"60";"5";"1";"manual";"1000";"750";"300";"20";"1";"origin";"main";"git@github.com:CAGDOJ/PhotovoltaicFirst.git";"Belem";"-1.4537";"-48.5078";"monocrystalline";"bifacial";"2500";"0.23";"1";"0.23";"1.15";"1.15";"16";"0";"29.9";"12.1";"548.354";"482.552";"0.261172";"315.072";"100";"128";"1.4";"20";"10";"1.33333";"0.416667";"1.75";"0.7";"2.45";"5e+13";"50";"37500";"0.0104167";"0.75";"2.45";"2.45";"0";"0";"245";"245";"PHOTOVOLTAIC";"ON";"OFF"
"run_20260922_154729";"2026-09-22";"15:47:29";"2026-09-22 15:47:29";"265";"datacenter_high";"Data Center - Alta Carga";"6";"60";"5";"1";"manual";"1000";"750";"300";"20";"1";"origin";"main";"git@github.com:CAGDOJ/PhotovoltaicFirst.git";"Belem";"-1.4537";"-48.5078";"monocrystalline";"bifacial";"2500";"0.23";"1";"0.23";"1.15";"1.15";"16";"0";"29.9";"12.1";"548.354";"482.552";"0.261172";"315.072";"100";"128";"1.4";"20";"10";"1.33333";"0.416667";"1.75";"0.7";"2.45";"5e+13";"50";"37500";"0.0104167";"0.75";"2.45";"2.45";"0";"0";"245";"245";"PHOTOVOLTAIC";"ON";"OFF"
"run_20260922_154925";"2026-09-22";"15:49:25";"2026-09-22 15:49:25";"265";"datacenter_high";"Data Center - Alta Carga";"6";"60";"5";"1";"manual";"1000";"750";"300";"20";"1";"origin";"main";"git@github.com:CAGDOJ/PhotovoltaicFirst.git";"Belem";"-1.4537";"-48.5078";"monocrystalline";"bifacial";"2500";"0.23";"1";"0.23";"1.15";"1.15";"16";"0";"29.9";"12.1";"541.038";"476.114";"0.261172";"310.869";"100";"128";"1.4";"20";"10";"1.33333";"0.416667";"1.75";"0.7";"2.45";"5e+13";"50";"37500";"0.0104167";"0.75";"2.45";"2.45";"0";"0";"245";"245";"PHOTOVOLTAIC";"ON";"OFF"
"run_20260922_154959";"2026-09-22";"15:49:59";"2026-09-22 15:49:59";"265";"hpc_extreme";"HPC - Extremo";"6";"60";"5";"1";"manual";"5000";"1800";"600";"30";"1";"origin";"main";"git@github.com:CAGDOJ/PhotovoltaicFirst.git";"Belem";"-1.4537";"-48.5078";"monocrystalline";"bifacial";"30000";"0.24";"1";"0.24";"1.2";"1.2";"16";"0";"29.9";"12.1";"541.038";"476.114";"0.284376";"4061.86";"100";"1024";"1.25";"150";"75";"5.12";"0.625";"5.745";"1.43625";"7.18125";"5e+13";"10";"18000";"0.005";"1.8";"7.18125";"7.18125";"0";"0";"718.125";"718.125";"PHOTOVOLTAIC";"ON";"OFF"
"run_20260922_160053";"2026-09-22";"16:00:53";"2026-09-22 16:00:53";"265";"datacenter_high";"Data Center - Alta Carga";"6";"60";"5";"1";"manual";"1000";"750";"300";"20";"1";"origin";"main";"git@github.com:CAGDOJ/PhotovoltaicFirst.git";"Belem";"-1.4537";"-48.5078";"monocrystalline";"bifacial";"2500";"0.23";"1";"0.23";"1.15";"1.15";"55";"0";"29.4";"10";"500.079";"293.797";"0.261337";"191.95";"100";"128";"1.4";"20";"10";"1.33333";"0.416667";"1.75";"0.7";"2.45";"5e+13";"50";"37500";"0.0104167";"0.75";"2.45";"2.45";"0";"0";"245";"245";"PHOTOVOLTAIC";"ON";"OFF"
"run_20260922_160135";"2026-09-22";"16:01:35";"2026-09-22 16:01:35";"265";"hpc_extreme";"HPC - Extremo";"6";"60";"5";"1";"manual";"5000";"1800";"600";"30";"1";"origin";"main";"git@github.com:CAGDOJ/PhotovoltaicFirst.git";"Belem";"-1.4537";"-48.5078";"monocrystalline";"bifacial";"30000";"0.24";"1";"0.24";"1.2";"1.2";"55";"0";"29.4";"10";"496.297";"291.575";"0.284556";"2489.08";"100";"1024";"1.25";"150";"75";"102.4";"12.5";"114.9";"28.725";"143.625";"1e+15";"200";"360000";"0.1";"1.8";"143.625";"138.282";"5.34284";"534.284";"14362.5";"13828.2";"PHOTOVOLTAIC+GRID";"ON";"ON"
"run_20260922_160303";"2026-09-22";"16:03:03";"2026-09-22 16:03:03";"265";"hpc_extreme";"HPC - Extremo";"6";"60";"5";"1";"manual";"5000";"1800";"600";"30";"1";"origin";"main";"git@github.com:CAGDOJ/PhotovoltaicFirst.git";"Belem";"-1.4537";"-48.5078";"monocrystalline";"bifacial";"30000";"0.24";"1";"0.24";"1.2";"1.2";"55";"0";"29.4";"10";"488.705";"287.114";"0.284556";"2451";"100";"1024";"1.25";"150";"75";"102.4";"12.5";"114.9";"28.725";"143.625";"1e+15";"200";"360000";"0.1";"1.8";"143.625";"136.167";"7.4583";"745.83";"14362.5";"13616.7";"PHOTOVOLTAIC+GRID";"ON";"ON"
"run_20260922_160500";"2026-09-22";"16:05:00";"2026-09-22 16:05:00";"265";"hpc_extreme";"HPC - Extremo";"6";"60";"5";"1";"manual";"5000";"1800";"600";"30";"1";"origin";"main";"git@github.com:CAGDOJ/PhotovoltaicFirst.git";"Belem";"-1.4537";"-48.5078";"monocrystalline";"bifacial";"30000";"0.24";"1";"0.24";"1.2";"1.2";"55";"0";"29.4";"10";"481.075";"282.632";"0.284556";"2412.74";"100";"1024";"1.25";"150";"75";"102.4";"12.5";"114.9";"28.725";"143.625";"1e+15";"200";"360000";"0.1";"1.8";"143.625";"134.041";"9.58411";"958.411";"14362.5";"13404.1";"PHOTOVOLTAIC+GRID";"ON";"ON"
"run_20260922_160620";"2026-09-22";"16:06:20";"2026-09-22 16:06:20";"265";"hpc_extreme";"HPC - Extremo";"6";"60";"5";"1";"manual";"5000";"1800";"600";"30";"1";"origin";"main";"git@github.com:CAGDOJ/PhotovoltaicFirst.git";"Belem";"-1.4537";"-48.5078";"monocrystalline";"bifacial";"30000";"0.24";"1";"0.24";"1.2";"1.2";"55";"0";"29.4";"10";"477.247";"280.382";"0.284556";"2393.53";"100";"1024";"1.25";"150";"75";"102.4";"12.5";"114.9";"28.725";"143.625";"1e+15";"200";"360000";"0.1";"1.8";"143.625";"132.974";"10.6509";"1065.09";"14362.5";"13297.4";"PHOTOVOLTAIC+GRID";"ON";"ON"
"run_20260922_160626";"2026-09-22";"16:06:26";"2026-09-22 16:06:26";"265";"hpc_extreme";"HPC - Extremo";"6";"60";"5";"1";"manual";"5000";"1800";"600";"30";"1";"origin";"main";"git@github.com:CAGDOJ/PhotovoltaicFirst.git";"Belem";"-1.4537";"-48.5078";"monocrystalline";"bifacial";"30000";"0.24";"1";"0.24";"1.2";"1.2";"55";"0";"29.4";"10";"477.247";"280.382";"0.284556";"2393.53";"100";"1024";"1.25";"150";"75";"102.4";"12.5";"114.9";"28.725";"143.625";"1e+15";"200";"360000";"0.1";"1.8";"143.625";"132.974";"10.6509";"1065.09";"14362.5";"13297.4";"PHOTOVOLTAIC+GRID";"ON";"ON"
"run_20260922_160749";"2026-09-22";"16:07:49";"2026-09-22 16:07:49";"265";"hpc_extreme";"HPC - Extremo";"6";"60";"5";"1";"manual";"5000";"1800";"600";"30";"1";"origin";"main";"git@github.com:CAGDOJ/PhotovoltaicFirst.git";"Belem";"-1.4537";"-48.5078";"monocrystalline";"bifacial";"30000";"0.24";"1";"0.24";"1.2";"1.2";"55";"0";"29.4";"10";"473.409";"278.128";"0.284556";"2374.29";"100";"1024";"1.25";"150";"75";"102.4";"12.5";"114.9";"28.725";"143.625";"1e+15";"200";"360000";"0.1";"1.8";"143.625";"131.905";"11.7201";"1172.01";"14362.5";"13190.5";"PHOTOVOLTAIC+GRID";"ON";"ON"
"run_20260922_160752";"2026-09-22";"16:07:52";"2026-09-22 16:07:52";"265";"hpc_extreme";"HPC - Extremo";"6";"60";"5";"1";"manual";"5000";"1800";"600";"30";"1";"origin";"main";"git@github.com:CAGDOJ/PhotovoltaicFirst.git";"Belem";"-1.4537";"-48.5078";"monocrystalline";"bifacial";"30000";"0.24";"1";"0.24";"1.2";"1.2";"55";"0";"29.4";"10";"473.409";"278.128";"0.284556";"2374.29";"100";"1024";"1.25";"150";"75";"102.4";"12.5";"114.9";"28.725";"143.625";"1e+15";"200";"360000";"0.1";"1.8";"143.625";"131.905";"11.7201";"1172.01";"14362.5";"13190.5";"PHOTOVOLTAIC+GRID";"ON";"ON"
"run_20260922_161020";"2026-09-22";"16:10:20";"2026-09-22 16:10:20";"265";"hpc_extreme";"HPC - Extremo";"6";"60";"5";"1";"manual";"5000";"1800";"600";"30";"1";"origin";"main";"git@github.com:CAGDOJ/PhotovoltaicFirst.git";"Belem";"-1.4537";"-48.5078";"monocrystalline";"bifacial";"30000";"0.24";"1";"0.24";"1.2";"1.2";"55";"0";"29.4";"10";"461.842";"271.332";"0.284556";"2316.28";"100";"1024";"1.25";"150";"75";"102.4";"12.5";"114.9";"28.725";"143.625";"1e+15";"200";"360000";"0.1";"1.8";"143.625";"128.682";"14.9429";"1494.29";"14362.5";"12868.2";"PHOTOVOLTAIC+GRID";"ON";"ON"
"run_20260922_161039";"2026-09-22";"16:10:39";"2026-09-22 16:10:39";"265";"hpc_extreme";"HPC - Extremo";"6";"60";"5";"1";"manual";"5000";"1800";"600";"30";"1";"origin";"main";"git@github.com:CAGDOJ/PhotovoltaicFirst.git";"Belem";"-1.4537";"-48.5078";"monocrystalline";"bifacial";"30000";"0.24";"1";"0.24";"1.2";"1.2";"55";"0";"29.4";"10";"461.842";"271.332";"0.284556";"2316.28";"100";"1024";"1.25";"150";"75";"102.4";"12.5";"114.9";"28.725";"143.625";"1e+15";"200";"360000";"0.1";"1.8";"143.625";"128.682";"14.9429";"1494.29";"14362.5";"12868.2";"PHOTOVOLTAIC+GRID";"ON";"ON"
"run_20260922_161252";"2026-09-22";"16:12:52";"2026-09-22 16:12:52";"265";"hpc_extreme";"HPC - Extremo";"6";"60";"5";"1";"manual";"5000";"1800";"600";"30";"1";"origin";"main";"git@github.com:CAGDOJ/PhotovoltaicFirst.git";"Belem";"-1.4537";"-48.5078";"monocrystalline";"bifacial";"30000";"0.24";"1";"0.24";"1.2";"1.2";"55";"0";"29.4";"10";"454.087";"266.776";"0.284556";"2277.38";"100";"1024";"1.25";"150";"75";"102.4";"12.5";"114.9";"28.725";"143.625";"1e+15";"200";"360000";"0.1";"1.8";"143.625";"126.521";"17.1037";"1710.37";"14362.5";"12652.1";"PHOTOVOLTAIC+GRID";"ON";"ON"
"run_20260922_161325";"2026-09-22";"16:13:25";"2026-09-22 16:13:25";"265";"hpc_extreme";"HPC - Extremo";"6";"60";"5";"1";"manual";"5000";"1800";"600";"30";"1";"origin";"main";"git@github.com:CAGDOJ/PhotovoltaicFirst.git";"Belem";"-1.4537";"-48.5078";"monocrystalline";"bifacial";"30000";"0.24";"1";"0.24";"1.2";"1.2";"55";"0";"29.4";"10";"450.197";"264.49";"0.284556";"2257.87";"100";"1024";"1.25";"150";"75";"102.4";"12.5";"114.9";"28.725";"143.625";"1e+15";"200";"360000";"0.1";"1.8";"143.625";"125.437";"18.1878";"1818.78";"14362.5";"12543.7";"PHOTOVOLTAIC+GRID";"ON";"ON"
"run_20260922_161419";"2026-09-22";"16:14:19";"2026-09-22 16:14:19";"265";"hpc_extreme";"HPC - Extremo";"6";"60";"5";"1";"manual";"5000";"1800";"600";"30";"1";"origin";"main";"git@github.com:CAGDOJ/PhotovoltaicFirst.git";"Belem";"-1.4537";"-48.5078";"monocrystalline";"bifacial";"30000";"0.24";"1";"0.24";"1.2";"1.2";"55";"0";"29.4";"10";"446.297";"262.2";"0.284556";"2238.31";"100";"1024";"1.25";"150";"75";"102.4";"12.5";"114.9";"28.725";"143.625";"1e+15";"200";"360000";"0.1";"1.8";"143.625";"124.351";"19.2742";"1927.42";"14362.5";"12435.1";"PHOTOVOLTAIC+GRID";"ON";"ON"
"run_20260922_161930";"2026-09-22";"16:19:30";"2026-09-22 16:19:30";"265";"hpc_extreme";"HPC - Extremo";"6";"60";"5";"1";"manual";"5000";"1800";"600";"30";"1";"origin";"main";"git@github.com:CAGDOJ/PhotovoltaicFirst.git";"Belem";"-1.4537";"-48.5078";"monocrystalline";"bifacial";"30000";"0.24";"1";"0.24";"1.2";"1.2";"47";"0";"29.4";"10.1";"426.676";"276.273";"0.284579";"2358.64";"100";"1024";"1.25";"150";"75";"102.4";"12.5";"114.9";"28.725";"143.625";"1e+15";"200";"360000";"0.1";"1.8";"143.625";"131.035";"12.5896";"1258.96";"14362.5";"13103.5";"PHOTOVOLTAIC+GRID";"ON";"ON"
"run_20260922_161940";"2026-09-22";"16:19:40";"2026-09-22 16:19:40";"265";"hpc_extreme";"HPC - Extremo";"6";"60";"5";"1";"manual";"5000";"1800";"600";"30";"1";"origin";"main";"git@github.com:CAGDOJ/PhotovoltaicFirst.git";"Belem";"-1.4537";"-48.5078";"monocrystalline";"bifacial";"30000";"0.24";"1";"0.24";"1.2";"1.2";"47";"0";"29.4";"10.1";"426.676";"276.273";"0.284579";"2358.64";"100";"1024";"1.25";"150";"75";"102.4";"12.5";"114.9";"28.725";"143.625";"1e+15";"200";"360000";"0.1";"1.8";"143.625";"131.035";"12.5896";"1258.96";"14362.5";"13103.5";"PHOTOVOLTAIC+GRID";"ON";"ON"
"run_20260922_162054";"2026-09-22";"16:20:54";"2026-09-22 16:20:54";"265";"hpc_extreme";"HPC - Extremo";"6";"60";"5";"1";"manual";"5000";"1800";"600";"30";"1";"origin";"main";"git@github.com:CAGDOJ/PhotovoltaicFirst.git";"Belem";"-1.4537";"-48.5078";"monocrystalline";"bifacial";"30000";"0.24";"1";"0.24";"1.2";"1.2";"47";"0";"29.4";"10.1";"422.727";"273.716";"0.284579";"2336.81";"100";"1024";"1.25";"150";"75";"102.4";"12.5";"114.9";"28.725";"143.625";"1e+15";"200";"360000";"0.1";"1.8";"143.625";"129.823";"13.8024";"1380.24";"14362.5";"12982.3";"PHOTOVOLTAIC+GRID";"ON";"ON"
"run_20260922_162103";"2026-09-22";"16:21:03";"2026-09-22 16:21:03";"265";"hpc_extreme";"HPC - Extremo";"6";"60";"5";"1";"manual";"5000";"1800";"600";"30";"1";"origin";"main";"git@github.com:CAGDOJ/PhotovoltaicFirst.git";"Belem";"-1.4537";"-48.5078";"monocrystalline";"bifacial";"30000";"0.24";"1";"0.24";"1.2";"1.2";"47";"0";"29.4";"10.1";"418.77";"271.153";"0.284579";"2314.93";"100";"1024";"1.25";"150";"75";"102.4";"12.5";"114.9";"28.725";"143.625";"1e+15";"200";"360000";"0.1";"1.8";"143.625";"128.607";"15.0176";"1501.76";"14362.5";"12860.7";"PHOTOVOLTAIC+GRID";"ON";"ON"
"run_20260922_204451";"2026-09-22";"20:44:51";"2026-09-22 20:44:51";"265";"hpc_extreme";"HPC - Extremo";"6";"60";"5";"1";"manual";"5000";"1800";"600";"30";"1";"origin";"main";"git@github.com:CAGDOJ/PhotovoltaicFirst.git";"Belem";"-1.4537";"-48.5078";"monocrystalline";"bifacial";"30000";"0.24";"1";"0.24";"1.2";"1.2";"79";"0";"27";"11.4";"0";"0";"0.288011";"0";"100";"1024";"1.25";"150";"75";"102.4";"12.5";"114.9";"28.725";"143.625";"1e+15";"200";"360000";"0.1";"1.8";"143.625";"0";"143.625";"14362.5";"14362.5";"0";"GRID";"OFF";"ON"
"run_20260922_204453";"2026-09-22";"20:44:53";"2026-09-22 20:44:53";"265";"hpc_extreme";"HPC - Extremo";"6";"60";"5";"1";"manual";"5000";"1800";"600";"30";"1";"origin";"main";"git@github.com:CAGDOJ/PhotovoltaicFirst.git";"Belem";"-1.4537";"-48.5078";"monocrystalline";"bifacial";"30000";"0.24";"1";"0.24";"1.2";"1.2";"79";"0";"27";"11.4";"0";"0";"0.288011";"0";"100";"1024";"1.25";"150";"75";"102.4";"12.5";"114.9";"28.725";"143.625";"1e+15";"200";"360000";"0.1";"1.8";"143.625";"0";"143.625";"14362.5";"14362.5";"0";"GRID";"OFF";"ON"
"run_20260922_204614";"2026-09-22";"20:46:14";"2026-09-22 20:46:14";"265";"hpc_extreme";"HPC - Extremo";"6";"60";"5";"1";"manual";"5000";"1800";"600";"30";"1";"origin";"main";"git@github.com:CAGDOJ/PhotovoltaicFirst.git";"Belem";"-1.4537";"-48.5078";"monocrystalline";"bifacial";"30000";"0.24";"1";"0.24";"1.2";"1.2";"85";"0";"26.8";"11.5";"0";"0";"0.288295";"0";"100";"1024";"1.25";"150";"75";"102.4";"12.5";"114.9";"28.725";"143.625";"1e+15";"200";"360000";"0.1";"1.8";"143.625";"0";"143.625";"14362.5";"14362.5";"0";"GRID";"OFF";"ON"
"run_20260922_204616";"2026-09-22";"20:46:16";"2026-09-22 20:46:16";"265";"hpc_extreme";"HPC - Extremo";"6";"60";"5";"1";"manual";"5000";"1800";"600";"30";"1";"origin";"main";"git@github.com:CAGDOJ/PhotovoltaicFirst.git";"Belem";"-1.4537";"-48.5078";"monocrystalline";"bifacial";"30000";"0.24";"1";"0.24";"1.2";"1.2";"85";"0";"26.8";"11.5";"0";"0";"0.288295";"0";"100";"1024";"1.25";"150";"75";"102.4";"12.5";"114.9";"28.725";"143.625";"1e+15";"200";"360000";"0.1";"1.8";"143.625";"0";"143.625";"14362.5";"14362.5";"0";"GRID";"OFF";"ON"
"run_20260922_204736";"2026-09-22";"20:47:36";"2026-09-22 20:47:36";"265";"hpc_extreme";"HPC - Extremo";"6";"60";"5";"1";"manual";"5000";"1800";"600";"30";"1";"origin";"main";"git@github.com:CAGDOJ/PhotovoltaicFirst.git";"Belem";"-1.4537";"-48.5078";"monocrystalline";"bifacial";"30000";"0.24";"1";"0.24";"1.2";"1.2";"85";"0";"26.8";"11.5";"0";"0";"0.288295";"0";"100";"1024";"1.25";"150";"75";"102.4";"12.5";"114.9";"28.725";"143.625";"1e+15";"200";"360000";"0.1";"1.8";"143.625";"0";"143.625";"14362.5";"14362.5";"0";"GRID";"OFF";"ON"
"run_20260922_204738";"2026-09-22";"20:47:38";"2026-09-22 20:47:38";"265";"hpc_extreme";"HPC - Extremo";"6";"60";"5";"1";"manual";"5000";"1800";"600";"30";"1";"origin";"main";"git@github.com:CAGDOJ/PhotovoltaicFirst.git";"Belem";"-1.4537";"-48.5078";"monocrystalline";"bifacial";"30000";"0.24";"1";"0.24";"1.2";"1.2";"85";"0";"26.8";"11.5";"0";"0";"0.288295";"0";"100";"1024";"1.25";"150";"75";"102.4";"12.5";"114.9";"28.725";"143.625";"1e+15";"200";"360000";"0.1";"1.8";"143.625";"0";"143.625";"14362.5";"14362.5";"0";"GRID";"OFF";"ON"
"run_20260922_205002";"2026-09-22";"20:50:02";"2026-09-22 20:50:02";"265";"hpc_extreme";"HPC - Extremo";"6";"60";"5";"1";"manual";"5000";"1800";"600";"30";"1";"origin";"main";"git@github.com:CAGDOJ/PhotovoltaicFirst.git";"Belem";"-1.4537";"-48.5078";"monocrystalline";"bifacial";"30000";"0.24";"1";"0.24";"1.2";"1.2";"85";"0";"26.8";"11.5";"0";"0";"0.288295";"0";"100";"1024";"1.25";"150";"75";"102.4";"12.5";"114.9";"28.725";"143.625";"1e+15";"200";"360000";"0.1";"1.8";"143.625";"0";"143.625";"14362.5";"14362.5";"0";"GRID";"OFF";"ON"
"run_20260922_205153";"2026-09-22";"20:51:53";"2026-09-22 20:51:53";"265";"hpc_extreme";"HPC - Extremo";"6";"60";"5";"1";"manual";"5000";"1800";"600";"30";"1";"origin";"main";"git@github.com:CAGDOJ/PhotovoltaicFirst.git";"Belem";"-1.4537";"-48.5078";"monocrystalline";"bifacial";"30000";"0.24";"1";"0.24";"1.2";"1.2";"85";"0";"26.8";"11.5";"0";"0";"0.288295";"0";"100";"1024";"1.25";"150";"75";"102.4";"12.5";"114.9";"28.725";"143.625";"1e+15";"200";"360000";"0.1";"1.8";"143.625";"0";"143.625";"14362.5";"14362.5";"0";"GRID";"OFF";"ON"
"run_20260922_205209";"2026-09-22";"20:52:09";"2026-09-22 20:52:09";"265";"hpc_extreme";"HPC - Extremo";"6";"60";"5";"1";"manual";"5000";"1800";"600";"30";"1";"origin";"main";"git@github.com:CAGDOJ/PhotovoltaicFirst.git";"Belem";"-1.4537";"-48.5078";"monocrystalline";"bifacial";"30000";"0.24";"1";"0.24";"1.2";"1.2";"85";"0";"26.8";"11.5";"0";"0";"0.288295";"0";"100";"1024";"1.25";"150";"75";"102.4";"12.5";"114.9";"28.725";"143.625";"1e+15";"200";"360000";"0.1";"1.8";"143.625";"0";"143.625";"14362.5";"14362.5";"0";"GRID";"OFF";"ON"
"run_20260922_205316";"2026-09-22";"20:53:16";"2026-09-22 20:53:16";"265";"hpc_extreme";"HPC - Extremo";"6";"60";"5";"1";"manual";"5000";"1800";"600";"30";"1";"origin";"main";"git@github.com:CAGDOJ/PhotovoltaicFirst.git";"Belem";"-1.4537";"-48.5078";"monocrystalline";"bifacial";"30000";"0.24";"1";"0.24";"1.2";"1.2";"85";"0";"26.8";"11.5";"0";"0";"0.288295";"0";"100";"1024";"1.25";"150";"75";"102.4";"12.5";"114.9";"28.725";"143.625";"1e+15";"200";"360000";"0.1";"1.8";"143.625";"0";"143.625";"14362.5";"14362.5";"0";"GRID";"OFF";"ON"
"run_20260922_205330";"2026-09-22";"20:53:30";"2026-09-22 20:53:30";"265";"hpc_extreme";"HPC - Extremo";"6";"60";"5";"1";"manual";"5000";"1800";"600";"30";"1";"origin";"main";"git@github.com:CAGDOJ/PhotovoltaicFirst.git";"Belem";"-1.4537";"-48.5078";"monocrystalline";"bifacial";"30000";"0.24";"1";"0.24";"1.2";"1.2";"85";"0";"26.8";"11.5";"0";"0";"0.288295";"0";"100";"1024";"1.25";"150";"75";"102.4";"12.5";"114.9";"28.725";"143.625";"1e+15";"200";"360000";"0.1";"1.8";"143.625";"0";"143.625";"14362.5";"14362.5";"0";"GRID";"OFF";"ON"
"run_20260922_205437";"2026-09-22";"20:54:37";"2026-09-22 20:54:37";"265";"hpc_extreme";"HPC - Extremo";"6";"60";"5";"1";"manual";"5000";"1800";"600";"30";"1";"origin";"main";"git@github.com:CAGDOJ/PhotovoltaicFirst.git";"Belem";"-1.4537";"-48.5078";"monocrystalline";"bifacial";"30000";"0.24";"1";"0.24";"1.2";"1.2";"85";"0";"26.8";"11.5";"0";"0";"0.288295";"0";"100";"1024";"1.25";"150";"75";"102.4";"12.5";"114.9";"28.725";"143.625";"1e+15";"200";"360000";"0.1";"1.8";"143.625";"0";"143.625";"14362.5";"14362.5";"0";"GRID";"OFF";"ON"
"run_20260922_205451";"2026-09-22";"20:54:51";"2026-09-22 20:54:51";"265";"hpc_extreme";"HPC - Extremo";"6";"60";"5";"1";"manual";"5000";"1800";"600";"30";"1";"origin";"main";"git@github.com:CAGDOJ/PhotovoltaicFirst.git";"Belem";"-1.4537";"-48.5078";"monocrystalline";"bifacial";"30000";"0.24";"1";"0.24";"1.2";"1.2";"85";"0";"26.8";"11.5";"0";"0";"0.288295";"0";"100";"1024";"1.25";"150";"75";"102.4";"12.5";"114.9";"28.725";"143.625";"1e+15";"200";"360000";"0.1";"1.8";"143.625";"0";"143.625";"14362.5";"14362.5";"0";"GRID";"OFF";"ON"
"run_20260922_205558";"2026-09-22";"20:55:58";"2026-09-22 20:55:58";"265";"hpc_extreme";"HPC - Extremo";"6";"60";"5";"1";"manual";"5000";"1800";"600";"30";"1";"origin";"main";"git@github.com:CAGDOJ/PhotovoltaicFirst.git";"Belem";"-1.4537";"-48.5078";"monocrystalline";"bifacial";"30000";"0.24";"1";"0.24";"1.2";"1.2";"85";"0";"26.8";"11.5";"0";"0";"0.288295";"0";"100";"1024";"1.25";"150";"75";"102.4";"12.5";"114.9";"28.725";"143.625";"1e+15";"200";"360000";"0.1";"1.8";"143.625";"0";"143.625";"14362.5";"14362.5";"0";"GRID";"OFF";"ON"
"run_20260922_205613";"2026-09-22";"20:56:13";"2026-09-22 20:56:13";"265";"hpc_extreme";"HPC - Extremo";"6";"60";"5";"1";"manual";"5000";"1800";"600";"30";"1";"origin";"main";"git@github.com:CAGDOJ/PhotovoltaicFirst.git";"Belem";"-1.4537";"-48.5078";"monocrystalline";"bifacial";"30000";"0.24";"1";"0.24";"1.2";"1.2";"85";"0";"26.8";"11.5";"0";"0";"0.288295";"0";"100";"1024";"1.25";"150";"75";"102.4";"12.5";"114.9";"28.725";"143.625";"1e+15";"200";"360000";"0.1";"1.8";"143.625";"0";"143.625";"14362.5";"14362.5";"0";"GRID";"OFF";"ON"
"run_20260922_205719";"2026-09-22";"20:57:19";"2026-09-22 20:57:19";"265";"hpc_extreme";"HPC - Extremo";"6";"60";"5";"1";"manual";"5000";"1800";"600";"30";"1";"origin";"main";"git@github.com:CAGDOJ/PhotovoltaicFirst.git";"Belem";"-1.4537";"-48.5078";"monocrystalline";"bifacial";"30000";"0.24";"1";"0.24";"1.2";"1.2";"85";"0";"26.8";"11.5";"0";"0";"0.288295";"0";"100";"1024";"1.25";"150";"75";"102.4";"12.5";"114.9";"28.725";"143.625";"1e+15";"200";"360000";"0.1";"1.8";"143.625";"0";"143.625";"14362.5";"14362.5";"0";"GRID";"OFF";"ON"
"run_20260922_205737";"2026-09-22";"20:57:37";"2026-09-22 20:57:37";"265";"hpc_extreme";"HPC - Extremo";"6";"60";"5";"1";"manual";"5000";"1800";"600";"30";"1";"origin";"main";"git@github.com:CAGDOJ/PhotovoltaicFirst.git";"Belem";"-1.4537";"-48.5078";"monocrystalline";"bifacial";"30000";"0.24";"1";"0.24";"1.2";"1.2";"85";"0";"26.8";"11.5";"0";"0";"0.288295";"0";"100";"1024";"1.25";"150";"75";"102.4";"12.5";"114.9";"28.725";"143.625";"1e+15";"200";"360000";"0.1";"1.8";"143.625";"0";"143.625";"14362.5";"14362.5";"0";"GRID";"OFF";"ON"
"run_20260922_205842";"2026-09-22";"20:58:42";"2026-09-22 20:58:42";"265";"hpc_extreme";"HPC - Extremo";"6";"60";"5";"1";"manual";"5000";"1800";"600";"30";"1";"origin";"main";"git@github.com:CAGDOJ/PhotovoltaicFirst.git";"Belem";"-1.4537";"-48.5078";"monocrystalline";"bifacial";"30000";"0.24";"1";"0.24";"1.2";"1.2";"85";"0";"26.8";"11.5";"0";"0";"0.288295";"0";"100";"1024";"1.25";"150";"75";"102.4";"12.5";"114.9";"28.725";"143.625";"1e+15";"200";"360000";"0.1";"1.8";"143.625";"0";"143.625";"14362.5";"14362.5";"0";"GRID";"OFF";"ON"
"run_20260922_205903";"2026-09-22";"20:59:03";"2026-09-22 20:59:03";"265";"hpc_extreme";"HPC - Extremo";"6";"60";"5";"1";"manual";"5000";"1800";"600";"30";"1";"origin";"main";"git@github.com:CAGDOJ/PhotovoltaicFirst.git";"Belem";"-1.4537";"-48.5078";"monocrystalline";"bifacial";"30000";"0.24";"1";"0.24";"1.2";"1.2";"85";"0";"26.8";"11.5";"0";"0";"0.288295";"0";"100";"1024";"1.25";"150";"75";"102.4";"12.5";"114.9";"28.725";"143.625";"1e+15";"200";"360000";"0.1";"1.8";"143.625";"0";"143.625";"14362.5";"14362.5";"0";"GRID";"OFF";"ON"
"run_20260922_210012";"2026-09-22";"21:00:12";"2026-09-22 21:00:12";"265";"hpc_extreme";"HPC - Extremo";"6";"60";"5";"1";"manual";"5000";"1800";"600";"30";"1";"origin";"main";"git@github.com:CAGDOJ/PhotovoltaicFirst.git";"Belem";"-1.4537";"-48.5078";"monocrystalline";"bifacial";"30000";"0.24";"1";"0.24";"1.2";"1.2";"89";"0";"26.6";"11.7";"0";"0";"0.288603";"0";"100";"1024";"1.25";"150";"75";"102.4";"12.5";"114.9";"28.725";"143.625";"1e+15";"200";"360000";"0.1";"1.8";"143.625";"0";"143.625";"14362.5";"14362.5";"0";"GRID";"OFF";"ON"
"run_20260922_210032";"2026-09-22";"21:00:32";"2026-09-22 21:00:32";"265";"hpc_extreme";"HPC - Extremo";"6";"60";"5";"1";"manual";"5000";"1800";"600";"30";"1";"origin";"main";"git@github.com:CAGDOJ/PhotovoltaicFirst.git";"Belem";"-1.4537";"-48.5078";"monocrystalline";"bifacial";"30000";"0.24";"1";"0.24";"1.2";"1.2";"89";"0";"26.6";"11.7";"0";"0";"0.288603";"0";"100";"1024";"1.25";"150";"75";"102.4";"12.5";"114.9";"28.725";"143.625";"1e+15";"200";"360000";"0.1";"1.8";"143.625";"0";"143.625";"14362.5";"14362.5";"0";"GRID";"OFF";"ON"
"run_20260922_210320";"2026-09-22";"21:03:20";"2026-09-22 21:03:20";"265";"hpc_extreme";"HPC - Extremo";"6";"60";"5";"1";"manual";"5000";"1800";"600";"30";"1";"origin";"main";"git@github.com:CAGDOJ/PhotovoltaicFirst.git";"Belem";"-1.4537";"-48.5078";"monocrystalline";"bifacial";"30000";"0.24";"1";"0.24";"1.2";"1.2";"8";"0";"26.4";"10.1";"0";"0";"0.288498";"0";"100";"1024";"1.25";"150";"75";"102.4";"12.5";"114.9";"28.725";"143.625";"1e+15";"200";"360000";"0.1";"1.8";"143.625";"0";"143.625";"14362.5";"14362.5";"0";"GRID";"OFF";"ON"
"run_20260922_210334";"2026-09-22";"21:03:34";"2026-09-22 21:03:34";"265";"hpc_extreme";"HPC - Extremo";"6";"60";"5";"1";"manual";"5000";"1800";"600";"30";"1";"origin";"main";"git@github.com:CAGDOJ/PhotovoltaicFirst.git";"Belem";"-1.4537";"-48.5078";"monocrystalline";"bifacial";"30000";"0.24";"1";"0.24";"1.2";"1.2";"8";"0";"26.4";"10.1";"0";"0";"0.288498";"0";"100";"1024";"1.25";"150";"75";"102.4";"12.5";"114.9";"28.725";"143.625";"1e+15";"200";"360000";"0.1";"1.8";"143.625";"0";"143.625";"14362.5";"14362.5";"0";"GRID";"OFF";"ON"
"run_20260922_210450";"2026-09-22";"21:04:50";"2026-09-22 21:04:50";"265";"hpc_extreme";"HPC - Extremo";"6";"60";"5";"1";"manual";"5000";"1800";"600";"30";"1";"origin";"main";"git@github.com:CAGDOJ/PhotovoltaicFirst.git";"Belem";"-1.4537";"-48.5078";"monocrystalline";"bifacial";"30000";"0.24";"1";"0.24";"1.2";"1.2";"8";"0";"26.4";"10.1";"0";"0";"0.288498";"0";"100";"1024";"1.25";"150";"75";"102.4";"12.5";"114.9";"28.725";"143.625";"1e+15";"200";"360000";"0.1";"1.8";"143.625";"0";"143.625";"14362.5";"14362.5";"0";"GRID";"OFF";"ON"
"run_20260922_210503";"2026-09-22";"21:05:03";"2026-09-22 21:05:03";"265";"hpc_extreme";"HPC - Extremo";"6";"60";"5";"1";"manual";"5000";"1800";"600";"30";"1";"origin";"main";"git@github.com:CAGDOJ/PhotovoltaicFirst.git";"Belem";"-1.4537";"-48.5078";"monocrystalline";"bifacial";"30000";"0.24";"1";"0.24";"1.2";"1.2";"8";"0";"26.4";"10.1";"0";"0";"0.288498";"0";"100";"1024";"1.25";"150";"75";"102.4";"12.5";"114.9";"28.725";"143.625";"1e+15";"200";"360000";"0.1";"1.8";"143.625";"0";"143.625";"14362.5";"14362.5";"0";"GRID";"OFF";"ON"
"run_20260922_210617";"2026-09-22";"21:06:17";"2026-09-22 21:06:17";"265";"hpc_extreme";"HPC - Extremo";"6";"60";"5";"1";"manual";"5000";"1800";"600";"30";"1";"origin";"main";"git@github.com:CAGDOJ/PhotovoltaicFirst.git";"Belem";"-1.4537";"-48.5078";"monocrystalline";"bifacial";"30000";"0.24";"1";"0.24";"1.2";"1.2";"8";"0";"26.4";"10.1";"0";"0";"0.288498";"0";"100";"1024";"1.25";"150";"75";"102.4";"12.5";"114.9";"28.725";"143.625";"1e+15";"200";"360000";"0.1";"1.8";"143.625";"0";"143.625";"14362.5";"14362.5";"0";"GRID";"OFF";"ON"
"run_20260922_210628";"2026-09-22";"21:06:28";"2026-09-22 21:06:28";"265";"hpc_extreme";"HPC - Extremo";"6";"60";"5";"1";"manual";"5000";"1800";"600";"30";"1";"origin";"main";"git@github.com:CAGDOJ/PhotovoltaicFirst.git";"Belem";"-1.4537";"-48.5078";"monocrystalline";"bifacial";"30000";"0.24";"1";"0.24";"1.2";"1.2";"8";"0";"26.4";"10.1";"0";"0";"0.288498";"0";"100";"1024";"1.25";"150";"75";"102.4";"12.5";"114.9";"28.725";"143.625";"1e+15";"200";"360000";"0.1";"1.8";"143.625";"0";"143.625";"14362.5";"14362.5";"0";"GRID";"OFF";"ON"
"run_20260922_210742";"2026-09-22";"21:07:42";"2026-09-22 21:07:42";"265";"hpc_extreme";"HPC - Extremo";"6";"60";"5";"1";"manual";"5000";"1800";"600";"30";"1";"origin";"main";"git@github.com:CAGDOJ/PhotovoltaicFirst.git";"Belem";"-1.4537";"-48.5078";"monocrystalline";"bifacial";"30000";"0.24";"1";"0.24";"1.2";"1.2";"8";"0";"26.4";"10.1";"0";"0";"0.288498";"0";"100";"1024";"1.25";"150";"75";"102.4";"12.5";"114.9";"28.725";"143.625";"1e+15";"200";"360000";"0.1";"1.8";"143.625";"0";"143.625";"14362.5";"14362.5";"0";"GRID";"OFF";"ON"
"run_20260922_210754";"2026-09-22";"21:07:54";"2026-09-22 21:07:54";"265";"hpc_extreme";"HPC - Extremo";"6";"60";"5";"1";"manual";"5000";"1800";"600";"30";"1";"origin";"main";"git@github.com:CAGDOJ/PhotovoltaicFirst.git";"Belem";"-1.4537";"-48.5078";"monocrystalline";"bifacial";"30000";"0.24";"1";"0.24";"1.2";"1.2";"8";"0";"26.4";"10.1";"0";"0";"0.288498";"0";"100";"1024";"1.25";"150";"75";"102.4";"12.5";"114.9";"28.725";"143.625";"1e+15";"200";"360000";"0.1";"1.8";"143.625";"0";"143.625";"14362.5";"14362.5";"0";"GRID";"OFF";"ON"
"run_20260922_210921";"2026-09-22";"21:09:21";"2026-09-22 21:09:21";"265";"hpc_extreme";"HPC - Extremo";"6";"60";"5";"1";"manual";"5000";"1800";"600";"30";"1";"origin";"main";"git@github.com:CAGDOJ/PhotovoltaicFirst.git";"Belem";"-1.4537";"-48.5078";"monocrystalline";"bifacial";"30000";"0.24";"1";"0.24";"1.2";"1.2";"8";"0";"26.4";"10.1";"0";"0";"0.288498";"0";"100";"1024";"1.25";"150";"75";"102.4";"12.5";"114.9";"28.725";"143.625";"1e+15";"200";"360000";"0.1";"1.8";"143.625";"0";"143.625";"14362.5";"14362.5";"0";"GRID";"OFF";"ON"
"run_20260922_210934";"2026-09-22";"21:09:34";"2026-09-22 21:09:34";"265";"hpc_extreme";"HPC - Extremo";"6";"60";"5";"1";"manual";"5000";"1800";"600";"30";"1";"origin";"main";"git@github.com:CAGDOJ/PhotovoltaicFirst.git";"Belem";"-1.4537";"-48.5078";"monocrystalline";"bifacial";"30000";"0.24";"1";"0.24";"1.2";"1.2";"8";"0";"26.4";"10.1";"0";"0";"0.288498";"0";"100";"1024";"1.25";"150";"75";"102.4";"12.5";"114.9";"28.725";"143.625";"1e+15";"200";"360000";"0.1";"1.8";"143.625";"0";"143.625";"14362.5";"14362.5";"0";"GRID";"OFF";"ON"
"run_20260922_211116";"2026-09-22";"21:11:16";"2026-09-22 21:11:16";"265";"hpc_extreme";"HPC - Extremo";"6";"60";"5";"1";"manual";"5000";"1800";"600";"30";"1";"origin";"main";"git@github.com:CAGDOJ/PhotovoltaicFirst.git";"Belem";"-1.4537";"-48.5078";"monocrystalline";"bifacial";"30000";"0.24";"1";"0.24";"1.2";"1.2";"8";"0";"26.4";"10.1";"0";"0";"0.288498";"0";"100";"1024";"1.25";"150";"75";"102.4";"12.5";"114.9";"28.725";"143.625";"1e+15";"200";"360000";"0.1";"1.8";"143.625";"0";"143.625";"14362.5";"14362.5";"0";"GRID";"OFF";"ON"
"run_20260922_231344";"2026-09-22";"23:13:44";"2026-09-22 23:13:44";"265";"hpc_extreme";"HPC - Extremo";"6";"60";"5";"1";"manual";"5000";"1800";"600";"30";"1";"origin";"main";"git@github.com:CAGDOJ/PhotovoltaicFirst.git";"Belem";"-1.4537";"-48.5078";"monocrystalline";"bifacial";"30000";"0.24";"1";"0.24";"1.2";"1.2";"0";"0";"25.5";"8.6";"0";"0";"0.289329";"0";"100";"1024";"1.25";"150";"75";"102.4";"12.5";"114.9";"28.725";"143.625";"1e+15";"200";"360000";"0.1";"1.8";"143.625";"0";"143.625";"14362.5";"14362.5";"0";"GRID";"OFF";"ON"
"run_20260922_231510";"2026-09-22";"23:15:10";"2026-09-22 23:15:10";"265";"hpc_extreme";"HPC - Extremo";"6";"60";"5";"1";"manual";"5000";"1800";"600";"30";"1";"origin";"main";"git@github.com:CAGDOJ/PhotovoltaicFirst.git";"Belem";"-1.4537";"-48.5078";"monocrystalline";"bifacial";"30000";"0.24";"1";"0.24";"1.2";"1.2";"0";"0";"25.4";"8.4";"0";"0";"0.289413";"0";"100";"1024";"1.25";"150";"75";"102.4";"12.5";"114.9";"28.725";"143.625";"1e+15";"200";"360000";"0.1";"1.8";"143.625";"0";"143.625";"14362.5";"14362.5";"0";"GRID";"OFF";"ON"
"run_20260922_231639";"2026-09-22";"23:16:39";"2026-09-22 23:16:39";"265";"hpc_extreme";"HPC - Extremo";"6";"60";"5";"1";"manual";"5000";"1800";"600";"30";"1";"origin";"main";"git@github.com:CAGDOJ/PhotovoltaicFirst.git";"Belem";"-1.4537";"-48.5078";"monocrystalline";"bifacial";"30000";"0.24";"1";"0.24";"1.2";"1.2";"0";"0";"25.4";"8.4";"0";"0";"0.289413";"0";"100";"1024";"1.25";"150";"75";"102.4";"12.5";"114.9";"28.725";"143.625";"1e+15";"200";"360000";"0.1";"1.8";"143.625";"0";"143.625";"14362.5";"14362.5";"0";"GRID";"OFF";"ON"
"run_20260922_231803";"2026-09-22";"23:18:03";"2026-09-22 23:18:03";"265";"hpc_extreme";"HPC - Extremo";"6";"60";"5";"1";"manual";"5000";"1800";"600";"30";"1";"origin";"main";"git@github.com:CAGDOJ/PhotovoltaicFirst.git";"Belem";"-1.4537";"-48.5078";"monocrystalline";"bifacial";"30000";"0.24";"1";"0.24";"1.2";"1.2";"0";"0";"25.4";"8.4";"0";"0";"0.289413";"0";"100";"1024";"1.25";"150";"75";"102.4";"12.5";"114.9";"28.725";"143.625";"1e+15";"200";"360000";"0.1";"1.8";"143.625";"0";"143.625";"14362.5";"14362.5";"0";"GRID";"OFF";"ON"
"run_20260922_231927";"2026-09-22";"23:19:27";"2026-09-22 23:19:27";"265";"hpc_extreme";"HPC - Extremo";"6";"60";"5";"1";"manual";"5000";"1800";"600";"30";"1";"origin";"main";"git@github.com:CAGDOJ/PhotovoltaicFirst.git";"Belem";"-1.4537";"-48.5078";"monocrystalline";"bifacial";"30000";"0.24";"1";"0.24";"1.2";"1.2";"0";"0";"25.4";"8.4";"0";"0";"0.289413";"0";"100";"1024";"1.25";"150";"75";"102.4";"12.5";"114.9";"28.725";"143.625";"1e+15";"200";"360000";"0.1";"1.8";"143.625";"0";"143.625";"14362.5";"14362.5";"0";"GRID";"OFF";"ON"
"run_20260922_232052";"2026-09-22";"23:20:52";"2026-09-22 23:20:52";"265";"hpc_extreme";"HPC - Extremo";"6";"60";"5";"1";"manual";"5000";"1800";"600";"30";"1";"origin";"main";"git@github.com:CAGDOJ/PhotovoltaicFirst.git";"Belem";"-1.4537";"-48.5078";"monocrystalline";"bifacial";"30000";"0.24";"1";"0.24";"1.2";"1.2";"0";"0";"25.4";"8.4";"0";"0";"0.289413";"0";"100";"1024";"1.25";"150";"75";"102.4";"12.5";"114.9";"28.725";"143.625";"1e+15";"200";"360000";"0.1";"1.8";"143.625";"0";"143.625";"14362.5";"14362.5";"0";"GRID";"OFF";"ON"
"run_20260922_232217";"2026-09-22";"23:22:17";"2026-09-22 23:22:17";"265";"hpc_extreme";"HPC - Extremo";"6";"60";"5";"1";"manual";"5000";"1800";"600";"30";"1";"origin";"main";"git@github.com:CAGDOJ/PhotovoltaicFirst.git";"Belem";"-1.4537";"-48.5078";"monocrystalline";"bifacial";"30000";"0.24";"1";"0.24";"1.2";"1.2";"0";"0";"25.4";"8.4";"0";"0";"0.289413";"0";"100";"1024";"1.25";"150";"75";"102.4";"12.5";"114.9";"28.725";"143.625";"1e+15";"200";"360000";"0.1";"1.8";"143.625";"0";"143.625";"14362.5";"14362.5";"0";"GRID";"OFF";"ON"
"run_20260922_232348";"2026-09-22";"23:23:48";"2026-09-22 23:23:48";"265";"hpc_extreme";"HPC - Extremo";"6";"60";"5";"1";"manual";"5000";"1800";"600";"30";"1";"origin";"main";"git@github.com:CAGDOJ/PhotovoltaicFirst.git";"Belem";"-1.4537";"-48.5078";"monocrystalline";"bifacial";"30000";"0.24";"1";"0.24";"1.2";"1.2";"0";"0";"25.4";"8.4";"0";"0";"0.289413";"0";"100";"1024";"1.25";"150";"75";"102.4";"12.5";"114.9";"28.725";"143.625";"1e+15";"200";"360000";"0.1";"1.8";"143.625";"0";"143.625";"14362.5";"14362.5";"0";"GRID";"OFF";"ON"
"run_20260922_232511";"2026-09-22";"23:25:11";"2026-09-22 23:25:11";"265";"hpc_extreme";"HPC - Extremo";"6";"60";"5";"1";"manual";"5000";"1800";"600";"30";"1";"origin";"main";"git@github.com:CAGDOJ/PhotovoltaicFirst.git";"Belem";"-1.4537";"-48.5078";"monocrystalline";"bifacial";"30000";"0.24";"1";"0.24";"1.2";"1.2";"0";"0";"25.4";"8.4";"0";"0";"0.289413";"0";"100";"1024";"1.25";"150";"75";"102.4";"12.5";"114.9";"28.725";"143.625";"1e+15";"200";"360000";"0.1";"1.8";"143.625";"0";"143.625";"14362.5";"14362.5";"0";"GRID";"OFF";"ON"
"run_20260922_232637";"2026-09-22";"23:26:37";"2026-09-22 23:26:37";"265";"hpc_extreme";"HPC - Extremo";"6";"60";"5";"1";"manual";"5000";"1800";"600";"30";"1";"origin";"main";"git@github.com:CAGDOJ/PhotovoltaicFirst.git";"Belem";"-1.4537";"-48.5078";"monocrystalline";"bifacial";"30000";"0.24";"1";"0.24";"1.2";"1.2";"0";"0";"25.4";"8.4";"0";"0";"0.289413";"0";"100";"1024";"1.25";"150";"75";"102.4";"12.5";"114.9";"28.725";"143.625";"1e+15";"200";"360000";"0.1";"1.8";"143.625";"0";"143.625";"14362.5";"14362.5";"0";"GRID";"OFF";"ON"
"run_20260922_232805";"2026-09-22";"23:28:05";"2026-09-22 23:28:05";"265";"hpc_extreme";"HPC - Extremo";"6";"60";"5";"1";"manual";"5000";"1800";"600";"30";"1";"origin";"main";"git@github.com:CAGDOJ/PhotovoltaicFirst.git";"Belem";"-1.4537";"-48.5078";"monocrystalline";"bifacial";"30000";"0.24";"1";"0.24";"1.2";"1.2";"0";"0";"25.4";"8.4";"0";"0";"0.289413";"0";"100";"1024";"1.25";"150";"75";"102.4";"12.5";"114.9";"28.725";"143.625";"1e+15";"200";"360000";"0.1";"1.8";"143.625";"0";"143.625";"14362.5";"14362.5";"0";"GRID";"OFF";"ON"
"run_20260922_232933";"2026-09-22";"23:29:33";"2026-09-22 23:29:33";"265";"hpc_extreme";"HPC - Extremo";"6";"60";"5";"1";"manual";"5000";"1800";"600";"30";"1";"origin";"main";"git@github.com:CAGDOJ/PhotovoltaicFirst.git";"Belem";"-1.4537";"-48.5078";"monocrystalline";"bifacial";"30000";"0.24";"1";"0.24";"1.2";"1.2";"0";"0";"25.4";"8.4";"0";"0";"0.289413";"0";"100";"1024";"1.25";"150";"75";"102.4";"12.5";"114.9";"28.725";"143.625";"1e+15";"200";"360000";"0.1";"1.8";"143.625";"0";"143.625";"14362.5";"14362.5";"0";"GRID";"OFF";"ON"
"run_20260922_233102";"2026-09-22";"23:31:02";"2026-09-22 23:31:02";"265";"hpc_extreme";"HPC - Extremo";"6";"60";"5";"1";"manual";"5000";"1800";"600";"30";"1";"origin";"main";"git@github.com:CAGDOJ/PhotovoltaicFirst.git";"Belem";"-1.4537";"-48.5078";"monocrystalline";"bifacial";"30000";"0.24";"1";"0.24";"1.2";"1.2";"1";"0";"25.3";"8.2";"0";"0";"0.289498";"0";"100";"1024";"1.25";"150";"75";"102.4";"12.5";"114.9";"28.725";"143.625";"1e+15";"200";"360000";"0.1";"1.8";"143.625";"0";"143.625";"14362.5";"14362.5";"0";"GRID";"OFF";"ON"
"run_20260922_233232";"2026-09-22";"23:32:32";"2026-09-22 23:32:32";"265";"hpc_extreme";"HPC - Extremo";"6";"60";"5";"1";"manual";"5000";"1800";"600";"30";"1";"origin";"main";"git@github.com:CAGDOJ/PhotovoltaicFirst.git";"Belem";"-1.4537";"-48.5078";"monocrystalline";"bifacial";"30000";"0.24";"1";"0.24";"1.2";"1.2";"1";"0";"25.3";"8.2";"0";"0";"0.289498";"0";"100";"1024";"1.25";"150";"75";"102.4";"12.5";"114.9";"28.725";"143.625";"1e+15";"200";"360000";"0.1";"1.8";"143.625";"0";"143.625";"14362.5";"14362.5";"0";"GRID";"OFF";"ON"
"run_20260922_233402";"2026-09-22";"23:34:02";"2026-09-22 23:34:02";"265";"hpc_extreme";"HPC - Extremo";"6";"60";"5";"1";"manual";"5000";"1800";"600";"30";"1";"origin";"main";"git@github.com:CAGDOJ/PhotovoltaicFirst.git";"Belem";"-1.4537";"-48.5078";"monocrystalline";"bifacial";"30000";"0.24";"1";"0.24";"1.2";"1.2";"1";"0";"25.3";"8.2";"0";"0";"0.289498";"0";"100";"1024";"1.25";"150";"75";"102.4";"12.5";"114.9";"28.725";"143.625";"1e+15";"200";"360000";"0.1";"1.8";"143.625";"0";"143.625";"14362.5";"14362.5";"0";"GRID";"OFF";"ON"
"run_20260922_233531";"2026-09-22";"23:35:31";"2026-09-22 23:35:31";"265";"hpc_extreme";"HPC - Extremo";"6";"60";"5";"1";"manual";"5000";"1800";"600";"30";"1";"origin";"main";"git@github.com:CAGDOJ/PhotovoltaicFirst.git";"Belem";"-1.4537";"-48.5078";"monocrystalline";"bifacial";"30000";"0.24";"1";"0.24";"1.2";"1.2";"1";"0";"25.3";"8.2";"0";"0";"0.289498";"0";"100";"1024";"1.25";"150";"75";"102.4";"12.5";"114.9";"28.725";"143.625";"1e+15";"200";"360000";"0.1";"1.8";"143.625";"0";"143.625";"14362.5";"14362.5";"0";"GRID";"OFF";"ON"
"run_20260922_233702";"2026-09-22";"23:37:02";"2026-09-22 23:37:02";"265";"hpc_extreme";"HPC - Extremo";"6";"60";"5";"1";"manual";"5000";"1800";"600";"30";"1";"origin";"main";"git@github.com:CAGDOJ/PhotovoltaicFirst.git";"Belem";"-1.4537";"-48.5078";"monocrystalline";"bifacial";"30000";"0.24";"1";"0.24";"1.2";"1.2";"1";"0";"25.3";"8.2";"0";"0";"0.289498";"0";"100";"1024";"1.25";"150";"75";"102.4";"12.5";"114.9";"28.725";"143.625";"1e+15";"200";"360000";"0.1";"1.8";"143.625";"0";"143.625";"14362.5";"14362.5";"0";"GRID";"OFF";"ON"
"run_20260922_233830";"2026-09-22";"23:38:30";"2026-09-22 23:38:30";"265";"hpc_extreme";"HPC - Extremo";"6";"60";"5";"1";"manual";"5000";"1800";"600";"30";"1";"origin";"main";"git@github.com:CAGDOJ/PhotovoltaicFirst.git";"Belem";"-1.4537";"-48.5078";"monocrystalline";"bifacial";"30000";"0.24";"1";"0.24";"1.2";"1.2";"1";"0";"25.3";"8.2";"0";"0";"0.289498";"0";"100";"1024";"1.25";"150";"75";"102.4";"12.5";"114.9";"28.725";"143.625";"1e+15";"200";"360000";"0.1";"1.8";"143.625";"0";"143.625";"14362.5";"14362.5";"0";"GRID";"OFF";"ON"
"run_20260922_234102";"2026-09-22";"23:41:02";"2026-09-22 23:41:02";"265";"hpc_extreme";"HPC - Extremo";"6";"60";"5";"1";"manual";"5000";"1800";"600";"30";"1";"origin";"main";"git@github.com:CAGDOJ/PhotovoltaicFirst.git";"Belem";"-1.4537";"-48.5078";"monocrystalline";"bifacial";"30000";"0.24";"1";"0.24";"1.2";"1.2";"1";"0";"25.3";"8.2";"0";"0";"0.289498";"0";"100";"1024";"1.25";"150";"75";"102.4";"12.5";"114.9";"28.725";"143.625";"1e+15";"200";"360000";"0.1";"1.8";"143.625";"0";"143.625";"14362.5";"14362.5";"0";"GRID";"OFF";"ON"
"run_20260922_234341";"2026-09-22";"23:43:41";"2026-09-22 23:43:41";"265";"hpc_extreme";"HPC - Extremo";"6";"60";"5";"1";"manual";"5000";"1800";"600";"30";"1";"origin";"main";"git@github.com:CAGDOJ/PhotovoltaicFirst.git";"Belem";"-1.4537";"-48.5078";"monocrystalline";"bifacial";"30000";"0.24";"1";"0.24";"1.2";"1.2";"1";"0";"25.3";"8.2";"0";"0";"0.289498";"0";"100";"1024";"1.25";"150";"75";"102.4";"12.5";"114.9";"28.725";"143.625";"1e+15";"200";"360000";"0.1";"1.8";"143.625";"0";"143.625";"14362.5";"14362.5";"0";"GRID";"OFF";"ON"
"run_20260922_234510";"2026-09-22";"23:45:10";"2026-09-22 23:45:10";"265";"hpc_extreme";"HPC - Extremo";"6";"60";"5";"1";"manual";"5000";"1800";"600";"30";"1";"origin";"main";"git@github.com:CAGDOJ/PhotovoltaicFirst.git";"Belem";"-1.4537";"-48.5078";"monocrystalline";"bifacial";"30000";"0.24";"1";"0.24";"1.2";"1.2";"1";"0";"25.2";"8";"0";"0";"0.289582";"0";"100";"1024";"1.25";"150";"75";"102.4";"12.5";"114.9";"28.725";"143.625";"1e+15";"200";"360000";"0.1";"1.8";"143.625";"0";"143.625";"14362.5";"14362.5";"0";"GRID";"OFF";"ON"
"run_20260922_234646";"2026-09-22";"23:46:46";"2026-09-22 23:46:46";"265";"hpc_extreme";"HPC - Extremo";"6";"60";"5";"1";"manual";"5000";"1800";"600";"30";"1";"origin";"main";"git@github.com:CAGDOJ/PhotovoltaicFirst.git";"Belem";"-1.4537";"-48.5078";"monocrystalline";"bifacial";"30000";"0.24";"1";"0.24";"1.2";"1.2";"1";"0";"25.2";"8";"0";"0";"0.289582";"0";"100";"1024";"1.25";"150";"75";"102.4";"12.5";"114.9";"28.725";"143.625";"1e+15";"200";"360000";"0.1";"1.8";"143.625";"0";"143.625";"14362.5";"14362.5";"0";"GRID";"OFF";"ON"
"run_20260923_105548";"2026-09-23";"10:55:48";"2026-09-23 10:55:48";"266";"hpc_extreme";"HPC - Extremo";"6";"60";"5";"1";"manual";"5000";"1800";"600";"30";"1";"origin";"main";"git@github.com:CAGDOJ/PhotovoltaicFirst.git";"Belem";"-1.4537";"-48.5078";"monocrystalline";"bifacial";"30000";"0.24";"1";"0.24";"1.2";"1.2";"96";"0";"31.6";"5.4";"960.039";"268.811";"0.280654";"2263.28";"100";"1024";"1.25";"150";"75";"102.4";"12.5";"114.9";"28.725";"143.625";"1e+15";"200";"360000";"0.1";"1.8";"143.625";"125.738";"17.8871";"1788.71";"14362.5";"12573.8";"PHOTOVOLTAIC+GRID";"ON";"ON"
"run_20260923_105717";"2026-09-23";"10:57:17";"2026-09-23 10:57:17";"266";"hpc_extreme";"HPC - Extremo";"6";"60";"5";"1";"manual";"5000";"1800";"600";"30";"1";"origin";"main";"git@github.com:CAGDOJ/PhotovoltaicFirst.git";"Belem";"-1.4537";"-48.5078";"monocrystalline";"bifacial";"30000";"0.24";"1";"0.24";"1.2";"1.2";"96";"0";"31.6";"5.4";"962.443";"269.484";"0.280654";"2268.95";"100";"1024";"1.25";"150";"75";"102.4";"12.5";"114.9";"28.725";"143.625";"1e+15";"200";"360000";"0.1";"1.8";"143.625";"126.053";"17.5722";"1757.22";"14362.5";"12605.3";"PHOTOVOLTAIC+GRID";"ON";"ON"
"run_20260923_105719";"2026-09-23";"10:57:19";"2026-09-23 10:57:19";"266";"hpc_extreme";"HPC - Extremo";"6";"60";"5";"1";"manual";"5000";"1800";"600";"30";"1";"origin";"main";"git@github.com:CAGDOJ/PhotovoltaicFirst.git";"Belem";"-1.4537";"-48.5078";"monocrystalline";"bifacial";"30000";"0.24";"1";"0.24";"1.2";"1.2";"96";"0";"31.6";"5.4";"962.443";"269.484";"0.280654";"2268.95";"100";"1024";"1.25";"150";"75";"102.4";"12.5";"114.9";"28.725";"143.625";"1e+15";"200";"360000";"0.1";"1.8";"143.625";"126.053";"17.5722";"1757.22";"14362.5";"12605.3";"PHOTOVOLTAIC+GRID";"ON";"ON"
"run_20260923_105843";"2026-09-23";"10:58:43";"2026-09-23 10:58:43";"266";"hpc_extreme";"HPC - Extremo";"6";"60";"5";"1";"manual";"5000";"1800";"600";"30";"1";"origin";"main";"git@github.com:CAGDOJ/PhotovoltaicFirst.git";"Belem";"-1.4537";"-48.5078";"monocrystalline";"bifacial";"30000";"0.24";"1";"0.24";"1.2";"1.2";"96";"0";"31.6";"5.4";"963.618";"269.813";"0.280654";"2271.72";"100";"1024";"1.25";"150";"75";"102.4";"12.5";"114.9";"28.725";"143.625";"1e+15";"200";"360000";"0.1";"1.8";"143.625";"126.207";"17.4184";"1741.84";"14362.5";"12620.7";"PHOTOVOLTAIC+GRID";"ON";"ON"
"run_20260923_105846";"2026-09-23";"10:58:46";"2026-09-23 10:58:46";"266";"hpc_extreme";"HPC - Extremo";"6";"60";"5";"1";"manual";"5000";"1800";"600";"30";"1";"origin";"main";"git@github.com:CAGDOJ/PhotovoltaicFirst.git";"Belem";"-1.4537";"-48.5078";"monocrystalline";"bifacial";"30000";"0.24";"1";"0.24";"1.2";"1.2";"96";"0";"31.6";"5.4";"963.618";"269.813";"0.280654";"2271.72";"100";"1024";"1.25";"150";"75";"102.4";"12.5";"114.9";"28.725";"143.625";"1e+15";"200";"360000";"0.1";"1.8";"143.625";"126.207";"17.4184";"1741.84";"14362.5";"12620.7";"PHOTOVOLTAIC+GRID";"ON";"ON"
"run_20260923_110010";"2026-09-23";"11:00:10";"2026-09-23 11:00:10";"266";"hpc_extreme";"HPC - Extremo";"6";"60";"5";"1";"manual";"5000";"1800";"600";"30";"1";"origin";"main";"git@github.com:CAGDOJ/PhotovoltaicFirst.git";"Belem";"-1.4537";"-48.5078";"monocrystalline";"bifacial";"30000";"0.24";"1";"0.24";"1.2";"1.2";"99";"0";"31.8";"4.8";"965.912";"248.722";"0.280259";"2091.2";"100";"1024";"1.25";"150";"75";"102.4";"12.5";"114.9";"28.725";"143.625";"1e+15";"200";"360000";"0.1";"1.8";"143.625";"116.178";"27.4471";"2744.71";"14362.5";"11617.8";"PHOTOVOLTAIC+GRID";"ON";"ON"
"run_20260923_110013";"2026-09-23";"11:00:13";"2026-09-23 11:00:13";"266";"hpc_extreme";"HPC - Extremo";"6";"60";"5";"1";"manual";"5000";"1800";"600";"30";"1";"origin";"main";"git@github.com:CAGDOJ/PhotovoltaicFirst.git";"Belem";"-1.4537";"-48.5078";"monocrystalline";"bifacial";"30000";"0.24";"1";"0.24";"1.2";"1.2";"99";"0";"31.8";"4.8";"965.912";"248.722";"0.280259";"2091.2";"100";"1024";"1.25";"150";"75";"102.4";"12.5";"114.9";"28.725";"143.625";"1e+15";"200";"360000";"0.1";"1.8";"143.625";"116.178";"27.4471";"2744.71";"14362.5";"11617.8";"PHOTOVOLTAIC+GRID";"ON";"ON"
"run_20260923_110155";"2026-09-23";"11:01:55";"2026-09-23 11:01:55";"266";"hpc_extreme";"HPC - Extremo";"6";"60";"5";"1";"manual";"5000";"1800";"600";"30";"1";"origin";"main";"git@github.com:CAGDOJ/PhotovoltaicFirst.git";"Belem";"-1.4537";"-48.5078";"monocrystalline";"bifacial";"30000";"0.24";"1";"0.24";"1.2";"1.2";"99";"0";"31.8";"4.8";"967.032";"249.011";"0.280259";"2093.63";"100";"1024";"1.25";"150";"75";"102.4";"12.5";"114.9";"28.725";"143.625";"1e+15";"200";"360000";"0.1";"1.8";"143.625";"116.313";"27.3124";"2731.24";"14362.5";"11631.3";"PHOTOVOLTAIC+GRID";"ON";"ON"
"run_20260923_110208";"2026-09-23";"11:02:08";"2026-09-23 11:02:08";"266";"hpc_extreme";"HPC - Extremo";"6";"60";"5";"1";"manual";"5000";"1800";"600";"30";"1";"origin";"main";"git@github.com:CAGDOJ/PhotovoltaicFirst.git";"Belem";"-1.4537";"-48.5078";"monocrystalline";"bifacial";"30000";"0.24";"1";"0.24";"1.2";"1.2";"99";"0";"31.8";"4.8";"968.133";"249.294";"0.280259";"2096.01";"100";"1024";"1.25";"150";"75";"102.4";"12.5";"114.9";"28.725";"143.625";"1e+15";"200";"360000";"0.1";"1.8";"143.625";"116.445";"27.18";"2718";"14362.5";"11644.5";"PHOTOVOLTAIC+GRID";"ON";"ON"
"run_20260923_110339";"2026-09-23";"11:03:39";"2026-09-23 11:03:39";"266";"hpc_extreme";"HPC - Extremo";"6";"60";"5";"1";"manual";"5000";"1800";"600";"30";"1";"origin";"main";"git@github.com:CAGDOJ/PhotovoltaicFirst.git";"Belem";"-1.4537";"-48.5078";"monocrystalline";"bifacial";"30000";"0.24";"1";"0.24";"1.2";"1.2";"99";"0";"31.8";"4.8";"969.215";"249.573";"0.280259";"2098.35";"100";"1024";"1.25";"150";"75";"102.4";"12.5";"114.9";"28.725";"143.625";"1e+15";"200";"360000";"0.1";"1.8";"143.625";"116.575";"27.0498";"2704.98";"14362.5";"11657.5";"PHOTOVOLTAIC+GRID";"ON";"ON"
"run_20260923_110442";"2026-09-23";"11:04:42";"2026-09-23 11:04:42";"266";"hpc_extreme";"HPC - Extremo";"6";"60";"5";"1";"manual";"5000";"1800";"600";"30";"1";"origin";"main";"git@github.com:CAGDOJ/PhotovoltaicFirst.git";"Belem";"-1.4537";"-48.5078";"monocrystalline";"bifacial";"30000";"0.24";"1";"0.24";"1.2";"1.2";"99";"0";"31.8";"4.8";"970.28";"249.847";"0.280259";"2100.66";"100";"1024";"1.25";"150";"75";"102.4";"12.5";"114.9";"28.725";"143.625";"1e+15";"200";"360000";"0.1";"1.8";"143.625";"116.703";"26.9217";"2692.17";"14362.5";"11670.3";"PHOTOVOLTAIC+GRID";"ON";"ON"
"run_20260923_110509";"2026-09-23";"11:05:09";"2026-09-23 11:05:09";"266";"hpc_extreme";"HPC - Extremo";"6";"60";"5";"1";"manual";"5000";"1800";"600";"30";"1";"origin";"main";"git@github.com:CAGDOJ/PhotovoltaicFirst.git";"Belem";"-1.4537";"-48.5078";"monocrystalline";"bifacial";"30000";"0.24";"1";"0.24";"1.2";"1.2";"99";"0";"31.8";"4.8";"971.326";"250.116";"0.280259";"2102.92";"100";"1024";"1.25";"150";"75";"102.4";"12.5";"114.9";"28.725";"143.625";"1e+15";"200";"360000";"0.1";"1.8";"143.625";"116.829";"26.796";"2679.6";"14362.5";"11682.9";"PHOTOVOLTAIC+GRID";"ON";"ON"
"run_20260923_110651";"2026-09-23";"11:06:51";"2026-09-23 11:06:51";"266";"hpc_extreme";"HPC - Extremo";"6";"60";"5";"1";"manual";"5000";"1800";"600";"30";"1";"origin";"main";"git@github.com:CAGDOJ/PhotovoltaicFirst.git";"Belem";"-1.4537";"-48.5078";"monocrystalline";"bifacial";"30000";"0.24";"1";"0.24";"1.2";"1.2";"99";"0";"31.8";"4.8";"972.353";"250.381";"0.280259";"2105.15";"100";"1024";"1.25";"150";"75";"102.4";"12.5";"114.9";"28.725";"143.625";"1e+15";"200";"360000";"0.1";"1.8";"143.625";"116.953";"26.6724";"2667.24";"14362.5";"11695.3";"PHOTOVOLTAIC+GRID";"ON";"ON"
"run_20260923_110731";"2026-09-23";"11:07:31";"2026-09-23 11:07:31";"266";"hpc_extreme";"HPC - Extremo";"6";"60";"5";"1";"manual";"5000";"1800";"600";"30";"1";"origin";"main";"git@github.com:CAGDOJ/PhotovoltaicFirst.git";"Belem";"-1.4537";"-48.5078";"monocrystalline";"bifacial";"30000";"0.24";"1";"0.24";"1.2";"1.2";"99";"0";"31.8";"4.8";"973.362";"250.641";"0.280259";"2107.33";"100";"1024";"1.25";"150";"75";"102.4";"12.5";"114.9";"28.725";"143.625";"1e+15";"200";"360000";"0.1";"1.8";"143.625";"117.074";"26.551";"2655.1";"14362.5";"11707.4";"PHOTOVOLTAIC+GRID";"ON";"ON"
"run_20260923_110857";"2026-09-23";"11:08:57";"2026-09-23 11:08:57";"266";"hpc_extreme";"HPC - Extremo";"6";"60";"5";"1";"manual";"5000";"1800";"600";"30";"1";"origin";"main";"git@github.com:CAGDOJ/PhotovoltaicFirst.git";"Belem";"-1.4537";"-48.5078";"monocrystalline";"bifacial";"30000";"0.24";"1";"0.24";"1.2";"1.2";"99";"0";"31.8";"4.8";"974.352";"250.896";"0.280259";"2109.48";"100";"1024";"1.25";"150";"75";"102.4";"12.5";"114.9";"28.725";"143.625";"1e+15";"200";"360000";"0.1";"1.8";"143.625";"117.193";"26.4319";"2643.19";"14362.5";"11719.3";"PHOTOVOLTAIC+GRID";"ON";"ON"
"run_20260925_005328";"2026-09-25";"00:53:28";"2026-09-25 00:53:28";"268";"hpc_extreme";"HPC - Extremo";"6";"60";"5";"1";"manual";"5000";"1800";"600";"30";"1";"origin";"main";"git@github.com:CAGDOJ/PhotovoltaicFirst.git";"Belem";"-1.4537";"-48.5078";"monocrystalline";"bifacial";"30000";"0.24";"1";"0.24";"1.2";"1.2";"8";"0";"25";"7.6";"0";"0";"0.289751";"0";"100";"1024";"1.25";"150";"75";"102.4";"12.5";"114.9";"28.725";"143.625";"1e+15";"200";"360000";"0.1";"1.8";"143.625";"0";"143.625";"14362.5";"14362.5";"0";"GRID";"OFF";"ON"
"run_20260925_005342";"2026-09-25";"00:53:42";"2026-09-25 00:53:42";"268";"hpc_extreme";"HPC - Extremo";"6";"60";"5";"1";"manual";"5000";"1800";"600";"30";"1";"origin";"main";"git@github.com:CAGDOJ/PhotovoltaicFirst.git";"Belem";"-1.4537";"-48.5078";"monocrystalline";"bifacial";"30000";"0.24";"1";"0.24";"1.2";"1.2";"8";"0";"25";"7.6";"0";"0";"0.289751";"0";"100";"1024";"1.25";"150";"75";"102.4";"12.5";"114.9";"28.725";"143.625";"1e+15";"200";"360000";"0.1";"1.8";"143.625";"0";"143.625";"14362.5";"14362.5";"0";"GRID";"OFF";"ON"
"run_20260925_005546";"2026-09-25";"00:55:46";"2026-09-25 00:55:46";"268";"hpc_extreme";"HPC - Extremo";"6";"60";"5";"1";"manual";"5000";"1800";"600";"30";"1";"origin";"main";"git@github.com:CAGDOJ/PhotovoltaicFirst.git";"Belem";"-1.4537";"-48.5078";"monocrystalline";"bifacial";"30000";"0.24";"1";"0.24";"1.2";"1.2";"8";"0";"25";"7.6";"0";"0";"0.289751";"0";"100";"1024";"1.25";"150";"75";"102.4";"12.5";"114.9";"28.725";"143.625";"1e+15";"200";"360000";"0.1";"1.8";"143.625";"0";"143.625";"14362.5";"14362.5";"0";"GRID";"OFF";"ON"
"run_20260925_005708";"2026-09-25";"00:57:08";"2026-09-25 00:57:08";"268";"hpc_extreme";"HPC - Extremo";"6";"60";"5";"1";"manual";"5000";"1800";"600";"30";"1";"origin";"main";"git@github.com:CAGDOJ/PhotovoltaicFirst.git";"Belem";"-1.4537";"-48.5078";"monocrystalline";"bifacial";"30000";"0.24";"1";"0.24";"1.2";"1.2";"8";"0";"25";"7.6";"0";"0";"0.289751";"0";"100";"1024";"1.25";"150";"75";"102.4";"12.5";"114.9";"28.725";"143.625";"1e+15";"200";"360000";"0.1";"1.8";"143.625";"0";"143.625";"14362.5";"14362.5";"0";"GRID";"OFF";"ON"
"run_20260925_005804";"2026-09-25";"00:58:04";"2026-09-25 00:58:04";"268";"hpc_extreme";"HPC - Extremo";"6";"60";"5";"1";"manual";"5000";"1800";"600";"30";"1";"origin";"main";"git@github.com:CAGDOJ/PhotovoltaicFirst.git";"Belem";"-1.4537";"-48.5078";"monocrystalline";"bifacial";"30000";"0.24";"1";"0.24";"1.2";"1.2";"8";"0";"25";"7.6";"0";"0";"0.289751";"0";"100";"1024";"1.25";"150";"75";"102.4";"12.5";"114.9";"28.725";"143.625";"1e+15";"200";"360000";"0.1";"1.8";"143.625";"0";"143.625";"14362.5";"14362.5";"0";"GRID";"OFF";"ON"
"run_20260925_005941";"2026-09-25";"00:59:41";"2026-09-25 00:59:41";"268";"hpc_extreme";"HPC - Extremo";"6";"60";"5";"1";"manual";"5000";"1800";"600";"30";"1";"origin";"main";"git@github.com:CAGDOJ/PhotovoltaicFirst.git";"Belem";"-1.4537";"-48.5078";"monocrystalline";"bifacial";"30000";"0.24";"1";"0.24";"1.2";"1.2";"8";"0";"25";"7.6";"0";"0";"0.289751";"0";"100";"1024";"1.25";"150";"75";"102.4";"12.5";"114.9";"28.725";"143.625";"1e+15";"200";"360000";"0.1";"1.8";"143.625";"0";"143.625";"14362.5";"14362.5";"0";"GRID";"OFF";"ON"
"run_20260925_010127";"2026-09-25";"01:01:27";"2026-09-25 01:01:27";"268";"hpc_extreme";"HPC - Extremo";"6";"60";"5";"1";"manual";"5000";"1800";"600";"30";"1";"origin";"main";"git@github.com:CAGDOJ/PhotovoltaicFirst.git";"Belem";"-1.4537";"-48.5078";"monocrystalline";"bifacial";"30000";"0.24";"1";"0.24";"1.2";"1.2";"5";"0";"24.9";"7.9";"0";"0";"0.28982";"0";"100";"1024";"1.25";"150";"75";"102.4";"12.5";"114.9";"28.725";"143.625";"1e+15";"200";"360000";"0.1";"1.8";"143.625";"0";"143.625";"14362.5";"14362.5";"0";"GRID";"OFF";"ON"
"run_20260925_010346";"2026-09-25";"01:03:46";"2026-09-25 01:03:46";"268";"hpc_extreme";"HPC - Extremo";"6";"60";"5";"1";"manual";"5000";"1800";"600";"30";"1";"origin";"main";"git@github.com:CAGDOJ/PhotovoltaicFirst.git";"Belem";"-1.4537";"-48.5078";"monocrystalline";"bifacial";"30000";"0.24";"1";"0.24";"1.2";"1.2";"5";"0";"24.9";"7.9";"0";"0";"0.28982";"0";"100";"1024";"1.25";"150";"75";"102.4";"12.5";"114.9";"28.725";"143.625";"1e+15";"200";"360000";"0.1";"1.8";"143.625";"0";"143.625";"14362.5";"14362.5";"0";"GRID";"OFF";"ON"
"run_20260925_010603";"2026-09-25";"01:06:03";"2026-09-25 01:06:03";"268";"hpc_extreme";"HPC - Extremo";"6";"60";"5";"1";"manual";"5000";"1800";"600";"30";"1";"origin";"main";"git@github.com:CAGDOJ/PhotovoltaicFirst.git";"Belem";"-1.4537";"-48.5078";"monocrystalline";"bifacial";"30000";"0.24";"1";"0.24";"1.2";"1.2";"5";"0";"24.9";"7.9";"0";"0";"0.28982";"0";"100";"1024";"1.25";"150";"75";"102.4";"12.5";"114.9";"28.725";"143.625";"1e+15";"200";"360000";"0.1";"1.8";"143.625";"0";"143.625";"14362.5";"14362.5";"0";"GRID";"OFF";"ON"
"run_20260925_010618";"2026-09-25";"01:06:18";"2026-09-25 01:06:18";"268";"hpc_extreme";"HPC - Extremo";"6";"60";"5";"1";"manual";"5000";"1800";"600";"30";"1";"origin";"main";"git@github.com:CAGDOJ/PhotovoltaicFirst.git";"Belem";"-1.4537";"-48.5078";"monocrystalline";"bifacial";"30000";"0.24";"1";"0.24";"1.2";"1.2";"5";"0";"24.9";"7.9";"0";"0";"0.28982";"0";"100";"1024";"1.25";"150";"75";"102.4";"12.5";"114.9";"28.725";"143.625";"1e+15";"200";"360000";"0.1";"1.8";"143.625";"0";"143.625";"14362.5";"14362.5";"0";"GRID";"OFF";"ON"
"run_20260925_010819";"2026-09-25";"01:08:19";"2026-09-25 01:08:19";"268";"hpc_extreme";"HPC - Extremo";"6";"60";"5";"1";"manual";"5000";"1800";"600";"30";"1";"origin";"main";"git@github.com:CAGDOJ/PhotovoltaicFirst.git";"Belem";"-1.4537";"-48.5078";"monocrystalline";"bifacial";"30000";"0.24";"1";"0.24";"1.2";"1.2";"5";"0";"24.9";"7.9";"0";"0";"0.28982";"0";"100";"1024";"1.25";"150";"75";"102.4";"12.5";"114.9";"28.725";"143.625";"1e+15";"200";"360000";"0.1";"1.8";"143.625";"0";"143.625";"14362.5";"14362.5";"0";"GRID";"OFF";"ON"
"run_20260925_010934";"2026-09-25";"01:09:34";"2026-09-25 01:09:34";"268";"hpc_extreme";"HPC - Extremo";"6";"60";"5";"1";"manual";"5000";"1800";"600";"30";"1";"origin";"main";"git@github.com:CAGDOJ/PhotovoltaicFirst.git";"Belem";"-1.4537";"-48.5078";"monocrystalline";"bifacial";"30000";"0.24";"1";"0.24";"1.2";"1.2";"5";"0";"24.9";"7.9";"0";"0";"0.28982";"0";"100";"1024";"1.25";"150";"75";"102.4";"12.5";"114.9";"28.725";"143.625";"1e+15";"200";"360000";"0.1";"1.8";"143.625";"0";"143.625";"14362.5";"14362.5";"0";"GRID";"OFF";"ON"
"run_20260925_011135";"2026-09-25";"01:11:35";"2026-09-25 01:11:35";"268";"hpc_extreme";"HPC - Extremo";"6";"60";"5";"1";"manual";"5000";"1800";"600";"30";"1";"origin";"main";"git@github.com:CAGDOJ/PhotovoltaicFirst.git";"Belem";"-1.4537";"-48.5078";"monocrystalline";"bifacial";"30000";"0.24";"1";"0.24";"1.2";"1.2";"5";"0";"24.9";"7.9";"0";"0";"0.28982";"0";"100";"1024";"1.25";"150";"75";"102.4";"12.5";"114.9";"28.725";"143.625";"1e+15";"200";"360000";"0.1";"1.8";"143.625";"0";"143.625";"14362.5";"14362.5";"0";"GRID";"OFF";"ON"
"run_20260926_111356";"2026-09-26";"11:13:56";"2026-09-26 11:13:56";"269";"hpc_extreme";"HPC - Extremo";"6";"60";"5";"1";"manual";"5000";"1800";"600";"30";"1";"origin";"main";"git@github.com:CAGDOJ/PhotovoltaicFirst.git";"Belem";"-1.4537";"-48.5078";"monocrystalline";"bifacial";"30000";"0.24";"1";"0.24";"1.2";"1.2";"8";"0";"32.1";"8.6";"978.979";"920.24";"0.280717";"7749.8";"100";"1024";"1.25";"150";"75";"102.4";"12.5";"114.9";"28.725";"143.625";"1e+15";"200";"360000";"0.1";"1.8";"143.625";"143.625";"0";"0";"14362.5";"14362.5";"PHOTOVOLTAIC";"ON";"OFF"
"run_20260926_111439";"2026-09-26";"11:14:39";"2026-09-26 11:14:39";"269";"hpc_extreme";"HPC - Extremo";"6";"60";"5";"1";"manual";"5000";"1800";"600";"30";"1";"origin";"main";"git@github.com:CAGDOJ/PhotovoltaicFirst.git";"Belem";"-1.4537";"-48.5078";"monocrystalline";"bifacial";"30000";"0.24";"1";"0.24";"1.2";"1.2";"8";"0";"32.1";"8.6";"979.857";"921.066";"0.280717";"7756.75";"100";"1024";"1.25";"150";"75";"102.4";"12.5";"114.9";"28.725";"143.625";"1e+15";"200";"360000";"0.1";"1.8";"143.625";"143.625";"0";"0";"14362.5";"14362.5";"PHOTOVOLTAIC";"ON";"OFF"
"run_20260926_111506";"2026-09-26";"11:15:06";"2026-09-26 11:15:06";"269";"hpc_extreme";"HPC - Extremo";"6";"60";"5";"1";"manual";"5000";"1800";"600";"30";"1";"origin";"main";"git@github.com:CAGDOJ/PhotovoltaicFirst.git";"Belem";"-1.4537";"-48.5078";"monocrystalline";"bifacial";"30000";"0.24";"1";"0.24";"1.2";"1.2";"8";"0";"32.5";"8.1";"980.717";"921.874";"0.280083";"7746.04";"100";"1024";"1.25";"150";"75";"102.4";"12.5";"114.9";"28.725";"143.625";"1e+15";"200";"360000";"0.1";"1.8";"143.625";"143.625";"0";"0";"14362.5";"14362.5";"PHOTOVOLTAIC";"ON";"OFF"
"run_20260926_111549";"2026-09-26";"11:15:49";"2026-09-26 11:15:49";"269";"hpc_extreme";"HPC - Extremo";"6";"60";"5";"1";"manual";"5000";"1800";"600";"30";"1";"origin";"main";"git@github.com:CAGDOJ/PhotovoltaicFirst.git";"Belem";"-1.4537";"-48.5078";"monocrystalline";"bifacial";"30000";"0.24";"1";"0.24";"1.2";"1.2";"8";"0";"32.5";"8.1";"980.717";"921.874";"0.280083";"7746.04";"100";"1024";"1.25";"150";"75";"102.4";"12.5";"114.9";"28.725";"143.625";"1e+15";"200";"360000";"0.1";"1.8";"143.625";"143.625";"0";"0";"14362.5";"14362.5";"PHOTOVOLTAIC";"ON";"OFF"
"run_20260926_111618";"2026-09-26";"11:16:18";"2026-09-26 11:16:18";"269";"hpc_extreme";"HPC - Extremo";"6";"60";"5";"1";"manual";"5000";"1800";"600";"30";"1";"origin";"main";"git@github.com:CAGDOJ/PhotovoltaicFirst.git";"Belem";"-1.4537";"-48.5078";"monocrystalline";"bifacial";"30000";"0.24";"1";"0.24";"1.2";"1.2";"8";"0";"32.5";"8.1";"981.558";"922.665";"0.280083";"7752.69";"100";"1024";"1.25";"150";"75";"102.4";"12.5";"114.9";"28.725";"143.625";"1e+15";"200";"360000";"0.1";"1.8";"143.625";"143.625";"0";"0";"14362.5";"14362.5";"PHOTOVOLTAIC";"ON";"OFF"
"run_20260926_111659";"2026-09-26";"11:16:59";"2026-09-26 11:16:59";"269";"hpc_extreme";"HPC - Extremo";"6";"60";"5";"1";"manual";"5000";"1800";"600";"30";"1";"origin";"main";"git@github.com:CAGDOJ/PhotovoltaicFirst.git";"Belem";"-1.4537";"-48.5078";"monocrystalline";"bifacial";"30000";"0.24";"1";"0.24";"1.2";"1.2";"8";"0";"32.5";"8.1";"981.558";"922.665";"0.280083";"7752.69";"100";"1024";"1.25";"150";"75";"102.4";"12.5";"114.9";"28.725";"143.625";"1e+15";"200";"360000";"0.1";"1.8";"143.625";"143.625";"0";"0";"14362.5";"14362.5";"PHOTOVOLTAIC";"ON";"OFF"
"run_20260926_111747";"2026-09-26";"11:17:47";"2026-09-26 11:17:47";"269";"hpc_extreme";"HPC - Extremo";"6";"60";"5";"1";"manual";"5000";"1800";"600";"30";"1";"origin";"main";"git@github.com:CAGDOJ/PhotovoltaicFirst.git";"Belem";"-1.4537";"-48.5078";"monocrystalline";"bifacial";"30000";"0.24";"1";"0.24";"1.2";"1.2";"8";"0";"32.5";"8.1";"982.38";"923.438";"0.280083";"7759.18";"100";"1024";"1.25";"150";"75";"102.4";"12.5";"114.9";"28.725";"143.625";"1e+15";"200";"360000";"0.1";"1.8";"143.625";"143.625";"0";"0";"14362.5";"14362.5";"PHOTOVOLTAIC";"ON";"OFF"
"run_20260926_111834";"2026-09-26";"11:18:34";"2026-09-26 11:18:34";"269";"hpc_extreme";"HPC - Extremo";"6";"60";"5";"1";"manual";"5000";"1800";"600";"30";"1";"origin";"main";"git@github.com:CAGDOJ/PhotovoltaicFirst.git";"Belem";"-1.4537";"-48.5078";"monocrystalline";"bifacial";"30000";"0.24";"1";"0.24";"1.2";"1.2";"8";"0";"32.5";"8.1";"983.184";"924.193";"0.280083";"7765.53";"100";"1024";"1.25";"150";"75";"102.4";"12.5";"114.9";"28.725";"143.625";"1e+15";"200";"360000";"0.1";"1.8";"143.625";"143.625";"0";"0";"14362.5";"14362.5";"PHOTOVOLTAIC";"ON";"OFF"
"run_20260926_111923";"2026-09-26";"11:19:23";"2026-09-26 11:19:23";"269";"hpc_extreme";"HPC - Extremo";"6";"60";"5";"1";"manual";"5000";"1800";"600";"30";"1";"origin";"main";"git@github.com:CAGDOJ/PhotovoltaicFirst.git";"Belem";"-1.4537";"-48.5078";"monocrystalline";"bifacial";"30000";"0.24";"1";"0.24";"1.2";"1.2";"8";"0";"32.5";"8.1";"983.969";"924.931";"0.280083";"7771.73";"100";"1024";"1.25";"150";"75";"102.4";"12.5";"114.9";"28.725";"143.625";"1e+15";"200";"360000";"0.1";"1.8";"143.625";"143.625";"0";"0";"14362.5";"14362.5";"PHOTOVOLTAIC";"ON";"OFF"
"run_20260926_112010";"2026-09-26";"11:20:10";"2026-09-26 11:20:10";"269";"hpc_extreme";"HPC - Extremo";"6";"60";"5";"1";"manual";"5000";"1800";"600";"30";"1";"origin";"main";"git@github.com:CAGDOJ/PhotovoltaicFirst.git";"Belem";"-1.4537";"-48.5078";"monocrystalline";"bifacial";"30000";"0.24";"1";"0.24";"1.2";"1.2";"8";"0";"32.5";"8.1";"984.735";"925.651";"0.280083";"7777.78";"100";"1024";"1.25";"150";"75";"102.4";"12.5";"114.9";"28.725";"143.625";"1e+15";"200";"360000";"0.1";"1.8";"143.625";"143.625";"0";"0";"14362.5";"14362.5";"PHOTOVOLTAIC";"ON";"OFF"
"run_20260926_112122";"2026-09-26";"11:21:22";"2026-09-26 11:21:22";"269";"hpc_extreme";"HPC - Extremo";"6";"60";"5";"1";"manual";"5000";"1800";"600";"30";"1";"origin";"main";"git@github.com:CAGDOJ/PhotovoltaicFirst.git";"Belem";"-1.4537";"-48.5078";"monocrystalline";"bifacial";"30000";"0.24";"1";"0.24";"1.2";"1.2";"8";"0";"32.5";"8.1";"985.483";"926.354";"0.280083";"7783.69";"100";"1024";"1.25";"150";"75";"102.4";"12.5";"114.9";"28.725";"143.625";"1e+15";"200";"360000";"0.1";"1.8";"143.625";"143.625";"0";"0";"14362.5";"14362.5";"PHOTOVOLTAIC";"ON";"OFF"
"run_20260926_112143";"2026-09-26";"11:21:43";"2026-09-26 11:21:43";"269";"hpc_extreme";"HPC - Extremo";"6";"60";"5";"1";"manual";"5000";"1800";"600";"30";"1";"origin";"main";"git@github.com:CAGDOJ/PhotovoltaicFirst.git";"Belem";"-1.4537";"-48.5078";"monocrystalline";"bifacial";"30000";"0.24";"1";"0.24";"1.2";"1.2";"8";"0";"32.5";"8.1";"985.483";"926.354";"0.280083";"7783.69";"100";"1024";"1.25";"150";"75";"102.4";"12.5";"114.9";"28.725";"143.625";"1e+15";"200";"360000";"0.1";"1.8";"143.625";"143.625";"0";"0";"14362.5";"14362.5";"PHOTOVOLTAIC";"ON";"OFF"
"run_20260926_112233";"2026-09-26";"11:22:33";"2026-09-26 11:22:33";"269";"hpc_extreme";"HPC - Extremo";"6";"60";"5";"1";"manual";"5000";"1800";"600";"30";"1";"origin";"main";"git@github.com:CAGDOJ/PhotovoltaicFirst.git";"Belem";"-1.4537";"-48.5078";"monocrystalline";"bifacial";"30000";"0.24";"1";"0.24";"1.2";"1.2";"8";"0";"32.5";"8.1";"986.212";"927.039";"0.280083";"7789.44";"100";"1024";"1.25";"150";"75";"102.4";"12.5";"114.9";"28.725";"143.625";"1e+15";"200";"360000";"0.1";"1.8";"143.625";"143.625";"0";"0";"14362.5";"14362.5";"PHOTOVOLTAIC";"ON";"OFF"
"run_20260926_112352";"2026-09-26";"11:23:52";"2026-09-26 11:23:52";"269";"hpc_extreme";"HPC - Extremo";"6";"60";"5";"1";"manual";"5000";"1800";"600";"30";"1";"origin";"main";"git@github.com:CAGDOJ/PhotovoltaicFirst.git";"Belem";"-1.4537";"-48.5078";"monocrystalline";"bifacial";"30000";"0.24";"1";"0.24";"1.2";"1.2";"8";"0";"32.5";"8.1";"986.922";"927.706";"0.280083";"7795.05";"100";"1024";"1.25";"150";"75";"102.4";"12.5";"114.9";"28.725";"143.625";"1e+15";"200";"360000";"0.1";"1.8";"143.625";"143.625";"0";"0";"14362.5";"14362.5";"PHOTOVOLTAIC";"ON";"OFF"
"run_20260926_112440";"2026-09-26";"11:24:40";"2026-09-26 11:24:40";"269";"hpc_extreme";"HPC - Extremo";"6";"60";"5";"1";"manual";"5000";"1800";"600";"30";"1";"origin";"main";"git@github.com:CAGDOJ/PhotovoltaicFirst.git";"Belem";"-1.4537";"-48.5078";"monocrystalline";"bifacial";"30000";"0.24";"1";"0.24";"1.2";"1.2";"8";"0";"32.5";"8.1";"987.613";"928.356";"0.280083";"7800.51";"100";"1024";"1.25";"150";"75";"102.4";"12.5";"114.9";"28.725";"143.625";"1e+15";"200";"360000";"0.1";"1.8";"143.625";"143.625";"0";"0";"14362.5";"14362.5";"PHOTOVOLTAIC";"ON";"OFF"
"run_20260926_112552";"2026-09-26";"11:25:52";"2026-09-26 11:25:52";"269";"hpc_extreme";"HPC - Extremo";"6";"60";"5";"1";"manual";"5000";"1800";"600";"30";"1";"origin";"main";"git@github.com:CAGDOJ/PhotovoltaicFirst.git";"Belem";"-1.4537";"-48.5078";"monocrystalline";"bifacial";"30000";"0.24";"1";"0.24";"1.2";"1.2";"8";"0";"32.5";"8.1";"988.285";"928.988";"0.280083";"7805.82";"100";"1024";"1.25";"150";"75";"102.4";"12.5";"114.9";"28.725";"143.625";"1e+15";"200";"360000";"0.1";"1.8";"143.625";"143.625";"0";"0";"14362.5";"14362.5";"PHOTOVOLTAIC";"ON";"OFF"
"run_20260926_112607";"2026-09-26";"11:26:07";"2026-09-26 11:26:07";"269";"hpc_extreme";"HPC - Extremo";"6";"60";"5";"1";"manual";"5000";"1800";"600";"30";"1";"origin";"main";"git@github.com:CAGDOJ/PhotovoltaicFirst.git";"Belem";"-1.4537";"-48.5078";"monocrystalline";"bifacial";"30000";"0.24";"1";"0.24";"1.2";"1.2";"8";"0";"32.5";"8.1";"988.939";"929.603";"0.280083";"7810.98";"100";"1024";"1.25";"150";"75";"102.4";"12.5";"114.9";"28.725";"143.625";"1e+15";"200";"360000";"0.1";"1.8";"143.625";"143.625";"0";"0";"14362.5";"14362.5";"PHOTOVOLTAIC";"ON";"OFF"
"run_20260926_112733";"2026-09-26";"11:27:33";"2026-09-26 11:27:33";"269";"hpc_extreme";"HPC - Extremo";"6";"60";"5";"1";"manual";"5000";"1800";"600";"30";"1";"origin";"main";"git@github.com:CAGDOJ/PhotovoltaicFirst.git";"Belem";"-1.4537";"-48.5078";"monocrystalline";"bifacial";"30000";"0.24";"1";"0.24";"1.2";"1.2";"8";"0";"32.5";"8.1";"989.574";"930.199";"0.280083";"7816";"100";"1024";"1.25";"150";"75";"102.4";"12.5";"114.9";"28.725";"143.625";"1e+15";"200";"360000";"0.1";"1.8";"143.625";"143.625";"0";"0";"14362.5";"14362.5";"PHOTOVOLTAIC";"ON";"OFF"
"run_20260926_112735";"2026-09-26";"11:27:35";"2026-09-26 11:27:35";"269";"hpc_extreme";"HPC - Extremo";"6";"60";"5";"1";"manual";"5000";"1800";"600";"30";"1";"origin";"main";"git@github.com:CAGDOJ/PhotovoltaicFirst.git";"Belem";"-1.4537";"-48.5078";"monocrystalline";"bifacial";"30000";"0.24";"1";"0.24";"1.2";"1.2";"8";"0";"32.5";"8.1";"989.574";"930.199";"0.280083";"7816";"100";"1024";"1.25";"150";"75";"102.4";"12.5";"114.9";"28.725";"143.625";"1e+15";"200";"360000";"0.1";"1.8";"143.625";"143.625";"0";"0";"14362.5";"14362.5";"PHOTOVOLTAIC";"ON";"OFF"
"run_20260926_112913";"2026-09-26";"11:29:13";"2026-09-26 11:29:13";"269";"hpc_extreme";"HPC - Extremo";"6";"60";"5";"1";"manual";"5000";"1800";"600";"30";"1";"origin";"main";"git@github.com:CAGDOJ/PhotovoltaicFirst.git";"Belem";"-1.4537";"-48.5078";"monocrystalline";"bifacial";"30000";"0.24";"1";"0.24";"1.2";"1.2";"8";"0";"32.5";"8.1";"990.787";"931.34";"0.280083";"7825.58";"100";"1024";"1.25";"150";"75";"102.4";"12.5";"114.9";"28.725";"143.625";"1e+15";"200";"360000";"0.1";"1.8";"143.625";"143.625";"0";"0";"14362.5";"14362.5";"PHOTOVOLTAIC";"ON";"OFF"
"run_20260926_113015";"2026-09-26";"11:30:15";"2026-09-26 11:30:15";"269";"hpc_extreme";"HPC - Extremo";"6";"60";"5";"1";"manual";"5000";"1800";"600";"30";"1";"origin";"main";"git@github.com:CAGDOJ/PhotovoltaicFirst.git";"Belem";"-1.4537";"-48.5078";"monocrystalline";"bifacial";"30000";"0.24";"1";"0.24";"1.2";"1.2";"13";"0";"32.8";"7.4";"991.365";"894.707";"0.279536";"7503.09";"100";"1024";"1.25";"150";"75";"102.4";"12.5";"114.9";"28.725";"143.625";"1e+15";"200";"360000";"0.1";"1.8";"143.625";"143.625";"0";"0";"14362.5";"14362.5";"PHOTOVOLTAIC";"ON";"OFF"
"run_20260926_113138";"2026-09-26";"11:31:38";"2026-09-26 11:31:38";"269";"hpc_extreme";"HPC - Extremo";"6";"60";"5";"1";"manual";"5000";"1800";"600";"30";"1";"origin";"main";"git@github.com:CAGDOJ/PhotovoltaicFirst.git";"Belem";"-1.4537";"-48.5078";"monocrystalline";"bifacial";"30000";"0.24";"1";"0.24";"1.2";"1.2";"13";"0";"32.8";"7.4";"991.925";"895.212";"0.279536";"7507.33";"100";"1024";"1.25";"150";"75";"102.4";"12.5";"114.9";"28.725";"143.625";"1e+15";"200";"360000";"0.1";"1.8";"143.625";"143.625";"0";"0";"14362.5";"14362.5";"PHOTOVOLTAIC";"ON";"OFF"
"run_20260926_113244";"2026-09-26";"11:32:44";"2026-09-26 11:32:44";"269";"hpc_extreme";"HPC - Extremo";"6";"60";"5";"1";"manual";"5000";"1800";"600";"30";"1";"origin";"main";"git@github.com:CAGDOJ/PhotovoltaicFirst.git";"Belem";"-1.4537";"-48.5078";"monocrystalline";"bifacial";"30000";"0.24";"1";"0.24";"1.2";"1.2";"13";"0";"32.8";"7.4";"992.465";"895.7";"0.279536";"7511.42";"100";"1024";"1.25";"150";"75";"102.4";"12.5";"114.9";"28.725";"143.625";"1e+15";"200";"360000";"0.1";"1.8";"143.625";"143.625";"0";"0";"14362.5";"14362.5";"PHOTOVOLTAIC";"ON";"OFF"
"run_20260926_113300";"2026-09-26";"11:33:00";"2026-09-26 11:33:00";"269";"hpc_extreme";"HPC - Extremo";"6";"60";"5";"1";"manual";"5000";"1800";"600";"30";"1";"origin";"main";"git@github.com:CAGDOJ/PhotovoltaicFirst.git";"Belem";"-1.4537";"-48.5078";"monocrystalline";"bifacial";"30000";"0.24";"1";"0.24";"1.2";"1.2";"13";"0";"32.8";"7.4";"992.987";"896.171";"0.279536";"7515.37";"100";"1024";"1.25";"150";"75";"102.4";"12.5";"114.9";"28.725";"143.625";"1e+15";"200";"360000";"0.1";"1.8";"143.625";"143.625";"0";"0";"14362.5";"14362.5";"PHOTOVOLTAIC";"ON";"OFF"
"run_20260926_113406";"2026-09-26";"11:34:06";"2026-09-26 11:34:06";"269";"hpc_extreme";"HPC - Extremo";"6";"60";"5";"1";"manual";"5000";"1800";"600";"30";"1";"origin";"main";"git@github.com:CAGDOJ/PhotovoltaicFirst.git";"Belem";"-1.4537";"-48.5078";"monocrystalline";"bifacial";"30000";"0.24";"1";"0.24";"1.2";"1.2";"13";"0";"32.8";"7.4";"993.49";"896.625";"0.279536";"7519.18";"100";"1024";"1.25";"150";"75";"102.4";"12.5";"114.9";"28.725";"143.625";"1e+15";"200";"360000";"0.1";"1.8";"143.625";"143.625";"0";"0";"14362.5";"14362.5";"PHOTOVOLTAIC";"ON";"OFF"
"run_20260926_113528";"2026-09-26";"11:35:28";"2026-09-26 11:35:28";"269";"hpc_extreme";"HPC - Extremo";"6";"60";"5";"1";"manual";"5000";"1800";"600";"30";"1";"origin";"main";"git@github.com:CAGDOJ/PhotovoltaicFirst.git";"Belem";"-1.4537";"-48.5078";"monocrystalline";"bifacial";"30000";"0.24";"1";"0.24";"1.2";"1.2";"13";"0";"32.8";"7.4";"993.974";"897.062";"0.279536";"7522.84";"100";"1024";"1.25";"150";"75";"102.4";"12.5";"114.9";"28.725";"143.625";"1e+15";"200";"360000";"0.1";"1.8";"143.625";"143.625";"0";"0";"14362.5";"14362.5";"PHOTOVOLTAIC";"ON";"OFF"
"run_20260926_113641";"2026-09-26";"11:36:41";"2026-09-26 11:36:41";"269";"hpc_extreme";"HPC - Extremo";"6";"60";"5";"1";"manual";"5000";"1800";"600";"30";"1";"origin";"main";"git@github.com:CAGDOJ/PhotovoltaicFirst.git";"Belem";"-1.4537";"-48.5078";"monocrystalline";"bifacial";"30000";"0.24";"1";"0.24";"1.2";"1.2";"13";"0";"32.8";"7.4";"994.439";"897.481";"0.279536";"7526.36";"100";"1024";"1.25";"150";"75";"102.4";"12.5";"114.9";"28.725";"143.625";"1e+15";"200";"360000";"0.1";"1.8";"143.625";"143.625";"0";"0";"14362.5";"14362.5";"PHOTOVOLTAIC";"ON";"OFF"
"run_20260926_113807";"2026-09-26";"11:38:07";"2026-09-26 11:38:07";"269";"hpc_extreme";"HPC - Extremo";"6";"60";"5";"1";"manual";"5000";"1800";"600";"30";"1";"origin";"main";"git@github.com:CAGDOJ/PhotovoltaicFirst.git";"Belem";"-1.4537";"-48.5078";"monocrystalline";"bifacial";"30000";"0.24";"1";"0.24";"1.2";"1.2";"13";"0";"32.8";"7.4";"995.312";"898.269";"0.279536";"7532.97";"100";"1024";"1.25";"150";"75";"102.4";"12.5";"114.9";"28.725";"143.625";"1e+15";"200";"360000";"0.1";"1.8";"143.625";"143.625";"0";"0";"14362.5";"14362.5";"PHOTOVOLTAIC";"ON";"OFF"
"run_20260926_113906";"2026-09-26";"11:39:06";"2026-09-26 11:39:06";"269";"hpc_extreme";"HPC - Extremo";"6";"60";"5";"1";"manual";"5000";"1800";"600";"30";"1";"origin";"main";"git@github.com:CAGDOJ/PhotovoltaicFirst.git";"Belem";"-1.4537";"-48.5078";"monocrystalline";"bifacial";"30000";"0.24";"1";"0.24";"1.2";"1.2";"13";"0";"32.8";"7.4";"995.721";"898.638";"0.279536";"7536.06";"100";"1024";"1.25";"150";"75";"102.4";"12.5";"114.9";"28.725";"143.625";"1e+15";"200";"360000";"0.1";"1.8";"143.625";"143.625";"0";"0";"14362.5";"14362.5";"PHOTOVOLTAIC";"ON";"OFF"
"run_20260926_114029";"2026-09-26";"11:40:29";"2026-09-26 11:40:29";"269";"hpc_extreme";"HPC - Extremo";"6";"60";"5";"1";"manual";"5000";"1800";"600";"30";"1";"origin";"main";"git@github.com:CAGDOJ/PhotovoltaicFirst.git";"Belem";"-1.4537";"-48.5078";"monocrystalline";"bifacial";"30000";"0.24";"1";"0.24";"1.2";"1.2";"13";"0";"32.8";"7.4";"996.11";"898.989";"0.279536";"7539";"100";"1024";"1.25";"150";"75";"102.4";"12.5";"114.9";"28.725";"143.625";"1e+15";"200";"360000";"0.1";"1.8";"143.625";"143.625";"0";"0";"14362.5";"14362.5";"PHOTOVOLTAIC";"ON";"OFF"
"run_20260926_114056";"2026-09-26";"11:40:56";"2026-09-26 11:40:56";"269";"hpc_extreme";"HPC - Extremo";"6";"60";"5";"1";"manual";"5000";"1800";"600";"30";"1";"origin";"main";"git@github.com:CAGDOJ/PhotovoltaicFirst.git";"Belem";"-1.4537";"-48.5078";"monocrystalline";"bifacial";"30000";"0.24";"1";"0.24";"1.2";"1.2";"13";"0";"32.8";"7.4";"996.11";"898.989";"0.279536";"7539";"100";"1024";"1.25";"150";"75";"102.4";"12.5";"114.9";"28.725";"143.625";"1e+15";"200";"360000";"0.1";"1.8";"143.625";"143.625";"0";"0";"14362.5";"14362.5";"PHOTOVOLTAIC";"ON";"OFF"
"run_20260926_114153";"2026-09-26";"11:41:53";"2026-09-26 11:41:53";"269";"hpc_extreme";"HPC - Extremo";"6";"60";"5";"1";"manual";"5000";"1800";"600";"30";"1";"origin";"main";"git@github.com:CAGDOJ/PhotovoltaicFirst.git";"Belem";"-1.4537";"-48.5078";"monocrystalline";"bifacial";"30000";"0.24";"1";"0.24";"1.2";"1.2";"13";"0";"32.8";"7.4";"996.48";"899.324";"0.279536";"7541.81";"100";"1024";"1.25";"150";"75";"102.4";"12.5";"114.9";"28.725";"143.625";"1e+15";"200";"360000";"0.1";"1.8";"143.625";"143.625";"0";"0";"14362.5";"14362.5";"PHOTOVOLTAIC";"ON";"OFF"
"run_20260926_114218";"2026-09-26";"11:42:18";"2026-09-26 11:42:18";"269";"hpc_extreme";"HPC - Extremo";"6";"60";"5";"1";"manual";"5000";"1800";"600";"30";"1";"origin";"main";"git@github.com:CAGDOJ/PhotovoltaicFirst.git";"Belem";"-1.4537";"-48.5078";"monocrystalline";"bifacial";"30000";"0.24";"1";"0.24";"1.2";"1.2";"13";"0";"32.8";"7.4";"996.832";"899.641";"0.279536";"7544.47";"100";"1024";"1.25";"150";"75";"102.4";"12.5";"114.9";"28.725";"143.625";"1e+15";"200";"360000";"0.1";"1.8";"143.625";"143.625";"0";"0";"14362.5";"14362.5";"PHOTOVOLTAIC";"ON";"OFF"
"run_20260926_114315";"2026-09-26";"11:43:15";"2026-09-26 11:43:15";"269";"hpc_extreme";"HPC - Extremo";"6";"60";"5";"1";"manual";"5000";"1800";"600";"30";"1";"origin";"main";"git@github.com:CAGDOJ/PhotovoltaicFirst.git";"Belem";"-1.4537";"-48.5078";"monocrystalline";"bifacial";"30000";"0.24";"1";"0.24";"1.2";"1.2";"13";"0";"32.8";"7.4";"997.164";"899.941";"0.279536";"7546.98";"100";"1024";"1.25";"150";"75";"102.4";"12.5";"114.9";"28.725";"143.625";"1e+15";"200";"360000";"0.1";"1.8";"143.625";"143.625";"0";"0";"14362.5";"14362.5";"PHOTOVOLTAIC";"ON";"OFF"
"run_20260926_114338";"2026-09-26";"11:43:38";"2026-09-26 11:43:38";"269";"hpc_extreme";"HPC - Extremo";"6";"60";"5";"1";"manual";"5000";"1800";"600";"30";"1";"origin";"main";"git@github.com:CAGDOJ/PhotovoltaicFirst.git";"Belem";"-1.4537";"-48.5078";"monocrystalline";"bifacial";"30000";"0.24";"1";"0.24";"1.2";"1.2";"13";"0";"32.8";"7.4";"997.164";"899.941";"0.279536";"7546.98";"100";"1024";"1.25";"150";"75";"102.4";"12.5";"114.9";"28.725";"143.625";"1e+15";"200";"360000";"0.1";"1.8";"143.625";"143.625";"0";"0";"14362.5";"14362.5";"PHOTOVOLTAIC";"ON";"OFF"
"run_20260926_114459";"2026-09-26";"11:44:59";"2026-09-26 11:44:59";"269";"hpc_extreme";"HPC - Extremo";"6";"60";"5";"1";"manual";"5000";"1800";"600";"30";"1";"origin";"main";"git@github.com:CAGDOJ/PhotovoltaicFirst.git";"Belem";"-1.4537";"-48.5078";"monocrystalline";"bifacial";"30000";"0.24";"1";"0.24";"1.2";"1.2";"18";"0";"33.2";"6.7";"997.478";"862.818";"0.27886";"7218.15";"100";"1024";"1.25";"150";"75";"102.4";"12.5";"114.9";"28.725";"143.625";"1e+15";"200";"360000";"0.1";"1.8";"143.625";"143.625";"0";"0";"14362.5";"14362.5";"PHOTOVOLTAIC";"ON";"OFF"
"run_20260926_114621";"2026-09-26";"11:46:21";"2026-09-26 11:46:21";"269";"hpc_extreme";"HPC - Extremo";"6";"60";"5";"1";"manual";"5000";"1800";"600";"30";"1";"origin";"main";"git@github.com:CAGDOJ/PhotovoltaicFirst.git";"Belem";"-1.4537";"-48.5078";"monocrystalline";"bifacial";"30000";"0.24";"1";"0.24";"1.2";"1.2";"18";"0";"33.2";"6.7";"998.048";"863.312";"0.27886";"7222.28";"100";"1024";"1.25";"150";"75";"102.4";"12.5";"114.9";"28.725";"143.625";"1e+15";"200";"360000";"0.1";"1.8";"143.625";"143.625";"0";"0";"14362.5";"14362.5";"PHOTOVOLTAIC";"ON";"OFF"
"run_20260926_114742";"2026-09-26";"11:47:42";"2026-09-26 11:47:42";"269";"hpc_extreme";"HPC - Extremo";"6";"60";"5";"1";"manual";"5000";"1800";"600";"30";"1";"origin";"main";"git@github.com:CAGDOJ/PhotovoltaicFirst.git";"Belem";"-1.4537";"-48.5078";"monocrystalline";"bifacial";"30000";"0.24";"1";"0.24";"1.2";"1.2";"18";"0";"33.2";"6.7";"998.305";"863.534";"0.27886";"7224.14";"100";"1024";"1.25";"150";"75";"102.4";"12.5";"114.9";"28.725";"143.625";"1e+15";"200";"360000";"0.1";"1.8";"143.625";"143.625";"0";"0";"14362.5";"14362.5";"PHOTOVOLTAIC";"ON";"OFF"
"run_20260926_115006";"2026-09-26";"11:50:06";"2026-09-26 11:50:06";"269";"hpc_extreme";"HPC - Extremo";"6";"60";"5";"1";"manual";"5000";"1800";"600";"30";"1";"origin";"main";"git@github.com:CAGDOJ/PhotovoltaicFirst.git";"Belem";"-1.4537";"-48.5078";"monocrystalline";"bifacial";"30000";"0.24";"1";"0.24";"1.2";"1.2";"18";"0";"33.2";"6.7";"998.961";"864.101";"0.27886";"7228.88";"100";"1024";"1.25";"150";"75";"102.4";"12.5";"114.9";"28.725";"143.625";"1e+15";"200";"360000";"0.1";"1.8";"143.625";"143.625";"0";"0";"14362.5";"14362.5";"PHOTOVOLTAIC";"ON";"OFF"
"run_20260926_115135";"2026-09-26";"11:51:35";"2026-09-26 11:51:35";"269";"hpc_extreme";"HPC - Extremo";"6";"60";"5";"1";"manual";"5000";"1800";"600";"30";"1";"origin";"main";"git@github.com:CAGDOJ/PhotovoltaicFirst.git";"Belem";"-1.4537";"-48.5078";"monocrystalline";"bifacial";"30000";"0.24";"1";"0.24";"1.2";"1.2";"18";"0";"33.2";"6.7";"999.141";"864.257";"0.27886";"7230.19";"100";"1024";"1.25";"150";"75";"102.4";"12.5";"114.9";"28.725";"143.625";"1e+15";"200";"360000";"0.1";"1.8";"143.625";"143.625";"0";"0";"14362.5";"14362.5";"PHOTOVOLTAIC";"ON";"OFF"
"run_20260926_115203";"2026-09-26";"11:52:03";"2026-09-26 11:52:03";"269";"hpc_extreme";"HPC - Extremo";"6";"60";"5";"1";"manual";"5000";"1800";"600";"30";"1";"origin";"main";"git@github.com:CAGDOJ/PhotovoltaicFirst.git";"Belem";"-1.4537";"-48.5078";"monocrystalline";"bifacial";"30000";"0.24";"1";"0.24";"1.2";"1.2";"18";"0";"33.2";"6.7";"999.303";"864.397";"0.27886";"7231.36";"100";"1024";"1.25";"150";"75";"102.4";"12.5";"114.9";"28.725";"143.625";"1e+15";"200";"360000";"0.1";"1.8";"143.625";"143.625";"0";"0";"14362.5";"14362.5";"PHOTOVOLTAIC";"ON";"OFF"
"run_20260926_115331";"2026-09-26";"11:53:31";"2026-09-26 11:53:31";"269";"hpc_extreme";"HPC - Extremo";"6";"60";"5";"1";"manual";"5000";"1800";"600";"30";"1";"origin";"main";"git@github.com:CAGDOJ/PhotovoltaicFirst.git";"Belem";"-1.4537";"-48.5078";"monocrystalline";"bifacial";"30000";"0.24";"1";"0.24";"1.2";"1.2";"18";"0";"33.2";"6.7";"999.445";"864.52";"0.27886";"7232.39";"100";"1024";"1.25";"150";"75";"102.4";"12.5";"114.9";"28.725";"143.625";"1e+15";"200";"360000";"0.1";"1.8";"143.625";"143.625";"0";"0";"14362.5";"14362.5";"PHOTOVOLTAIC";"ON";"OFF"
"run_20260926_115344";"2026-09-26";"11:53:44";"2026-09-26 11:53:44";"269";"hpc_extreme";"HPC - Extremo";"6";"60";"5";"1";"manual";"5000";"1800";"600";"30";"1";"origin";"main";"git@github.com:CAGDOJ/PhotovoltaicFirst.git";"Belem";"-1.4537";"-48.5078";"monocrystalline";"bifacial";"30000";"0.24";"1";"0.24";"1.2";"1.2";"18";"0";"33.2";"6.7";"999.445";"864.52";"0.27886";"7232.39";"100";"1024";"1.25";"150";"75";"102.4";"12.5";"114.9";"28.725";"143.625";"1e+15";"200";"360000";"0.1";"1.8";"143.625";"143.625";"0";"0";"14362.5";"14362.5";"PHOTOVOLTAIC";"ON";"OFF"
"run_20260926_115502";"2026-09-26";"11:55:02";"2026-09-26 11:55:02";"269";"hpc_extreme";"HPC - Extremo";"6";"60";"5";"1";"manual";"5000";"1800";"600";"30";"1";"origin";"main";"git@github.com:CAGDOJ/PhotovoltaicFirst.git";"Belem";"-1.4537";"-48.5078";"monocrystalline";"bifacial";"30000";"0.24";"1";"0.24";"1.2";"1.2";"18";"0";"33.2";"6.7";"999.674";"864.718";"0.27886";"7234.04";"100";"1024";"1.25";"150";"75";"102.4";"12.5";"114.9";"28.725";"143.625";"1e+15";"200";"360000";"0.1";"1.8";"143.625";"143.625";"0";"0";"14362.5";"14362.5";"PHOTOVOLTAIC";"ON";"OFF"
"run_20260926_115629";"2026-09-26";"11:56:29";"2026-09-26 11:56:29";"269";"hpc_extreme";"HPC - Extremo";"6";"60";"5";"1";"manual";"5000";"1800";"600";"30";"1";"origin";"main";"git@github.com:CAGDOJ/PhotovoltaicFirst.git";"Belem";"-1.4537";"-48.5078";"monocrystalline";"bifacial";"30000";"0.24";"1";"0.24";"1.2";"1.2";"18";"0";"33.2";"6.7";"999.759";"864.792";"0.27886";"7234.66";"100";"1024";"1.25";"150";"75";"102.4";"12.5";"114.9";"28.725";"143.625";"1e+15";"200";"360000";"0.1";"1.8";"143.625";"143.625";"0";"0";"14362.5";"14362.5";"PHOTOVOLTAIC";"ON";"OFF"
"run_20260926_115754";"2026-09-26";"11:57:54";"2026-09-26 11:57:54";"269";"hpc_extreme";"HPC - Extremo";"6";"60";"5";"1";"manual";"5000";"1800";"600";"30";"1";"origin";"main";"git@github.com:CAGDOJ/PhotovoltaicFirst.git";"Belem";"-1.4537";"-48.5078";"monocrystalline";"bifacial";"30000";"0.24";"1";"0.24";"1.2";"1.2";"18";"0";"33.2";"6.7";"999.826";"864.849";"0.27886";"7235.14";"100";"1024";"1.25";"150";"75";"102.4";"12.5";"114.9";"28.725";"143.625";"1e+15";"200";"360000";"0.1";"1.8";"143.625";"143.625";"0";"0";"14362.5";"14362.5";"PHOTOVOLTAIC";"ON";"OFF"
"run_20260926_115919";"2026-09-26";"11:59:19";"2026-09-26 11:59:19";"269";"hpc_extreme";"HPC - Extremo";"6";"60";"5";"1";"manual";"5000";"1800";"600";"30";"1";"origin";"main";"git@github.com:CAGDOJ/PhotovoltaicFirst.git";"Belem";"-1.4537";"-48.5078";"monocrystalline";"bifacial";"30000";"0.24";"1";"0.24";"1.2";"1.2";"18";"0";"33.2";"6.7";"999.902";"864.915";"0.27886";"7235.69";"100";"1024";"1.25";"150";"75";"102.4";"12.5";"114.9";"28.725";"143.625";"1e+15";"200";"360000";"0.1";"1.8";"143.625";"143.625";"0";"0";"14362.5";"14362.5";"PHOTOVOLTAIC";"ON";"OFF"
"run_20260926_120018";"2026-09-26";"12:00:18";"2026-09-26 12:00:18";"269";"hpc_extreme";"HPC - Extremo";"6";"60";"5";"1";"manual";"5000";"1800";"600";"30";"1";"origin";"main";"git@github.com:CAGDOJ/PhotovoltaicFirst.git";"Belem";"-1.4537";"-48.5078";"monocrystalline";"bifacial";"30000";"0.24";"1";"0.24";"1.2";"1.2";"22";"0";"33.4";"5.8";"999.911";"834.926";"0.278399";"6973.29";"100";"1024";"1.25";"150";"75";"102.4";"12.5";"114.9";"28.725";"143.625";"1e+15";"200";"360000";"0.1";"1.8";"143.625";"143.625";"0";"0";"14362.5";"14362.5";"PHOTOVOLTAIC";"ON";"OFF"
"run_20260926_120201";"2026-09-26";"12:02:01";"2026-09-26 12:02:01";"269";"hpc_extreme";"HPC - Extremo";"6";"60";"5";"1";"manual";"5000";"1800";"600";"30";"1";"origin";"main";"git@github.com:CAGDOJ/PhotovoltaicFirst.git";"Belem";"-1.4537";"-48.5078";"monocrystalline";"bifacial";"30000";"0.24";"1";"0.24";"1.2";"1.2";"22";"0";"33.4";"5.8";"999.873";"834.894";"0.278399";"6973.02";"100";"1024";"1.25";"150";"75";"102.4";"12.5";"114.9";"28.725";"143.625";"1e+15";"200";"360000";"0.1";"1.8";"143.625";"143.625";"0";"0";"14362.5";"14362.5";"PHOTOVOLTAIC";"ON";"OFF"
"run_20260926_120203";"2026-09-26";"12:02:03";"2026-09-26 12:02:03";"269";"hpc_extreme";"HPC - Extremo";"6";"60";"5";"1";"manual";"5000";"1800";"600";"30";"1";"origin";"main";"git@github.com:CAGDOJ/PhotovoltaicFirst.git";"Belem";"-1.4537";"-48.5078";"monocrystalline";"bifacial";"30000";"0.24";"1";"0.24";"1.2";"1.2";"22";"0";"33.4";"5.8";"999.873";"834.894";"0.278399";"6973.02";"100";"1024";"1.25";"150";"75";"102.4";"12.5";"114.9";"28.725";"143.625";"1e+15";"200";"360000";"0.1";"1.8";"143.625";"143.625";"0";"0";"14362.5";"14362.5";"PHOTOVOLTAIC";"ON";"OFF"
"run_20260926_120325";"2026-09-26";"12:03:25";"2026-09-26 12:03:25";"269";"hpc_extreme";"HPC - Extremo";"6";"60";"5";"1";"manual";"5000";"1800";"600";"30";"1";"origin";"main";"git@github.com:CAGDOJ/PhotovoltaicFirst.git";"Belem";"-1.4537";"-48.5078";"monocrystalline";"bifacial";"30000";"0.24";"1";"0.24";"1.2";"1.2";"22";"0";"33.4";"5.8";"999.826";"834.854";"0.278399";"6972.69";"100";"1024";"1.25";"150";"75";"102.4";"12.5";"114.9";"28.725";"143.625";"1e+15";"200";"360000";"0.1";"1.8";"143.625";"143.625";"0";"0";"14362.5";"14362.5";"PHOTOVOLTAIC";"ON";"OFF"
"run_20260926_120327";"2026-09-26";"12:03:27";"2026-09-26 12:03:27";"269";"hpc_extreme";"HPC - Extremo";"6";"60";"5";"1";"manual";"5000";"1800";"600";"30";"1";"origin";"main";"git@github.com:CAGDOJ/PhotovoltaicFirst.git";"Belem";"-1.4537";"-48.5078";"monocrystalline";"bifacial";"30000";"0.24";"1";"0.24";"1.2";"1.2";"22";"0";"33.4";"5.8";"999.826";"834.854";"0.278399";"6972.69";"100";"1024";"1.25";"150";"75";"102.4";"12.5";"114.9";"28.725";"143.625";"1e+15";"200";"360000";"0.1";"1.8";"143.625";"143.625";"0";"0";"14362.5";"14362.5";"PHOTOVOLTAIC";"ON";"OFF"
"run_20260926_120452";"2026-09-26";"12:04:52";"2026-09-26 12:04:52";"269";"hpc_extreme";"HPC - Extremo";"6";"60";"5";"1";"manual";"5000";"1800";"600";"30";"1";"origin";"main";"git@github.com:CAGDOJ/PhotovoltaicFirst.git";"Belem";"-1.4537";"-48.5078";"monocrystalline";"bifacial";"30000";"0.24";"1";"0.24";"1.2";"1.2";"22";"0";"33.4";"5.8";"999.759";"834.799";"0.278399";"6972.23";"100";"1024";"1.25";"150";"75";"102.4";"12.5";"114.9";"28.725";"143.625";"1e+15";"200";"360000";"0.1";"1.8";"143.625";"143.625";"0";"0";"14362.5";"14362.5";"PHOTOVOLTAIC";"ON";"OFF"
"run_20260926_120454";"2026-09-26";"12:04:54";"2026-09-26 12:04:54";"269";"hpc_extreme";"HPC - Extremo";"6";"60";"5";"1";"manual";"5000";"1800";"600";"30";"1";"origin";"main";"git@github.com:CAGDOJ/PhotovoltaicFirst.git";"Belem";"-1.4537";"-48.5078";"monocrystalline";"bifacial";"30000";"0.24";"1";"0.24";"1.2";"1.2";"22";"0";"33.4";"5.8";"999.759";"834.799";"0.278399";"6972.23";"100";"1024";"1.25";"150";"75";"102.4";"12.5";"114.9";"28.725";"143.625";"1e+15";"200";"360000";"0.1";"1.8";"143.625";"143.625";"0";"0";"14362.5";"14362.5";"PHOTOVOLTAIC";"ON";"OFF"
"run_20260926_120458";"2026-09-26";"12:04:58";"2026-09-26 12:04:58";"269";"hpc_extreme";"HPC - Extremo";"6";"60";"5";"1";"manual";"5000";"1800";"600";"30";"1";"origin";"main";"git@github.com:CAGDOJ/PhotovoltaicFirst.git";"Belem";"-1.4537";"-48.5078";"monocrystalline";"bifacial";"30000";"0.24";"1";"0.24";"1.2";"1.2";"22";"0";"33.4";"5.8";"999.759";"834.799";"0.278399";"6972.23";"100";"1024";"1.25";"150";"75";"102.4";"12.5";"114.9";"28.725";"143.625";"1e+15";"200";"360000";"0.1";"1.8";"143.625";"143.625";"0";"0";"14362.5";"14362.5";"PHOTOVOLTAIC";"ON";"OFF"
"run_20260926_120612";"2026-09-26";"12:06:12";"2026-09-26 12:06:12";"269";"hpc_extreme";"HPC - Extremo";"6";"60";"5";"1";"manual";"5000";"1800";"600";"30";"1";"origin";"main";"git@github.com:CAGDOJ/PhotovoltaicFirst.git";"Belem";"-1.4537";"-48.5078";"monocrystalline";"bifacial";"30000";"0.24";"1";"0.24";"1.2";"1.2";"22";"0";"33.4";"5.8";"999.569";"834.64";"0.278399";"6970.9";"100";"1024";"1.25";"150";"75";"102.4";"12.5";"114.9";"28.725";"143.625";"1e+15";"200";"360000";"0.1";"1.8";"143.625";"143.625";"0";"0";"14362.5";"14362.5";"PHOTOVOLTAIC";"ON";"OFF"
"run_20260926_120615";"2026-09-26";"12:06:15";"2026-09-26 12:06:15";"269";"hpc_extreme";"HPC - Extremo";"6";"60";"5";"1";"manual";"5000";"1800";"600";"30";"1";"origin";"main";"git@github.com:CAGDOJ/PhotovoltaicFirst.git";"Belem";"-1.4537";"-48.5078";"monocrystalline";"bifacial";"30000";"0.24";"1";"0.24";"1.2";"1.2";"22";"0";"33.4";"5.8";"999.569";"834.64";"0.278399";"6970.9";"100";"1024";"1.25";"150";"75";"102.4";"12.5";"114.9";"28.725";"143.625";"1e+15";"200";"360000";"0.1";"1.8";"143.625";"143.625";"0";"0";"14362.5";"14362.5";"PHOTOVOLTAIC";"ON";"OFF"
"run_20260926_120618";"2026-09-26";"12:06:18";"2026-09-26 12:06:18";"269";"hpc_extreme";"HPC - Extremo";"6";"60";"5";"1";"manual";"5000";"1800";"600";"30";"1";"origin";"main";"git@github.com:CAGDOJ/PhotovoltaicFirst.git";"Belem";"-1.4537";"-48.5078";"monocrystalline";"bifacial";"30000";"0.24";"1";"0.24";"1.2";"1.2";"22";"0";"33.4";"5.8";"999.569";"834.64";"0.278399";"6970.9";"100";"1024";"1.25";"150";"75";"102.4";"12.5";"114.9";"28.725";"143.625";"1e+15";"200";"360000";"0.1";"1.8";"143.625";"143.625";"0";"0";"14362.5";"14362.5";"PHOTOVOLTAIC";"ON";"OFF"
"run_20260926_120732";"2026-09-26";"12:07:32";"2026-09-26 12:07:32";"269";"hpc_extreme";"HPC - Extremo";"6";"60";"5";"1";"manual";"5000";"1800";"600";"30";"1";"origin";"main";"git@github.com:CAGDOJ/PhotovoltaicFirst.git";"Belem";"-1.4537";"-48.5078";"monocrystalline";"bifacial";"30000";"0.24";"1";"0.24";"1.2";"1.2";"22";"0";"33.4";"5.8";"999.445";"834.537";"0.278399";"6970.04";"100";"1024";"1.25";"150";"75";"102.4";"12.5";"114.9";"28.725";"143.625";"1e+15";"200";"360000";"0.1";"1.8";"143.625";"143.625";"0";"0";"14362.5";"14362.5";"PHOTOVOLTAIC";"ON";"OFF"
"run_20260926_120734";"2026-09-26";"12:07:34";"2026-09-26 12:07:34";"269";"hpc_extreme";"HPC - Extremo";"6";"60";"5";"1";"manual";"5000";"1800";"600";"30";"1";"origin";"main";"git@github.com:CAGDOJ/PhotovoltaicFirst.git";"Belem";"-1.4537";"-48.5078";"monocrystalline";"bifacial";"30000";"0.24";"1";"0.24";"1.2";"1.2";"22";"0";"33.4";"5.8";"999.445";"834.537";"0.278399";"6970.04";"100";"1024";"1.25";"150";"75";"102.4";"12.5";"114.9";"28.725";"143.625";"1e+15";"200";"360000";"0.1";"1.8";"143.625";"143.625";"0";"0";"14362.5";"14362.5";"PHOTOVOLTAIC";"ON";"OFF"
"run_20260926_120854";"2026-09-26";"12:08:54";"2026-09-26 12:08:54";"269";"hpc_extreme";"HPC - Extremo";"6";"60";"5";"1";"manual";"5000";"1800";"600";"30";"1";"origin";"main";"git@github.com:CAGDOJ/PhotovoltaicFirst.git";"Belem";"-1.4537";"-48.5078";"monocrystalline";"bifacial";"30000";"0.24";"1";"0.24";"1.2";"1.2";"22";"0";"33.4";"5.8";"999.303";"834.418";"0.278399";"6969.04";"100";"1024";"1.25";"150";"75";"102.4";"12.5";"114.9";"28.725";"143.625";"1e+15";"200";"360000";"0.1";"1.8";"143.625";"143.625";"0";"0";"14362.5";"14362.5";"PHOTOVOLTAIC";"ON";"OFF"
"run_20260926_120855";"2026-09-26";"12:08:55";"2026-09-26 12:08:55";"269";"hpc_extreme";"HPC - Extremo";"6";"60";"5";"1";"manual";"5000";"1800";"600";"30";"1";"origin";"main";"git@github.com:CAGDOJ/PhotovoltaicFirst.git";"Belem";"-1.4537";"-48.5078";"monocrystalline";"bifacial";"30000";"0.24";"1";"0.24";"1.2";"1.2";"22";"0";"33.4";"5.8";"999.303";"834.418";"0.278399";"6969.04";"100";"1024";"1.25";"150";"75";"102.4";"12.5";"114.9";"28.725";"143.625";"1e+15";"200";"360000";"0.1";"1.8";"143.625";"143.625";"0";"0";"14362.5";"14362.5";"PHOTOVOLTAIC";"ON";"OFF"
"run_20260926_121012";"2026-09-26";"12:10:12";"2026-09-26 12:10:12";"269";"hpc_extreme";"HPC - Extremo";"6";"60";"5";"1";"manual";"5000";"1800";"600";"30";"1";"origin";"main";"git@github.com:CAGDOJ/PhotovoltaicFirst.git";"Belem";"-1.4537";"-48.5078";"monocrystalline";"bifacial";"30000";"0.24";"1";"0.24";"1.2";"1.2";"22";"0";"33.4";"5.8";"998.961";"834.132";"0.278399";"6966.66";"100";"1024";"1.25";"150";"75";"102.4";"12.5";"114.9";"28.725";"143.625";"1e+15";"200";"360000";"0.1";"1.8";"143.625";"143.625";"0";"0";"14362.5";"14362.5";"PHOTOVOLTAIC";"ON";"OFF"
"run_20260926_121013";"2026-09-26";"12:10:13";"2026-09-26 12:10:13";"269";"hpc_extreme";"HPC - Extremo";"6";"60";"5";"1";"manual";"5000";"1800";"600";"30";"1";"origin";"main";"git@github.com:CAGDOJ/PhotovoltaicFirst.git";"Belem";"-1.4537";"-48.5078";"monocrystalline";"bifacial";"30000";"0.24";"1";"0.24";"1.2";"1.2";"22";"0";"33.4";"5.8";"998.961";"834.132";"0.278399";"6966.66";"100";"1024";"1.25";"150";"75";"102.4";"12.5";"114.9";"28.725";"143.625";"1e+15";"200";"360000";"0.1";"1.8";"143.625";"143.625";"0";"0";"14362.5";"14362.5";"PHOTOVOLTAIC";"ON";"OFF"
"run_20260926_121015";"2026-09-26";"12:10:15";"2026-09-26 12:10:15";"269";"hpc_extreme";"HPC - Extremo";"6";"60";"5";"1";"manual";"5000";"1800";"600";"30";"1";"origin";"main";"git@github.com:CAGDOJ/PhotovoltaicFirst.git";"Belem";"-1.4537";"-48.5078";"monocrystalline";"bifacial";"30000";"0.24";"1";"0.24";"1.2";"1.2";"22";"0";"33.4";"5.8";"998.961";"834.132";"0.278399";"6966.66";"100";"1024";"1.25";"150";"75";"102.4";"12.5";"114.9";"28.725";"143.625";"1e+15";"200";"360000";"0.1";"1.8";"143.625";"143.625";"0";"0";"14362.5";"14362.5";"PHOTOVOLTAIC";"ON";"OFF"
"run_20260926_121138";"2026-09-26";"12:11:38";"2026-09-26 12:11:38";"269";"hpc_extreme";"HPC - Extremo";"6";"60";"5";"1";"manual";"5000";"1800";"600";"30";"1";"origin";"main";"git@github.com:CAGDOJ/PhotovoltaicFirst.git";"Belem";"-1.4537";"-48.5078";"monocrystalline";"bifacial";"30000";"0.24";"1";"0.24";"1.2";"1.2";"22";"0";"33.4";"5.8";"998.761";"833.965";"0.278399";"6965.26";"100";"1024";"1.25";"150";"75";"102.4";"12.5";"114.9";"28.725";"143.625";"1e+15";"200";"360000";"0.1";"1.8";"143.625";"143.625";"0";"0";"14362.5";"14362.5";"PHOTOVOLTAIC";"ON";"OFF"
"run_20260926_121140";"2026-09-26";"12:11:40";"2026-09-26 12:11:40";"269";"hpc_extreme";"HPC - Extremo";"6";"60";"5";"1";"manual";"5000";"1800";"600";"30";"1";"origin";"main";"git@github.com:CAGDOJ/PhotovoltaicFirst.git";"Belem";"-1.4537";"-48.5078";"monocrystalline";"bifacial";"30000";"0.24";"1";"0.24";"1.2";"1.2";"22";"0";"33.4";"5.8";"998.761";"833.965";"0.278399";"6965.26";"100";"1024";"1.25";"150";"75";"102.4";"12.5";"114.9";"28.725";"143.625";"1e+15";"200";"360000";"0.1";"1.8";"143.625";"143.625";"0";"0";"14362.5";"14362.5";"PHOTOVOLTAIC";"ON";"OFF"
"run_20260926_121141";"2026-09-26";"12:11:41";"2026-09-26 12:11:41";"269";"hpc_extreme";"HPC - Extremo";"6";"60";"5";"1";"manual";"5000";"1800";"600";"30";"1";"origin";"main";"git@github.com:CAGDOJ/PhotovoltaicFirst.git";"Belem";"-1.4537";"-48.5078";"monocrystalline";"bifacial";"30000";"0.24";"1";"0.24";"1.2";"1.2";"22";"0";"33.4";"5.8";"998.761";"833.965";"0.278399";"6965.26";"100";"1024";"1.25";"150";"75";"102.4";"12.5";"114.9";"28.725";"143.625";"1e+15";"200";"360000";"0.1";"1.8";"143.625";"143.625";"0";"0";"14362.5";"14362.5";"PHOTOVOLTAIC";"ON";"OFF"
"run_20260926_121305";"2026-09-26";"12:13:05";"2026-09-26 12:13:05";"269";"hpc_extreme";"HPC - Extremo";"6";"60";"5";"1";"manual";"5000";"1800";"600";"30";"1";"origin";"main";"git@github.com:CAGDOJ/PhotovoltaicFirst.git";"Belem";"-1.4537";"-48.5078";"monocrystalline";"bifacial";"30000";"0.24";"1";"0.24";"1.2";"1.2";"22";"0";"33.4";"5.8";"998.305";"833.584";"0.278399";"6962.08";"100";"1024";"1.25";"150";"75";"102.4";"12.5";"114.9";"28.725";"143.625";"1e+15";"200";"360000";"0.1";"1.8";"143.625";"143.625";"0";"0";"14362.5";"14362.5";"PHOTOVOLTAIC";"ON";"OFF"
"run_20260926_121307";"2026-09-26";"12:13:07";"2026-09-26 12:13:07";"269";"hpc_extreme";"HPC - Extremo";"6";"60";"5";"1";"manual";"5000";"1800";"600";"30";"1";"origin";"main";"git@github.com:CAGDOJ/PhotovoltaicFirst.git";"Belem";"-1.4537";"-48.5078";"monocrystalline";"bifacial";"30000";"0.24";"1";"0.24";"1.2";"1.2";"22";"0";"33.4";"5.8";"998.305";"833.584";"0.278399";"6962.08";"100";"1024";"1.25";"150";"75";"102.4";"12.5";"114.9";"28.725";"143.625";"1e+15";"200";"360000";"0.1";"1.8";"143.625";"143.625";"0";"0";"14362.5";"14362.5";"PHOTOVOLTAIC";"ON";"OFF"
"run_20260926_121308";"2026-09-26";"12:13:08";"2026-09-26 12:13:08";"269";"hpc_extreme";"HPC - Extremo";"6";"60";"5";"1";"manual";"5000";"1800";"600";"30";"1";"origin";"main";"git@github.com:CAGDOJ/PhotovoltaicFirst.git";"Belem";"-1.4537";"-48.5078";"monocrystalline";"bifacial";"30000";"0.24";"1";"0.24";"1.2";"1.2";"22";"0";"33.4";"5.8";"998.305";"833.584";"0.278399";"6962.08";"100";"1024";"1.25";"150";"75";"102.4";"12.5";"114.9";"28.725";"143.625";"1e+15";"200";"360000";"0.1";"1.8";"143.625";"143.625";"0";"0";"14362.5";"14362.5";"PHOTOVOLTAIC";"ON";"OFF"
"run_20260926_121427";"2026-09-26";"12:14:27";"2026-09-26 12:14:27";"269";"hpc_extreme";"HPC - Extremo";"6";"60";"5";"1";"manual";"5000";"1800";"600";"30";"1";"origin";"main";"git@github.com:CAGDOJ/PhotovoltaicFirst.git";"Belem";"-1.4537";"-48.5078";"monocrystalline";"bifacial";"30000";"0.24";"1";"0.24";"1.2";"1.2";"22";"0";"33.4";"5.8";"998.048";"833.37";"0.278399";"6960.29";"100";"1024";"1.25";"150";"75";"102.4";"12.5";"114.9";"28.725";"143.625";"1e+15";"200";"360000";"0.1";"1.8";"143.625";"143.625";"0";"0";"14362.5";"14362.5";"PHOTOVOLTAIC";"ON";"OFF"
"run_20260926_121429";"2026-09-26";"12:14:29";"2026-09-26 12:14:29";"269";"hpc_extreme";"HPC - Extremo";"6";"60";"5";"1";"manual";"5000";"1800";"600";"30";"1";"origin";"main";"git@github.com:CAGDOJ/PhotovoltaicFirst.git";"Belem";"-1.4537";"-48.5078";"monocrystalline";"bifacial";"30000";"0.24";"1";"0.24";"1.2";"1.2";"22";"0";"33.4";"5.8";"998.048";"833.37";"0.278399";"6960.29";"100";"1024";"1.25";"150";"75";"102.4";"12.5";"114.9";"28.725";"143.625";"1e+15";"200";"360000";"0.1";"1.8";"143.625";"143.625";"0";"0";"14362.5";"14362.5";"PHOTOVOLTAIC";"ON";"OFF"
"run_20260926_121548";"2026-09-26";"12:15:48";"2026-09-26 12:15:48";"269";"hpc_extreme";"HPC - Extremo";"6";"60";"5";"1";"manual";"5000";"1800";"600";"30";"1";"origin";"main";"git@github.com:CAGDOJ/PhotovoltaicFirst.git";"Belem";"-1.4537";"-48.5078";"monocrystalline";"bifacial";"30000";"0.24";"1";"0.24";"1.2";"1.2";"24";"0";"33.6";"4.9";"997.773";"818.173";"0.27794";"6822.09";"100";"1024";"1.25";"150";"75";"102.4";"12.5";"114.9";"28.725";"143.625";"1e+15";"200";"360000";"0.1";"1.8";"143.625";"143.625";"0";"0";"14362.5";"14362.5";"PHOTOVOLTAIC";"ON";"OFF"
"run_20260926_121549";"2026-09-26";"12:15:49";"2026-09-26 12:15:49";"269";"hpc_extreme";"HPC - Extremo";"6";"60";"5";"1";"manual";"5000";"1800";"600";"30";"1";"origin";"main";"git@github.com:CAGDOJ/PhotovoltaicFirst.git";"Belem";"-1.4537";"-48.5078";"monocrystalline";"bifacial";"30000";"0.24";"1";"0.24";"1.2";"1.2";"24";"0";"33.6";"4.9";"997.773";"818.173";"0.27794";"6822.09";"100";"1024";"1.25";"150";"75";"102.4";"12.5";"114.9";"28.725";"143.625";"1e+15";"200";"360000";"0.1";"1.8";"143.625";"143.625";"0";"0";"14362.5";"14362.5";"PHOTOVOLTAIC";"ON";"OFF"
"run_20260926_121710";"2026-09-26";"12:17:10";"2026-09-26 12:17:10";"269";"hpc_extreme";"HPC - Extremo";"6";"60";"5";"1";"manual";"5000";"1800";"600";"30";"1";"origin";"main";"git@github.com:CAGDOJ/PhotovoltaicFirst.git";"Belem";"-1.4537";"-48.5078";"monocrystalline";"bifacial";"30000";"0.24";"1";"0.24";"1.2";"1.2";"24";"0";"33.6";"4.9";"997.164";"817.675";"0.27794";"6817.93";"100";"1024";"1.25";"150";"75";"102.4";"12.5";"114.9";"28.725";"143.625";"1e+15";"200";"360000";"0.1";"1.8";"143.625";"143.625";"0";"0";"14362.5";"14362.5";"PHOTOVOLTAIC";"ON";"OFF"
"run_20260926_121712";"2026-09-26";"12:17:12";"2026-09-26 12:17:12";"269";"hpc_extreme";"HPC - Extremo";"6";"60";"5";"1";"manual";"5000";"1800";"600";"30";"1";"origin";"main";"git@github.com:CAGDOJ/PhotovoltaicFirst.git";"Belem";"-1.4537";"-48.5078";"monocrystalline";"bifacial";"30000";"0.24";"1";"0.24";"1.2";"1.2";"24";"0";"33.6";"4.9";"997.164";"817.675";"0.27794";"6817.93";"100";"1024";"1.25";"150";"75";"102.4";"12.5";"114.9";"28.725";"143.625";"1e+15";"200";"360000";"0.1";"1.8";"143.625";"143.625";"0";"0";"14362.5";"14362.5";"PHOTOVOLTAIC";"ON";"OFF"
"run_20260926_121713";"2026-09-26";"12:17:13";"2026-09-26 12:17:13";"269";"hpc_extreme";"HPC - Extremo";"6";"60";"5";"1";"manual";"5000";"1800";"600";"30";"1";"origin";"main";"git@github.com:CAGDOJ/PhotovoltaicFirst.git";"Belem";"-1.4537";"-48.5078";"monocrystalline";"bifacial";"30000";"0.24";"1";"0.24";"1.2";"1.2";"24";"0";"33.6";"4.9";"997.164";"817.675";"0.27794";"6817.93";"100";"1024";"1.25";"150";"75";"102.4";"12.5";"114.9";"28.725";"143.625";"1e+15";"200";"360000";"0.1";"1.8";"143.625";"143.625";"0";"0";"14362.5";"14362.5";"PHOTOVOLTAIC";"ON";"OFF"
"run_20260926_121827";"2026-09-26";"12:18:27";"2026-09-26 12:18:27";"269";"hpc_extreme";"HPC - Extremo";"6";"60";"5";"1";"manual";"5000";"1800";"600";"30";"1";"origin";"main";"git@github.com:CAGDOJ/PhotovoltaicFirst.git";"Belem";"-1.4537";"-48.5078";"monocrystalline";"bifacial";"30000";"0.24";"1";"0.24";"1.2";"1.2";"24";"0";"33.6";"4.9";"996.832";"817.402";"0.27794";"6815.65";"100";"1024";"1.25";"150";"75";"102.4";"12.5";"114.9";"28.725";"143.625";"1e+15";"200";"360000";"0.1";"1.8";"143.625";"143.625";"0";"0";"14362.5";"14362.5";"PHOTOVOLTAIC";"ON";"OFF"
"run_20260926_121830";"2026-09-26";"12:18:30";"2026-09-26 12:18:30";"269";"hpc_extreme";"HPC - Extremo";"6";"60";"5";"1";"manual";"5000";"1800";"600";"30";"1";"origin";"main";"git@github.com:CAGDOJ/PhotovoltaicFirst.git";"Belem";"-1.4537";"-48.5078";"monocrystalline";"bifacial";"30000";"0.24";"1";"0.24";"1.2";"1.2";"24";"0";"33.6";"4.9";"996.832";"817.402";"0.27794";"6815.65";"100";"1024";"1.25";"150";"75";"102.4";"12.5";"114.9";"28.725";"143.625";"1e+15";"200";"360000";"0.1";"1.8";"143.625";"143.625";"0";"0";"14362.5";"14362.5";"PHOTOVOLTAIC";"ON";"OFF"
"run_20260926_121943";"2026-09-26";"12:19:43";"2026-09-26 12:19:43";"269";"hpc_extreme";"HPC - Extremo";"6";"60";"5";"1";"manual";"5000";"1800";"600";"30";"1";"origin";"main";"git@github.com:CAGDOJ/PhotovoltaicFirst.git";"Belem";"-1.4537";"-48.5078";"monocrystalline";"bifacial";"30000";"0.24";"1";"0.24";"1.2";"1.2";"24";"0";"33.6";"4.9";"996.48";"817.114";"0.27794";"6813.25";"100";"1024";"1.25";"150";"75";"102.4";"12.5";"114.9";"28.725";"143.625";"1e+15";"200";"360000";"0.1";"1.8";"143.625";"143.625";"0";"0";"14362.5";"14362.5";"PHOTOVOLTAIC";"ON";"OFF"
"run_20260926_121945";"2026-09-26";"12:19:45";"2026-09-26 12:19:45";"269";"hpc_extreme";"HPC - Extremo";"6";"60";"5";"1";"manual";"5000";"1800";"600";"30";"1";"origin";"main";"git@github.com:CAGDOJ/PhotovoltaicFirst.git";"Belem";"-1.4537";"-48.5078";"monocrystalline";"bifacial";"30000";"0.24";"1";"0.24";"1.2";"1.2";"24";"0";"33.6";"4.9";"996.48";"817.114";"0.27794";"6813.25";"100";"1024";"1.25";"150";"75";"102.4";"12.5";"114.9";"28.725";"143.625";"1e+15";"200";"360000";"0.1";"1.8";"143.625";"143.625";"0";"0";"14362.5";"14362.5";"PHOTOVOLTAIC";"ON";"OFF"
"run_20260926_121946";"2026-09-26";"12:19:46";"2026-09-26 12:19:46";"269";"hpc_extreme";"HPC - Extremo";"6";"60";"5";"1";"manual";"5000";"1800";"600";"30";"1";"origin";"main";"git@github.com:CAGDOJ/PhotovoltaicFirst.git";"Belem";"-1.4537";"-48.5078";"monocrystalline";"bifacial";"30000";"0.24";"1";"0.24";"1.2";"1.2";"24";"0";"33.6";"4.9";"996.48";"817.114";"0.27794";"6813.25";"100";"1024";"1.25";"150";"75";"102.4";"12.5";"114.9";"28.725";"143.625";"1e+15";"200";"360000";"0.1";"1.8";"143.625";"143.625";"0";"0";"14362.5";"14362.5";"PHOTOVOLTAIC";"ON";"OFF"
"run_20260926_122100";"2026-09-26";"12:21:00";"2026-09-26 12:21:00";"269";"hpc_extreme";"HPC - Extremo";"6";"60";"5";"1";"manual";"5000";"1800";"600";"30";"1";"origin";"main";"git@github.com:CAGDOJ/PhotovoltaicFirst.git";"Belem";"-1.4537";"-48.5078";"monocrystalline";"bifacial";"30000";"0.24";"1";"0.24";"1.2";"1.2";"24";"0";"33.6";"4.9";"995.721";"816.491";"0.27794";"6808.06";"100";"1024";"1.25";"150";"75";"102.4";"12.5";"114.9";"28.725";"143.625";"1e+15";"200";"360000";"0.1";"1.8";"143.625";"143.625";"0";"0";"14362.5";"14362.5";"PHOTOVOLTAIC";"ON";"OFF"
"run_20260926_122216";"2026-09-26";"12:22:16";"2026-09-26 12:22:16";"269";"hpc_extreme";"HPC - Extremo";"6";"60";"5";"1";"manual";"5000";"1800";"600";"30";"1";"origin";"main";"git@github.com:CAGDOJ/PhotovoltaicFirst.git";"Belem";"-1.4537";"-48.5078";"monocrystalline";"bifacial";"30000";"0.24";"1";"0.24";"1.2";"1.2";"24";"0";"33.6";"4.9";"995.312";"816.156";"0.27794";"6805.27";"100";"1024";"1.25";"150";"75";"102.4";"12.5";"114.9";"28.725";"143.625";"1e+15";"200";"360000";"0.1";"1.8";"143.625";"143.625";"0";"0";"14362.5";"14362.5";"PHOTOVOLTAIC";"ON";"OFF"
"run_20260926_122217";"2026-09-26";"12:22:17";"2026-09-26 12:22:17";"269";"hpc_extreme";"HPC - Extremo";"6";"60";"5";"1";"manual";"5000";"1800";"600";"30";"1";"origin";"main";"git@github.com:CAGDOJ/PhotovoltaicFirst.git";"Belem";"-1.4537";"-48.5078";"monocrystalline";"bifacial";"30000";"0.24";"1";"0.24";"1.2";"1.2";"24";"0";"33.6";"4.9";"995.312";"816.156";"0.27794";"6805.27";"100";"1024";"1.25";"150";"75";"102.4";"12.5";"114.9";"28.725";"143.625";"1e+15";"200";"360000";"0.1";"1.8";"143.625";"143.625";"0";"0";"14362.5";"14362.5";"PHOTOVOLTAIC";"ON";"OFF"
"run_20260926_122218";"2026-09-26";"12:22:18";"2026-09-26 12:22:18";"269";"hpc_extreme";"HPC - Extremo";"6";"60";"5";"1";"manual";"5000";"1800";"600";"30";"1";"origin";"main";"git@github.com:CAGDOJ/PhotovoltaicFirst.git";"Belem";"-1.4537";"-48.5078";"monocrystalline";"bifacial";"30000";"0.24";"1";"0.24";"1.2";"1.2";"24";"0";"33.6";"4.9";"995.312";"816.156";"0.27794";"6805.27";"100";"1024";"1.25";"150";"75";"102.4";"12.5";"114.9";"28.725";"143.625";"1e+15";"200";"360000";"0.1";"1.8";"143.625";"143.625";"0";"0";"14362.5";"14362.5";"PHOTOVOLTAIC";"ON";"OFF"
"run_20260926_122332";"2026-09-26";"12:23:32";"2026-09-26 12:23:32";"269";"hpc_extreme";"HPC - Extremo";"6";"60";"5";"1";"manual";"5000";"1800";"600";"30";"1";"origin";"main";"git@github.com:CAGDOJ/PhotovoltaicFirst.git";"Belem";"-1.4537";"-48.5078";"monocrystalline";"bifacial";"30000";"0.24";"1";"0.24";"1.2";"1.2";"24";"0";"33.6";"4.9";"994.885";"815.806";"0.27794";"6802.34";"100";"1024";"1.25";"150";"75";"102.4";"12.5";"114.9";"28.725";"143.625";"1e+15";"200";"360000";"0.1";"1.8";"143.625";"143.625";"0";"0";"14362.5";"14362.5";"PHOTOVOLTAIC";"ON";"OFF"
"run_20260926_122334";"2026-09-26";"12:23:34";"2026-09-26 12:23:34";"269";"hpc_extreme";"HPC - Extremo";"6";"60";"5";"1";"manual";"5000";"1800";"600";"30";"1";"origin";"main";"git@github.com:CAGDOJ/PhotovoltaicFirst.git";"Belem";"-1.4537";"-48.5078";"monocrystalline";"bifacial";"30000";"0.24";"1";"0.24";"1.2";"1.2";"24";"0";"33.6";"4.9";"994.885";"815.806";"0.27794";"6802.34";"100";"1024";"1.25";"150";"75";"102.4";"12.5";"114.9";"28.725";"143.625";"1e+15";"200";"360000";"0.1";"1.8";"143.625";"143.625";"0";"0";"14362.5";"14362.5";"PHOTOVOLTAIC";"ON";"OFF"
"run_20260926_122336";"2026-09-26";"12:23:36";"2026-09-26 12:23:36";"269";"hpc_extreme";"HPC - Extremo";"6";"60";"5";"1";"manual";"5000";"1800";"600";"30";"1";"origin";"main";"git@github.com:CAGDOJ/PhotovoltaicFirst.git";"Belem";"-1.4537";"-48.5078";"monocrystalline";"bifacial";"30000";"0.24";"1";"0.24";"1.2";"1.2";"24";"0";"33.6";"4.9";"994.885";"815.806";"0.27794";"6802.34";"100";"1024";"1.25";"150";"75";"102.4";"12.5";"114.9";"28.725";"143.625";"1e+15";"200";"360000";"0.1";"1.8";"143.625";"143.625";"0";"0";"14362.5";"14362.5";"PHOTOVOLTAIC";"ON";"OFF"
"run_20260926_122450";"2026-09-26";"12:24:50";"2026-09-26 12:24:50";"269";"hpc_extreme";"HPC - Extremo";"6";"60";"5";"1";"manual";"5000";"1800";"600";"30";"1";"origin";"main";"git@github.com:CAGDOJ/PhotovoltaicFirst.git";"Belem";"-1.4537";"-48.5078";"monocrystalline";"bifacial";"30000";"0.24";"1";"0.24";"1.2";"1.2";"24";"0";"33.6";"4.9";"994.439";"815.44";"0.27794";"6799.29";"100";"1024";"1.25";"150";"75";"102.4";"12.5";"114.9";"28.725";"143.625";"1e+15";"200";"360000";"0.1";"1.8";"143.625";"143.625";"0";"0";"14362.5";"14362.5";"PHOTOVOLTAIC";"ON";"OFF"
"run_20260926_122452";"2026-09-26";"12:24:52";"2026-09-26 12:24:52";"269";"hpc_extreme";"HPC - Extremo";"6";"60";"5";"1";"manual";"5000";"1800";"600";"30";"1";"origin";"main";"git@github.com:CAGDOJ/PhotovoltaicFirst.git";"Belem";"-1.4537";"-48.5078";"monocrystalline";"bifacial";"30000";"0.24";"1";"0.24";"1.2";"1.2";"24";"0";"33.6";"4.9";"994.439";"815.44";"0.27794";"6799.29";"100";"1024";"1.25";"150";"75";"102.4";"12.5";"114.9";"28.725";"143.625";"1e+15";"200";"360000";"0.1";"1.8";"143.625";"143.625";"0";"0";"14362.5";"14362.5";"PHOTOVOLTAIC";"ON";"OFF"
"run_20260926_122453";"2026-09-26";"12:24:53";"2026-09-26 12:24:53";"269";"hpc_extreme";"HPC - Extremo";"6";"60";"5";"1";"manual";"5000";"1800";"600";"30";"1";"origin";"main";"git@github.com:CAGDOJ/PhotovoltaicFirst.git";"Belem";"-1.4537";"-48.5078";"monocrystalline";"bifacial";"30000";"0.24";"1";"0.24";"1.2";"1.2";"24";"0";"33.6";"4.9";"994.439";"815.44";"0.27794";"6799.29";"100";"1024";"1.25";"150";"75";"102.4";"12.5";"114.9";"28.725";"143.625";"1e+15";"200";"360000";"0.1";"1.8";"143.625";"143.625";"0";"0";"14362.5";"14362.5";"PHOTOVOLTAIC";"ON";"OFF"
"run_20260926_122605";"2026-09-26";"12:26:05";"2026-09-26 12:26:05";"269";"hpc_extreme";"HPC - Extremo";"6";"60";"5";"1";"manual";"5000";"1800";"600";"30";"1";"origin";"main";"git@github.com:CAGDOJ/PhotovoltaicFirst.git";"Belem";"-1.4537";"-48.5078";"monocrystalline";"bifacial";"30000";"0.24";"1";"0.24";"1.2";"1.2";"24";"0";"33.6";"4.9";"993.49";"814.662";"0.27794";"6792.81";"100";"1024";"1.25";"150";"75";"102.4";"12.5";"114.9";"28.725";"143.625";"1e+15";"200";"360000";"0.1";"1.8";"143.625";"143.625";"0";"0";"14362.5";"14362.5";"PHOTOVOLTAIC";"ON";"OFF"
"run_20260926_122606";"2026-09-26";"12:26:06";"2026-09-26 12:26:06";"269";"hpc_extreme";"HPC - Extremo";"6";"60";"5";"1";"manual";"5000";"1800";"600";"30";"1";"origin";"main";"git@github.com:CAGDOJ/PhotovoltaicFirst.git";"Belem";"-1.4537";"-48.5078";"monocrystalline";"bifacial";"30000";"0.24";"1";"0.24";"1.2";"1.2";"24";"0";"33.6";"4.9";"993.49";"814.662";"0.27794";"6792.81";"100";"1024";"1.25";"150";"75";"102.4";"12.5";"114.9";"28.725";"143.625";"1e+15";"200";"360000";"0.1";"1.8";"143.625";"143.625";"0";"0";"14362.5";"14362.5";"PHOTOVOLTAIC";"ON";"OFF"
"run_20260926_122608";"2026-09-26";"12:26:08";"2026-09-26 12:26:08";"269";"hpc_extreme";"HPC - Extremo";"6";"60";"5";"1";"manual";"5000";"1800";"600";"30";"1";"origin";"main";"git@github.com:CAGDOJ/PhotovoltaicFirst.git";"Belem";"-1.4537";"-48.5078";"monocrystalline";"bifacial";"30000";"0.24";"1";"0.24";"1.2";"1.2";"24";"0";"33.6";"4.9";"993.49";"814.662";"0.27794";"6792.81";"100";"1024";"1.25";"150";"75";"102.4";"12.5";"114.9";"28.725";"143.625";"1e+15";"200";"360000";"0.1";"1.8";"143.625";"143.625";"0";"0";"14362.5";"14362.5";"PHOTOVOLTAIC";"ON";"OFF"
"run_20260926_122723";"2026-09-26";"12:27:23";"2026-09-26 12:27:23";"269";"hpc_extreme";"HPC - Extremo";"6";"60";"5";"1";"manual";"5000";"1800";"600";"30";"1";"origin";"main";"git@github.com:CAGDOJ/PhotovoltaicFirst.git";"Belem";"-1.4537";"-48.5078";"monocrystalline";"bifacial";"30000";"0.24";"1";"0.24";"1.2";"1.2";"24";"0";"33.6";"4.9";"992.987";"814.249";"0.27794";"6789.37";"100";"1024";"1.25";"150";"75";"102.4";"12.5";"114.9";"28.725";"143.625";"1e+15";"200";"360000";"0.1";"1.8";"143.625";"143.625";"0";"0";"14362.5";"14362.5";"PHOTOVOLTAIC";"ON";"OFF"
"run_20260926_122839";"2026-09-26";"12:28:39";"2026-09-26 12:28:39";"269";"hpc_extreme";"HPC - Extremo";"6";"60";"5";"1";"manual";"5000";"1800";"600";"30";"1";"origin";"main";"git@github.com:CAGDOJ/PhotovoltaicFirst.git";"Belem";"-1.4537";"-48.5078";"monocrystalline";"bifacial";"30000";"0.24";"1";"0.24";"1.2";"1.2";"24";"0";"33.6";"4.9";"992.465";"813.822";"0.27794";"6785.8";"100";"1024";"1.25";"150";"75";"102.4";"12.5";"114.9";"28.725";"143.625";"1e+15";"200";"360000";"0.1";"1.8";"143.625";"143.625";"0";"0";"14362.5";"14362.5";"PHOTOVOLTAIC";"ON";"OFF"
"run_20260926_122840";"2026-09-26";"12:28:40";"2026-09-26 12:28:40";"269";"hpc_extreme";"HPC - Extremo";"6";"60";"5";"1";"manual";"5000";"1800";"600";"30";"1";"origin";"main";"git@github.com:CAGDOJ/PhotovoltaicFirst.git";"Belem";"-1.4537";"-48.5078";"monocrystalline";"bifacial";"30000";"0.24";"1";"0.24";"1.2";"1.2";"24";"0";"33.6";"4.9";"992.465";"813.822";"0.27794";"6785.8";"100";"1024";"1.25";"150";"75";"102.4";"12.5";"114.9";"28.725";"143.625";"1e+15";"200";"360000";"0.1";"1.8";"143.625";"143.625";"0";"0";"14362.5";"14362.5";"PHOTOVOLTAIC";"ON";"OFF"
"run_20260926_122842";"2026-09-26";"12:28:42";"2026-09-26 12:28:42";"269";"hpc_extreme";"HPC - Extremo";"6";"60";"5";"1";"manual";"5000";"1800";"600";"30";"1";"origin";"main";"git@github.com:CAGDOJ/PhotovoltaicFirst.git";"Belem";"-1.4537";"-48.5078";"monocrystalline";"bifacial";"30000";"0.24";"1";"0.24";"1.2";"1.2";"24";"0";"33.6";"4.9";"992.465";"813.822";"0.27794";"6785.8";"100";"1024";"1.25";"150";"75";"102.4";"12.5";"114.9";"28.725";"143.625";"1e+15";"200";"360000";"0.1";"1.8";"143.625";"143.625";"0";"0";"14362.5";"14362.5";"PHOTOVOLTAIC";"ON";"OFF"
"run_20260926_122955";"2026-09-26";"12:29:55";"2026-09-26 12:29:55";"269";"hpc_extreme";"HPC - Extremo";"6";"60";"5";"1";"manual";"5000";"1800";"600";"30";"1";"origin";"main";"git@github.com:CAGDOJ/PhotovoltaicFirst.git";"Belem";"-1.4537";"-48.5078";"monocrystalline";"bifacial";"30000";"0.24";"1";"0.24";"1.2";"1.2";"24";"0";"33.6";"4.9";"991.925";"813.378";"0.27794";"6782.1";"100";"1024";"1.25";"150";"75";"102.4";"12.5";"114.9";"28.725";"143.625";"1e+15";"200";"360000";"0.1";"1.8";"143.625";"143.625";"0";"0";"14362.5";"14362.5";"PHOTOVOLTAIC";"ON";"OFF"
"run_20260926_122957";"2026-09-26";"12:29:57";"2026-09-26 12:29:57";"269";"hpc_extreme";"HPC - Extremo";"6";"60";"5";"1";"manual";"5000";"1800";"600";"30";"1";"origin";"main";"git@github.com:CAGDOJ/PhotovoltaicFirst.git";"Belem";"-1.4537";"-48.5078";"monocrystalline";"bifacial";"30000";"0.24";"1";"0.24";"1.2";"1.2";"24";"0";"33.6";"4.9";"991.925";"813.378";"0.27794";"6782.1";"100";"1024";"1.25";"150";"75";"102.4";"12.5";"114.9";"28.725";"143.625";"1e+15";"200";"360000";"0.1";"1.8";"143.625";"143.625";"0";"0";"14362.5";"14362.5";"PHOTOVOLTAIC";"ON";"OFF"
"run_20260926_123110";"2026-09-26";"12:31:10";"2026-09-26 12:31:10";"269";"hpc_extreme";"HPC - Extremo";"6";"60";"5";"1";"manual";"5000";"1800";"600";"30";"1";"origin";"main";"git@github.com:CAGDOJ/PhotovoltaicFirst.git";"Belem";"-1.4537";"-48.5078";"monocrystalline";"bifacial";"30000";"0.24";"1";"0.24";"1.2";"1.2";"24";"0";"33.8";"4";"990.787";"812.445";"0.27748";"6763.13";"100";"1024";"1.25";"150";"75";"102.4";"12.5";"114.9";"28.725";"143.625";"1e+15";"200";"360000";"0.1";"1.8";"143.625";"143.625";"0";"0";"14362.5";"14362.5";"PHOTOVOLTAIC";"ON";"OFF"
"run_20260926_123112";"2026-09-26";"12:31:12";"2026-09-26 12:31:12";"269";"hpc_extreme";"HPC - Extremo";"6";"60";"5";"1";"manual";"5000";"1800";"600";"30";"1";"origin";"main";"git@github.com:CAGDOJ/PhotovoltaicFirst.git";"Belem";"-1.4537";"-48.5078";"monocrystalline";"bifacial";"30000";"0.24";"1";"0.24";"1.2";"1.2";"24";"0";"33.8";"4";"990.787";"812.445";"0.27748";"6763.13";"100";"1024";"1.25";"150";"75";"102.4";"12.5";"114.9";"28.725";"143.625";"1e+15";"200";"360000";"0.1";"1.8";"143.625";"143.625";"0";"0";"14362.5";"14362.5";"PHOTOVOLTAIC";"ON";"OFF"
"run_20260926_123113";"2026-09-26";"12:31:13";"2026-09-26 12:31:13";"269";"hpc_extreme";"HPC - Extremo";"6";"60";"5";"1";"manual";"5000";"1800";"600";"30";"1";"origin";"main";"git@github.com:CAGDOJ/PhotovoltaicFirst.git";"Belem";"-1.4537";"-48.5078";"monocrystalline";"bifacial";"30000";"0.24";"1";"0.24";"1.2";"1.2";"24";"0";"33.8";"4";"990.787";"812.445";"0.27748";"6763.13";"100";"1024";"1.25";"150";"75";"102.4";"12.5";"114.9";"28.725";"143.625";"1e+15";"200";"360000";"0.1";"1.8";"143.625";"143.625";"0";"0";"14362.5";"14362.5";"PHOTOVOLTAIC";"ON";"OFF"
"run_20260926_123227";"2026-09-26";"12:32:27";"2026-09-26 12:32:27";"269";"hpc_extreme";"HPC - Extremo";"6";"60";"5";"1";"manual";"5000";"1800";"600";"30";"1";"origin";"main";"git@github.com:CAGDOJ/PhotovoltaicFirst.git";"Belem";"-1.4537";"-48.5078";"monocrystalline";"bifacial";"30000";"0.24";"1";"0.24";"1.2";"1.2";"24";"0";"33.8";"4";"990.19";"811.956";"0.27748";"6759.05";"100";"1024";"1.25";"150";"75";"102.4";"12.5";"114.9";"28.725";"143.625";"1e+15";"200";"360000";"0.1";"1.8";"143.625";"143.625";"0";"0";"14362.5";"14362.5";"PHOTOVOLTAIC";"ON";"OFF"
"run_20260926_123228";"2026-09-26";"12:32:28";"2026-09-26 12:32:28";"269";"hpc_extreme";"HPC - Extremo";"6";"60";"5";"1";"manual";"5000";"1800";"600";"30";"1";"origin";"main";"git@github.com:CAGDOJ/PhotovoltaicFirst.git";"Belem";"-1.4537";"-48.5078";"monocrystalline";"bifacial";"30000";"0.24";"1";"0.24";"1.2";"1.2";"24";"0";"33.8";"4";"990.19";"811.956";"0.27748";"6759.05";"100";"1024";"1.25";"150";"75";"102.4";"12.5";"114.9";"28.725";"143.625";"1e+15";"200";"360000";"0.1";"1.8";"143.625";"143.625";"0";"0";"14362.5";"14362.5";"PHOTOVOLTAIC";"ON";"OFF"
"run_20260926_123342";"2026-09-26";"12:33:42";"2026-09-26 12:33:42";"269";"hpc_extreme";"HPC - Extremo";"6";"60";"5";"1";"manual";"5000";"1800";"600";"30";"1";"origin";"main";"git@github.com:CAGDOJ/PhotovoltaicFirst.git";"Belem";"-1.4537";"-48.5078";"monocrystalline";"bifacial";"30000";"0.24";"1";"0.24";"1.2";"1.2";"24";"0";"33.8";"4";"989.574";"811.45";"0.27748";"6754.85";"100";"1024";"1.25";"150";"75";"102.4";"12.5";"114.9";"28.725";"143.625";"1e+15";"200";"360000";"0.1";"1.8";"143.625";"143.625";"0";"0";"14362.5";"14362.5";"PHOTOVOLTAIC";"ON";"OFF"
"run_20260926_123345";"2026-09-26";"12:33:45";"2026-09-26 12:33:45";"269";"hpc_extreme";"HPC - Extremo";"6";"60";"5";"1";"manual";"5000";"1800";"600";"30";"1";"origin";"main";"git@github.com:CAGDOJ/PhotovoltaicFirst.git";"Belem";"-1.4537";"-48.5078";"monocrystalline";"bifacial";"30000";"0.24";"1";"0.24";"1.2";"1.2";"24";"0";"33.8";"4";"989.574";"811.45";"0.27748";"6754.85";"100";"1024";"1.25";"150";"75";"102.4";"12.5";"114.9";"28.725";"143.625";"1e+15";"200";"360000";"0.1";"1.8";"143.625";"143.625";"0";"0";"14362.5";"14362.5";"PHOTOVOLTAIC";"ON";"OFF"
"run_20260926_123500";"2026-09-26";"12:35:00";"2026-09-26 12:35:00";"269";"hpc_extreme";"HPC - Extremo";"6";"60";"5";"1";"manual";"5000";"1800";"600";"30";"1";"origin";"main";"git@github.com:CAGDOJ/PhotovoltaicFirst.git";"Belem";"-1.4537";"-48.5078";"monocrystalline";"bifacial";"30000";"0.24";"1";"0.24";"1.2";"1.2";"24";"0";"33.8";"4";"988.285";"810.394";"0.27748";"6746.05";"100";"1024";"1.25";"150";"75";"102.4";"12.5";"114.9";"28.725";"143.625";"1e+15";"200";"360000";"0.1";"1.8";"143.625";"143.625";"0";"0";"14362.5";"14362.5";"PHOTOVOLTAIC";"ON";"OFF"
"run_20260926_123501";"2026-09-26";"12:35:01";"2026-09-26 12:35:01";"269";"hpc_extreme";"HPC - Extremo";"6";"60";"5";"1";"manual";"5000";"1800";"600";"30";"1";"origin";"main";"git@github.com:CAGDOJ/PhotovoltaicFirst.git";"Belem";"-1.4537";"-48.5078";"monocrystalline";"bifacial";"30000";"0.24";"1";"0.24";"1.2";"1.2";"24";"0";"33.8";"4";"988.285";"810.394";"0.27748";"6746.05";"100";"1024";"1.25";"150";"75";"102.4";"12.5";"114.9";"28.725";"143.625";"1e+15";"200";"360000";"0.1";"1.8";"143.625";"143.625";"0";"0";"14362.5";"14362.5";"PHOTOVOLTAIC";"ON";"OFF"
"run_20260926_123615";"2026-09-26";"12:36:15";"2026-09-26 12:36:15";"269";"hpc_extreme";"HPC - Extremo";"6";"60";"5";"1";"manual";"5000";"1800";"600";"30";"1";"origin";"main";"git@github.com:CAGDOJ/PhotovoltaicFirst.git";"Belem";"-1.4537";"-48.5078";"monocrystalline";"bifacial";"30000";"0.24";"1";"0.24";"1.2";"1.2";"24";"0";"33.8";"4";"987.613";"809.842";"0.27748";"6741.46";"100";"1024";"1.25";"150";"75";"102.4";"12.5";"114.9";"28.725";"143.625";"1e+15";"200";"360000";"0.1";"1.8";"143.625";"143.625";"0";"0";"14362.5";"14362.5";"PHOTOVOLTAIC";"ON";"OFF"
"run_20260926_123620";"2026-09-26";"12:36:20";"2026-09-26 12:36:20";"269";"hpc_extreme";"HPC - Extremo";"6";"60";"5";"1";"manual";"5000";"1800";"600";"30";"1";"origin";"main";"git@github.com:CAGDOJ/PhotovoltaicFirst.git";"Belem";"-1.4537";"-48.5078";"monocrystalline";"bifacial";"30000";"0.24";"1";"0.24";"1.2";"1.2";"24";"0";"33.8";"4";"987.613";"809.842";"0.27748";"6741.46";"100";"1024";"1.25";"150";"75";"102.4";"12.5";"114.9";"28.725";"143.625";"1e+15";"200";"360000";"0.1";"1.8";"143.625";"143.625";"0";"0";"14362.5";"14362.5";"PHOTOVOLTAIC";"ON";"OFF"
"run_20260926_123732";"2026-09-26";"12:37:32";"2026-09-26 12:37:32";"269";"hpc_extreme";"HPC - Extremo";"6";"60";"5";"1";"manual";"5000";"1800";"600";"30";"1";"origin";"main";"git@github.com:CAGDOJ/PhotovoltaicFirst.git";"Belem";"-1.4537";"-48.5078";"monocrystalline";"bifacial";"30000";"0.24";"1";"0.24";"1.2";"1.2";"24";"0";"33.8";"4";"986.922";"809.276";"0.27748";"6736.74";"100";"1024";"1.25";"150";"75";"102.4";"12.5";"114.9";"28.725";"143.625";"1e+15";"200";"360000";"0.1";"1.8";"143.625";"143.625";"0";"0";"14362.5";"14362.5";"PHOTOVOLTAIC";"ON";"OFF"
"run_20260926_123733";"2026-09-26";"12:37:33";"2026-09-26 12:37:33";"269";"hpc_extreme";"HPC - Extremo";"6";"60";"5";"1";"manual";"5000";"1800";"600";"30";"1";"origin";"main";"git@github.com:CAGDOJ/PhotovoltaicFirst.git";"Belem";"-1.4537";"-48.5078";"monocrystalline";"bifacial";"30000";"0.24";"1";"0.24";"1.2";"1.2";"24";"0";"33.8";"4";"986.922";"809.276";"0.27748";"6736.74";"100";"1024";"1.25";"150";"75";"102.4";"12.5";"114.9";"28.725";"143.625";"1e+15";"200";"360000";"0.1";"1.8";"143.625";"143.625";"0";"0";"14362.5";"14362.5";"PHOTOVOLTAIC";"ON";"OFF"
"run_20260926_123735";"2026-09-26";"12:37:35";"2026-09-26 12:37:35";"269";"hpc_extreme";"HPC - Extremo";"6";"60";"5";"1";"manual";"5000";"1800";"600";"30";"1";"origin";"main";"git@github.com:CAGDOJ/PhotovoltaicFirst.git";"Belem";"-1.4537";"-48.5078";"monocrystalline";"bifacial";"30000";"0.24";"1";"0.24";"1.2";"1.2";"24";"0";"33.8";"4";"986.922";"809.276";"0.27748";"6736.74";"100";"1024";"1.25";"150";"75";"102.4";"12.5";"114.9";"28.725";"143.625";"1e+15";"200";"360000";"0.1";"1.8";"143.625";"143.625";"0";"0";"14362.5";"14362.5";"PHOTOVOLTAIC";"ON";"OFF"
"run_20260926_123849";"2026-09-26";"12:38:49";"2026-09-26 12:38:49";"269";"hpc_extreme";"HPC - Extremo";"6";"60";"5";"1";"manual";"5000";"1800";"600";"30";"1";"origin";"main";"git@github.com:CAGDOJ/PhotovoltaicFirst.git";"Belem";"-1.4537";"-48.5078";"monocrystalline";"bifacial";"30000";"0.24";"1";"0.24";"1.2";"1.2";"24";"0";"33.8";"4";"986.212";"808.693";"0.27748";"6731.9";"100";"1024";"1.25";"150";"75";"102.4";"12.5";"114.9";"28.725";"143.625";"1e+15";"200";"360000";"0.1";"1.8";"143.625";"143.625";"0";"0";"14362.5";"14362.5";"PHOTOVOLTAIC";"ON";"OFF"
"run_20260926_123851";"2026-09-26";"12:38:51";"2026-09-26 12:38:51";"269";"hpc_extreme";"HPC - Extremo";"6";"60";"5";"1";"manual";"5000";"1800";"600";"30";"1";"origin";"main";"git@github.com:CAGDOJ/PhotovoltaicFirst.git";"Belem";"-1.4537";"-48.5078";"monocrystalline";"bifacial";"30000";"0.24";"1";"0.24";"1.2";"1.2";"24";"0";"33.8";"4";"986.212";"808.693";"0.27748";"6731.9";"100";"1024";"1.25";"150";"75";"102.4";"12.5";"114.9";"28.725";"143.625";"1e+15";"200";"360000";"0.1";"1.8";"143.625";"143.625";"0";"0";"14362.5";"14362.5";"PHOTOVOLTAIC";"ON";"OFF"
"run_20260926_123855";"2026-09-26";"12:38:55";"2026-09-26 12:38:55";"269";"hpc_extreme";"HPC - Extremo";"6";"60";"5";"1";"manual";"5000";"1800";"600";"30";"1";"origin";"main";"git@github.com:CAGDOJ/PhotovoltaicFirst.git";"Belem";"-1.4537";"-48.5078";"monocrystalline";"bifacial";"30000";"0.24";"1";"0.24";"1.2";"1.2";"24";"0";"33.8";"4";"986.212";"808.693";"0.27748";"6731.9";"100";"1024";"1.25";"150";"75";"102.4";"12.5";"114.9";"28.725";"143.625";"1e+15";"200";"360000";"0.1";"1.8";"143.625";"143.625";"0";"0";"14362.5";"14362.5";"PHOTOVOLTAIC";"ON";"OFF"
"run_20260926_124007";"2026-09-26";"12:40:07";"2026-09-26 12:40:07";"269";"hpc_extreme";"HPC - Extremo";"6";"60";"5";"1";"manual";"5000";"1800";"600";"30";"1";"origin";"main";"git@github.com:CAGDOJ/PhotovoltaicFirst.git";"Belem";"-1.4537";"-48.5078";"monocrystalline";"bifacial";"30000";"0.24";"1";"0.24";"1.2";"1.2";"24";"0";"33.8";"4";"984.735";"807.483";"0.27748";"6721.82";"100";"1024";"1.25";"150";"75";"102.4";"12.5";"114.9";"28.725";"143.625";"1e+15";"200";"360000";"0.1";"1.8";"143.625";"143.625";"0";"0";"14362.5";"14362.5";"PHOTOVOLTAIC";"ON";"OFF"
"run_20260926_124008";"2026-09-26";"12:40:08";"2026-09-26 12:40:08";"269";"hpc_extreme";"HPC - Extremo";"6";"60";"5";"1";"manual";"5000";"1800";"600";"30";"1";"origin";"main";"git@github.com:CAGDOJ/PhotovoltaicFirst.git";"Belem";"-1.4537";"-48.5078";"monocrystalline";"bifacial";"30000";"0.24";"1";"0.24";"1.2";"1.2";"24";"0";"33.8";"4";"984.735";"807.483";"0.27748";"6721.82";"100";"1024";"1.25";"150";"75";"102.4";"12.5";"114.9";"28.725";"143.625";"1e+15";"200";"360000";"0.1";"1.8";"143.625";"143.625";"0";"0";"14362.5";"14362.5";"PHOTOVOLTAIC";"ON";"OFF"
"run_20260926_124009";"2026-09-26";"12:40:09";"2026-09-26 12:40:09";"269";"hpc_extreme";"HPC - Extremo";"6";"60";"5";"1";"manual";"5000";"1800";"600";"30";"1";"origin";"main";"git@github.com:CAGDOJ/PhotovoltaicFirst.git";"Belem";"-1.4537";"-48.5078";"monocrystalline";"bifacial";"30000";"0.24";"1";"0.24";"1.2";"1.2";"24";"0";"33.8";"4";"984.735";"807.483";"0.27748";"6721.82";"100";"1024";"1.25";"150";"75";"102.4";"12.5";"114.9";"28.725";"143.625";"1e+15";"200";"360000";"0.1";"1.8";"143.625";"143.625";"0";"0";"14362.5";"14362.5";"PHOTOVOLTAIC";"ON";"OFF"
"run_20260926_124127";"2026-09-26";"12:41:27";"2026-09-26 12:41:27";"269";"hpc_extreme";"HPC - Extremo";"6";"60";"5";"1";"manual";"5000";"1800";"600";"30";"1";"origin";"main";"git@github.com:CAGDOJ/PhotovoltaicFirst.git";"Belem";"-1.4537";"-48.5078";"monocrystalline";"bifacial";"30000";"0.24";"1";"0.24";"1.2";"1.2";"24";"0";"33.8";"4";"983.969";"806.855";"0.27748";"6716.59";"100";"1024";"1.25";"150";"75";"102.4";"12.5";"114.9";"28.725";"143.625";"1e+15";"200";"360000";"0.1";"1.8";"143.625";"143.625";"0";"0";"14362.5";"14362.5";"PHOTOVOLTAIC";"ON";"OFF"
"run_20260926_124128";"2026-09-26";"12:41:28";"2026-09-26 12:41:28";"269";"hpc_extreme";"HPC - Extremo";"6";"60";"5";"1";"manual";"5000";"1800";"600";"30";"1";"origin";"main";"git@github.com:CAGDOJ/PhotovoltaicFirst.git";"Belem";"-1.4537";"-48.5078";"monocrystalline";"bifacial";"30000";"0.24";"1";"0.24";"1.2";"1.2";"24";"0";"33.8";"4";"983.969";"806.855";"0.27748";"6716.59";"100";"1024";"1.25";"150";"75";"102.4";"12.5";"114.9";"28.725";"143.625";"1e+15";"200";"360000";"0.1";"1.8";"143.625";"143.625";"0";"0";"14362.5";"14362.5";"PHOTOVOLTAIC";"ON";"OFF"
"run_20260926_124243";"2026-09-26";"12:42:43";"2026-09-26 12:42:43";"269";"hpc_extreme";"HPC - Extremo";"6";"60";"5";"1";"manual";"5000";"1800";"600";"30";"1";"origin";"main";"git@github.com:CAGDOJ/PhotovoltaicFirst.git";"Belem";"-1.4537";"-48.5078";"monocrystalline";"bifacial";"30000";"0.24";"1";"0.24";"1.2";"1.2";"24";"0";"33.8";"4";"983.184";"806.211";"0.27748";"6711.23";"100";"1024";"1.25";"150";"75";"102.4";"12.5";"114.9";"28.725";"143.625";"1e+15";"200";"360000";"0.1";"1.8";"143.625";"143.625";"0";"0";"14362.5";"14362.5";"PHOTOVOLTAIC";"ON";"OFF"
"run_20260926_124244";"2026-09-26";"12:42:44";"2026-09-26 12:42:44";"269";"hpc_extreme";"HPC - Extremo";"6";"60";"5";"1";"manual";"5000";"1800";"600";"30";"1";"origin";"main";"git@github.com:CAGDOJ/PhotovoltaicFirst.git";"Belem";"-1.4537";"-48.5078";"monocrystalline";"bifacial";"30000";"0.24";"1";"0.24";"1.2";"1.2";"24";"0";"33.8";"4";"983.184";"806.211";"0.27748";"6711.23";"100";"1024";"1.25";"150";"75";"102.4";"12.5";"114.9";"28.725";"143.625";"1e+15";"200";"360000";"0.1";"1.8";"143.625";"143.625";"0";"0";"14362.5";"14362.5";"PHOTOVOLTAIC";"ON";"OFF"
"run_20260926_124247";"2026-09-26";"12:42:47";"2026-09-26 12:42:47";"269";"hpc_extreme";"HPC - Extremo";"6";"60";"5";"1";"manual";"5000";"1800";"600";"30";"1";"origin";"main";"git@github.com:CAGDOJ/PhotovoltaicFirst.git";"Belem";"-1.4537";"-48.5078";"monocrystalline";"bifacial";"30000";"0.24";"1";"0.24";"1.2";"1.2";"24";"0";"33.8";"4";"983.184";"806.211";"0.27748";"6711.23";"100";"1024";"1.25";"150";"75";"102.4";"12.5";"114.9";"28.725";"143.625";"1e+15";"200";"360000";"0.1";"1.8";"143.625";"143.625";"0";"0";"14362.5";"14362.5";"PHOTOVOLTAIC";"ON";"OFF"
"run_20260926_124400";"2026-09-26";"12:44:00";"2026-09-26 12:44:00";"269";"hpc_extreme";"HPC - Extremo";"6";"60";"5";"1";"manual";"5000";"1800";"600";"30";"1";"origin";"main";"git@github.com:CAGDOJ/PhotovoltaicFirst.git";"Belem";"-1.4537";"-48.5078";"monocrystalline";"bifacial";"30000";"0.24";"1";"0.24";"1.2";"1.2";"24";"0";"33.8";"4";"981.558";"804.878";"0.27748";"6700.13";"100";"1024";"1.25";"150";"75";"102.4";"12.5";"114.9";"28.725";"143.625";"1e+15";"200";"360000";"0.1";"1.8";"143.625";"143.625";"0";"0";"14362.5";"14362.5";"PHOTOVOLTAIC";"ON";"OFF"
"run_20260926_124402";"2026-09-26";"12:44:02";"2026-09-26 12:44:02";"269";"hpc_extreme";"HPC - Extremo";"6";"60";"5";"1";"manual";"5000";"1800";"600";"30";"1";"origin";"main";"git@github.com:CAGDOJ/PhotovoltaicFirst.git";"Belem";"-1.4537";"-48.5078";"monocrystalline";"bifacial";"30000";"0.24";"1";"0.24";"1.2";"1.2";"24";"0";"33.8";"4";"981.558";"804.878";"0.27748";"6700.13";"100";"1024";"1.25";"150";"75";"102.4";"12.5";"114.9";"28.725";"143.625";"1e+15";"200";"360000";"0.1";"1.8";"143.625";"143.625";"0";"0";"14362.5";"14362.5";"PHOTOVOLTAIC";"ON";"OFF"
"run_20260926_124404";"2026-09-26";"12:44:04";"2026-09-26 12:44:04";"269";"hpc_extreme";"HPC - Extremo";"6";"60";"5";"1";"manual";"5000";"1800";"600";"30";"1";"origin";"main";"git@github.com:CAGDOJ/PhotovoltaicFirst.git";"Belem";"-1.4537";"-48.5078";"monocrystalline";"bifacial";"30000";"0.24";"1";"0.24";"1.2";"1.2";"24";"0";"33.8";"4";"981.558";"804.878";"0.27748";"6700.13";"100";"1024";"1.25";"150";"75";"102.4";"12.5";"114.9";"28.725";"143.625";"1e+15";"200";"360000";"0.1";"1.8";"143.625";"143.625";"0";"0";"14362.5";"14362.5";"PHOTOVOLTAIC";"ON";"OFF"
"run_20260926_124517";"2026-09-26";"12:45:17";"2026-09-26 12:45:17";"269";"hpc_extreme";"HPC - Extremo";"6";"60";"5";"1";"manual";"5000";"1800";"600";"30";"1";"origin";"main";"git@github.com:CAGDOJ/PhotovoltaicFirst.git";"Belem";"-1.4537";"-48.5078";"monocrystalline";"bifacial";"30000";"0.24";"1";"0.24";"1.2";"1.2";"25";"0";"33.9";"3.1";"980.717";"796.833";"0.277151";"6625.29";"100";"1024";"1.25";"150";"75";"102.4";"12.5";"114.9";"28.725";"143.625";"1e+15";"200";"360000";"0.1";"1.8";"143.625";"143.625";"0";"0";"14362.5";"14362.5";"PHOTOVOLTAIC";"ON";"OFF"
"run_20260926_124520";"2026-09-26";"12:45:20";"2026-09-26 12:45:20";"269";"hpc_extreme";"HPC - Extremo";"6";"60";"5";"1";"manual";"5000";"1800";"600";"30";"1";"origin";"main";"git@github.com:CAGDOJ/PhotovoltaicFirst.git";"Belem";"-1.4537";"-48.5078";"monocrystalline";"bifacial";"30000";"0.24";"1";"0.24";"1.2";"1.2";"25";"0";"33.9";"3.1";"980.717";"796.833";"0.277151";"6625.29";"100";"1024";"1.25";"150";"75";"102.4";"12.5";"114.9";"28.725";"143.625";"1e+15";"200";"360000";"0.1";"1.8";"143.625";"143.625";"0";"0";"14362.5";"14362.5";"PHOTOVOLTAIC";"ON";"OFF"
"run_20260926_124521";"2026-09-26";"12:45:21";"2026-09-26 12:45:21";"269";"hpc_extreme";"HPC - Extremo";"6";"60";"5";"1";"manual";"5000";"1800";"600";"30";"1";"origin";"main";"git@github.com:CAGDOJ/PhotovoltaicFirst.git";"Belem";"-1.4537";"-48.5078";"monocrystalline";"bifacial";"30000";"0.24";"1";"0.24";"1.2";"1.2";"25";"0";"33.9";"3.1";"980.717";"796.833";"0.277151";"6625.29";"100";"1024";"1.25";"150";"75";"102.4";"12.5";"114.9";"28.725";"143.625";"1e+15";"200";"360000";"0.1";"1.8";"143.625";"143.625";"0";"0";"14362.5";"14362.5";"PHOTOVOLTAIC";"ON";"OFF"
"run_20260926_124636";"2026-09-26";"12:46:36";"2026-09-26 12:46:36";"269";"hpc_extreme";"HPC - Extremo";"6";"60";"5";"1";"manual";"5000";"1800";"600";"30";"1";"origin";"main";"git@github.com:CAGDOJ/PhotovoltaicFirst.git";"Belem";"-1.4537";"-48.5078";"monocrystalline";"bifacial";"30000";"0.24";"1";"0.24";"1.2";"1.2";"25";"0";"33.9";"3.1";"979.857";"796.134";"0.277151";"6619.49";"100";"1024";"1.25";"150";"75";"102.4";"12.5";"114.9";"28.725";"143.625";"1e+15";"200";"360000";"0.1";"1.8";"143.625";"143.625";"0";"0";"14362.5";"14362.5";"PHOTOVOLTAIC";"ON";"OFF"
"run_20260926_124639";"2026-09-26";"12:46:39";"2026-09-26 12:46:39";"269";"hpc_extreme";"HPC - Extremo";"6";"60";"5";"1";"manual";"5000";"1800";"600";"30";"1";"origin";"main";"git@github.com:CAGDOJ/PhotovoltaicFirst.git";"Belem";"-1.4537";"-48.5078";"monocrystalline";"bifacial";"30000";"0.24";"1";"0.24";"1.2";"1.2";"25";"0";"33.9";"3.1";"979.857";"796.134";"0.277151";"6619.49";"100";"1024";"1.25";"150";"75";"102.4";"12.5";"114.9";"28.725";"143.625";"1e+15";"200";"360000";"0.1";"1.8";"143.625";"143.625";"0";"0";"14362.5";"14362.5";"PHOTOVOLTAIC";"ON";"OFF"
"run_20260926_124641";"2026-09-26";"12:46:41";"2026-09-26 12:46:41";"269";"hpc_extreme";"HPC - Extremo";"6";"60";"5";"1";"manual";"5000";"1800";"600";"30";"1";"origin";"main";"git@github.com:CAGDOJ/PhotovoltaicFirst.git";"Belem";"-1.4537";"-48.5078";"monocrystalline";"bifacial";"30000";"0.24";"1";"0.24";"1.2";"1.2";"25";"0";"33.9";"3.1";"979.857";"796.134";"0.277151";"6619.49";"100";"1024";"1.25";"150";"75";"102.4";"12.5";"114.9";"28.725";"143.625";"1e+15";"200";"360000";"0.1";"1.8";"143.625";"143.625";"0";"0";"14362.5";"14362.5";"PHOTOVOLTAIC";"ON";"OFF"
"run_20260926_124753";"2026-09-26";"12:47:53";"2026-09-26 12:47:53";"269";"hpc_extreme";"HPC - Extremo";"6";"60";"5";"1";"manual";"5000";"1800";"600";"30";"1";"origin";"main";"git@github.com:CAGDOJ/PhotovoltaicFirst.git";"Belem";"-1.4537";"-48.5078";"monocrystalline";"bifacial";"30000";"0.24";"1";"0.24";"1.2";"1.2";"25";"0";"33.9";"3.1";"978.979";"795.421";"0.277151";"6613.55";"100";"1024";"1.25";"150";"75";"102.4";"12.5";"114.9";"28.725";"143.625";"1e+15";"200";"360000";"0.1";"1.8";"143.625";"143.625";"0";"0";"14362.5";"14362.5";"PHOTOVOLTAIC";"ON";"OFF"
"run_20260926_124754";"2026-09-26";"12:47:54";"2026-09-26 12:47:54";"269";"hpc_extreme";"HPC - Extremo";"6";"60";"5";"1";"manual";"5000";"1800";"600";"30";"1";"origin";"main";"git@github.com:CAGDOJ/PhotovoltaicFirst.git";"Belem";"-1.4537";"-48.5078";"monocrystalline";"bifacial";"30000";"0.24";"1";"0.24";"1.2";"1.2";"25";"0";"33.9";"3.1";"978.979";"795.421";"0.277151";"6613.55";"100";"1024";"1.25";"150";"75";"102.4";"12.5";"114.9";"28.725";"143.625";"1e+15";"200";"360000";"0.1";"1.8";"143.625";"143.625";"0";"0";"14362.5";"14362.5";"PHOTOVOLTAIC";"ON";"OFF"
"run_20260926_124755";"2026-09-26";"12:47:55";"2026-09-26 12:47:55";"269";"hpc_extreme";"HPC - Extremo";"6";"60";"5";"1";"manual";"5000";"1800";"600";"30";"1";"origin";"main";"git@github.com:CAGDOJ/PhotovoltaicFirst.git";"Belem";"-1.4537";"-48.5078";"monocrystalline";"bifacial";"30000";"0.24";"1";"0.24";"1.2";"1.2";"25";"0";"33.9";"3.1";"978.979";"795.421";"0.277151";"6613.55";"100";"1024";"1.25";"150";"75";"102.4";"12.5";"114.9";"28.725";"143.625";"1e+15";"200";"360000";"0.1";"1.8";"143.625";"143.625";"0";"0";"14362.5";"14362.5";"PHOTOVOLTAIC";"ON";"OFF"
"run_20260926_124912";"2026-09-26";"12:49:12";"2026-09-26 12:49:12";"269";"hpc_extreme";"HPC - Extremo";"6";"60";"5";"1";"manual";"5000";"1800";"600";"30";"1";"origin";"main";"git@github.com:CAGDOJ/PhotovoltaicFirst.git";"Belem";"-1.4537";"-48.5078";"monocrystalline";"bifacial";"30000";"0.24";"1";"0.24";"1.2";"1.2";"25";"0";"33.9";"3.1";"977.167";"793.948";"0.277151";"6601.31";"100";"1024";"1.25";"150";"75";"102.4";"12.5";"114.9";"28.725";"143.625";"1e+15";"200";"360000";"0.1";"1.8";"143.625";"143.625";"0";"0";"14362.5";"14362.5";"PHOTOVOLTAIC";"ON";"OFF"
"run_20260926_125026";"2026-09-26";"12:50:26";"2026-09-26 12:50:26";"269";"hpc_extreme";"HPC - Extremo";"6";"60";"5";"1";"manual";"5000";"1800";"600";"30";"1";"origin";"main";"git@github.com:CAGDOJ/PhotovoltaicFirst.git";"Belem";"-1.4537";"-48.5078";"monocrystalline";"bifacial";"30000";"0.24";"1";"0.24";"1.2";"1.2";"25";"0";"33.9";"3.1";"976.233";"793.189";"0.277151";"6595";"100";"1024";"1.25";"150";"75";"102.4";"12.5";"114.9";"28.725";"143.625";"1e+15";"200";"360000";"0.1";"1.8";"143.625";"143.625";"0";"0";"14362.5";"14362.5";"PHOTOVOLTAIC";"ON";"OFF"
"run_20260926_125027";"2026-09-26";"12:50:27";"2026-09-26 12:50:27";"269";"hpc_extreme";"HPC - Extremo";"6";"60";"5";"1";"manual";"5000";"1800";"600";"30";"1";"origin";"main";"git@github.com:CAGDOJ/PhotovoltaicFirst.git";"Belem";"-1.4537";"-48.5078";"monocrystalline";"bifacial";"30000";"0.24";"1";"0.24";"1.2";"1.2";"25";"0";"33.9";"3.1";"976.233";"793.189";"0.277151";"6595";"100";"1024";"1.25";"150";"75";"102.4";"12.5";"114.9";"28.725";"143.625";"1e+15";"200";"360000";"0.1";"1.8";"143.625";"143.625";"0";"0";"14362.5";"14362.5";"PHOTOVOLTAIC";"ON";"OFF"
"run_20260926_125028";"2026-09-26";"12:50:28";"2026-09-26 12:50:28";"269";"hpc_extreme";"HPC - Extremo";"6";"60";"5";"1";"manual";"5000";"1800";"600";"30";"1";"origin";"main";"git@github.com:CAGDOJ/PhotovoltaicFirst.git";"Belem";"-1.4537";"-48.5078";"monocrystalline";"bifacial";"30000";"0.24";"1";"0.24";"1.2";"1.2";"25";"0";"33.9";"3.1";"976.233";"793.189";"0.277151";"6595";"100";"1024";"1.25";"150";"75";"102.4";"12.5";"114.9";"28.725";"143.625";"1e+15";"200";"360000";"0.1";"1.8";"143.625";"143.625";"0";"0";"14362.5";"14362.5";"PHOTOVOLTAIC";"ON";"OFF"
"run_20260926_125144";"2026-09-26";"12:51:44";"2026-09-26 12:51:44";"269";"hpc_extreme";"HPC - Extremo";"6";"60";"5";"1";"manual";"5000";"1800";"600";"30";"1";"origin";"main";"git@github.com:CAGDOJ/PhotovoltaicFirst.git";"Belem";"-1.4537";"-48.5078";"monocrystalline";"bifacial";"30000";"0.24";"1";"0.24";"1.2";"1.2";"25";"0";"33.9";"3.1";"975.28";"792.415";"0.277151";"6588.56";"100";"1024";"1.25";"150";"75";"102.4";"12.5";"114.9";"28.725";"143.625";"1e+15";"200";"360000";"0.1";"1.8";"143.625";"143.625";"0";"0";"14362.5";"14362.5";"PHOTOVOLTAIC";"ON";"OFF"
"run_20260926_125145";"2026-09-26";"12:51:45";"2026-09-26 12:51:45";"269";"hpc_extreme";"HPC - Extremo";"6";"60";"5";"1";"manual";"5000";"1800";"600";"30";"1";"origin";"main";"git@github.com:CAGDOJ/PhotovoltaicFirst.git";"Belem";"-1.4537";"-48.5078";"monocrystalline";"bifacial";"30000";"0.24";"1";"0.24";"1.2";"1.2";"25";"0";"33.9";"3.1";"975.28";"792.415";"0.277151";"6588.56";"100";"1024";"1.25";"150";"75";"102.4";"12.5";"114.9";"28.725";"143.625";"1e+15";"200";"360000";"0.1";"1.8";"143.625";"143.625";"0";"0";"14362.5";"14362.5";"PHOTOVOLTAIC";"ON";"OFF"
"run_20260926_125146";"2026-09-26";"12:51:46";"2026-09-26 12:51:46";"269";"hpc_extreme";"HPC - Extremo";"6";"60";"5";"1";"manual";"5000";"1800";"600";"30";"1";"origin";"main";"git@github.com:CAGDOJ/PhotovoltaicFirst.git";"Belem";"-1.4537";"-48.5078";"monocrystalline";"bifacial";"30000";"0.24";"1";"0.24";"1.2";"1.2";"25";"0";"33.9";"3.1";"975.28";"792.415";"0.277151";"6588.56";"100";"1024";"1.25";"150";"75";"102.4";"12.5";"114.9";"28.725";"143.625";"1e+15";"200";"360000";"0.1";"1.8";"143.625";"143.625";"0";"0";"14362.5";"14362.5";"PHOTOVOLTAIC";"ON";"OFF"
"run_20260926_125301";"2026-09-26";"12:53:01";"2026-09-26 12:53:01";"269";"hpc_extreme";"HPC - Extremo";"6";"60";"5";"1";"manual";"5000";"1800";"600";"30";"1";"origin";"main";"git@github.com:CAGDOJ/PhotovoltaicFirst.git";"Belem";"-1.4537";"-48.5078";"monocrystalline";"bifacial";"30000";"0.24";"1";"0.24";"1.2";"1.2";"25";"0";"33.9";"3.1";"973.319";"790.822";"0.277151";"6575.32";"100";"1024";"1.25";"150";"75";"102.4";"12.5";"114.9";"28.725";"143.625";"1e+15";"200";"360000";"0.1";"1.8";"143.625";"143.625";"0";"0";"14362.5";"14362.5";"PHOTOVOLTAIC";"ON";"OFF"
"run_20260926_125417";"2026-09-26";"12:54:17";"2026-09-26 12:54:17";"269";"hpc_extreme";"HPC - Extremo";"6";"60";"5";"1";"manual";"5000";"1800";"600";"30";"1";"origin";"main";"git@github.com:CAGDOJ/PhotovoltaicFirst.git";"Belem";"-1.4537";"-48.5078";"monocrystalline";"bifacial";"30000";"0.24";"1";"0.24";"1.2";"1.2";"25";"0";"33.9";"3.1";"972.311";"790.003";"0.277151";"6568.51";"100";"1024";"1.25";"150";"75";"102.4";"12.5";"114.9";"28.725";"143.625";"1e+15";"200";"360000";"0.1";"1.8";"143.625";"143.625";"0";"0";"14362.5";"14362.5";"PHOTOVOLTAIC";"ON";"OFF"
"run_20260926_125421";"2026-09-26";"12:54:21";"2026-09-26 12:54:21";"269";"hpc_extreme";"HPC - Extremo";"6";"60";"5";"1";"manual";"5000";"1800";"600";"30";"1";"origin";"main";"git@github.com:CAGDOJ/PhotovoltaicFirst.git";"Belem";"-1.4537";"-48.5078";"monocrystalline";"bifacial";"30000";"0.24";"1";"0.24";"1.2";"1.2";"25";"0";"33.9";"3.1";"972.311";"790.003";"0.277151";"6568.51";"100";"1024";"1.25";"150";"75";"102.4";"12.5";"114.9";"28.725";"143.625";"1e+15";"200";"360000";"0.1";"1.8";"143.625";"143.625";"0";"0";"14362.5";"14362.5";"PHOTOVOLTAIC";"ON";"OFF"
"run_20260926_125534";"2026-09-26";"12:55:34";"2026-09-26 12:55:34";"269";"hpc_extreme";"HPC - Extremo";"6";"60";"5";"1";"manual";"5000";"1800";"600";"30";"1";"origin";"main";"git@github.com:CAGDOJ/PhotovoltaicFirst.git";"Belem";"-1.4537";"-48.5078";"monocrystalline";"bifacial";"30000";"0.24";"1";"0.24";"1.2";"1.2";"25";"0";"33.9";"3.1";"971.284";"789.168";"0.277151";"6561.57";"100";"1024";"1.25";"150";"75";"102.4";"12.5";"114.9";"28.725";"143.625";"1e+15";"200";"360000";"0.1";"1.8";"143.625";"143.625";"0";"0";"14362.5";"14362.5";"PHOTOVOLTAIC";"ON";"OFF"
"run_20260926_125536";"2026-09-26";"12:55:36";"2026-09-26 12:55:36";"269";"hpc_extreme";"HPC - Extremo";"6";"60";"5";"1";"manual";"5000";"1800";"600";"30";"1";"origin";"main";"git@github.com:CAGDOJ/PhotovoltaicFirst.git";"Belem";"-1.4537";"-48.5078";"monocrystalline";"bifacial";"30000";"0.24";"1";"0.24";"1.2";"1.2";"25";"0";"33.9";"3.1";"971.284";"789.168";"0.277151";"6561.57";"100";"1024";"1.25";"150";"75";"102.4";"12.5";"114.9";"28.725";"143.625";"1e+15";"200";"360000";"0.1";"1.8";"143.625";"143.625";"0";"0";"14362.5";"14362.5";"PHOTOVOLTAIC";"ON";"OFF"
"run_20260926_125537";"2026-09-26";"12:55:37";"2026-09-26 12:55:37";"269";"hpc_extreme";"HPC - Extremo";"6";"60";"5";"1";"manual";"5000";"1800";"600";"30";"1";"origin";"main";"git@github.com:CAGDOJ/PhotovoltaicFirst.git";"Belem";"-1.4537";"-48.5078";"monocrystalline";"bifacial";"30000";"0.24";"1";"0.24";"1.2";"1.2";"25";"0";"33.9";"3.1";"971.284";"789.168";"0.277151";"6561.57";"100";"1024";"1.25";"150";"75";"102.4";"12.5";"114.9";"28.725";"143.625";"1e+15";"200";"360000";"0.1";"1.8";"143.625";"143.625";"0";"0";"14362.5";"14362.5";"PHOTOVOLTAIC";"ON";"OFF"
"run_20260926_125653";"2026-09-26";"12:56:53";"2026-09-26 12:56:53";"269";"hpc_extreme";"HPC - Extremo";"6";"60";"5";"1";"manual";"5000";"1800";"600";"30";"1";"origin";"main";"git@github.com:CAGDOJ/PhotovoltaicFirst.git";"Belem";"-1.4537";"-48.5078";"monocrystalline";"bifacial";"30000";"0.24";"1";"0.24";"1.2";"1.2";"25";"0";"33.9";"3.1";"970.239";"788.319";"0.277151";"6554.51";"100";"1024";"1.25";"150";"75";"102.4";"12.5";"114.9";"28.725";"143.625";"1e+15";"200";"360000";"0.1";"1.8";"143.625";"143.625";"0";"0";"14362.5";"14362.5";"PHOTOVOLTAIC";"ON";"OFF"
"run_20260926_125654";"2026-09-26";"12:56:54";"2026-09-26 12:56:54";"269";"hpc_extreme";"HPC - Extremo";"6";"60";"5";"1";"manual";"5000";"1800";"600";"30";"1";"origin";"main";"git@github.com:CAGDOJ/PhotovoltaicFirst.git";"Belem";"-1.4537";"-48.5078";"monocrystalline";"bifacial";"30000";"0.24";"1";"0.24";"1.2";"1.2";"25";"0";"33.9";"3.1";"970.239";"788.319";"0.277151";"6554.51";"100";"1024";"1.25";"150";"75";"102.4";"12.5";"114.9";"28.725";"143.625";"1e+15";"200";"360000";"0.1";"1.8";"143.625";"143.625";"0";"0";"14362.5";"14362.5";"PHOTOVOLTAIC";"ON";"OFF"
"run_20260926_125657";"2026-09-26";"12:56:57";"2026-09-26 12:56:57";"269";"hpc_extreme";"HPC - Extremo";"6";"60";"5";"1";"manual";"5000";"1800";"600";"30";"1";"origin";"main";"git@github.com:CAGDOJ/PhotovoltaicFirst.git";"Belem";"-1.4537";"-48.5078";"monocrystalline";"bifacial";"30000";"0.24";"1";"0.24";"1.2";"1.2";"25";"0";"33.9";"3.1";"970.239";"788.319";"0.277151";"6554.51";"100";"1024";"1.25";"150";"75";"102.4";"12.5";"114.9";"28.725";"143.625";"1e+15";"200";"360000";"0.1";"1.8";"143.625";"143.625";"0";"0";"14362.5";"14362.5";"PHOTOVOLTAIC";"ON";"OFF"
"run_20260926_125815";"2026-09-26";"12:58:15";"2026-09-26 12:58:15";"269";"hpc_extreme";"HPC - Extremo";"6";"60";"5";"1";"manual";"5000";"1800";"600";"30";"1";"origin";"main";"git@github.com:CAGDOJ/PhotovoltaicFirst.git";"Belem";"-1.4537";"-48.5078";"monocrystalline";"bifacial";"30000";"0.24";"1";"0.24";"1.2";"1.2";"25";"0";"33.9";"3.1";"968.093";"786.576";"0.277151";"6540.01";"100";"1024";"1.25";"150";"75";"102.4";"12.5";"114.9";"28.725";"143.625";"1e+15";"200";"360000";"0.1";"1.8";"143.625";"143.625";"0";"0";"14362.5";"14362.5";"PHOTOVOLTAIC";"ON";"OFF"
"run_20260926_125817";"2026-09-26";"12:58:17";"2026-09-26 12:58:17";"269";"hpc_extreme";"HPC - Extremo";"6";"60";"5";"1";"manual";"5000";"1800";"600";"30";"1";"origin";"main";"git@github.com:CAGDOJ/PhotovoltaicFirst.git";"Belem";"-1.4537";"-48.5078";"monocrystalline";"bifacial";"30000";"0.24";"1";"0.24";"1.2";"1.2";"25";"0";"33.9";"3.1";"968.093";"786.576";"0.277151";"6540.01";"100";"1024";"1.25";"150";"75";"102.4";"12.5";"114.9";"28.725";"143.625";"1e+15";"200";"360000";"0.1";"1.8";"143.625";"143.625";"0";"0";"14362.5";"14362.5";"PHOTOVOLTAIC";"ON";"OFF"
"run_20260926_125931";"2026-09-26";"12:59:31";"2026-09-26 12:59:31";"269";"hpc_extreme";"HPC - Extremo";"6";"60";"5";"1";"manual";"5000";"1800";"600";"30";"1";"origin";"main";"git@github.com:CAGDOJ/PhotovoltaicFirst.git";"Belem";"-1.4537";"-48.5078";"monocrystalline";"bifacial";"30000";"0.24";"1";"0.24";"1.2";"1.2";"25";"0";"33.9";"3.1";"966.992";"785.681";"0.277151";"6532.58";"100";"1024";"1.25";"150";"75";"102.4";"12.5";"114.9";"28.725";"143.625";"1e+15";"200";"360000";"0.1";"1.8";"143.625";"143.625";"0";"0";"14362.5";"14362.5";"PHOTOVOLTAIC";"ON";"OFF"
"run_20260926_125933";"2026-09-26";"12:59:33";"2026-09-26 12:59:33";"269";"hpc_extreme";"HPC - Extremo";"6";"60";"5";"1";"manual";"5000";"1800";"600";"30";"1";"origin";"main";"git@github.com:CAGDOJ/PhotovoltaicFirst.git";"Belem";"-1.4537";"-48.5078";"monocrystalline";"bifacial";"30000";"0.24";"1";"0.24";"1.2";"1.2";"25";"0";"33.9";"3.1";"966.992";"785.681";"0.277151";"6532.58";"100";"1024";"1.25";"150";"75";"102.4";"12.5";"114.9";"28.725";"143.625";"1e+15";"200";"360000";"0.1";"1.8";"143.625";"143.625";"0";"0";"14362.5";"14362.5";"PHOTOVOLTAIC";"ON";"OFF"
"run_20260926_125937";"2026-09-26";"12:59:37";"2026-09-26 12:59:37";"269";"hpc_extreme";"HPC - Extremo";"6";"60";"5";"1";"manual";"5000";"1800";"600";"30";"1";"origin";"main";"git@github.com:CAGDOJ/PhotovoltaicFirst.git";"Belem";"-1.4537";"-48.5078";"monocrystalline";"bifacial";"30000";"0.24";"1";"0.24";"1.2";"1.2";"25";"0";"33.9";"3.1";"966.992";"785.681";"0.277151";"6532.58";"100";"1024";"1.25";"150";"75";"102.4";"12.5";"114.9";"28.725";"143.625";"1e+15";"200";"360000";"0.1";"1.8";"143.625";"143.625";"0";"0";"14362.5";"14362.5";"PHOTOVOLTAIC";"ON";"OFF"
"run_20260926_130051";"2026-09-26";"13:00:51";"2026-09-26 13:00:51";"269";"hpc_extreme";"HPC - Extremo";"6";"60";"5";"1";"manual";"5000";"1800";"600";"30";"1";"origin";"main";"git@github.com:CAGDOJ/PhotovoltaicFirst.git";"Belem";"-1.4537";"-48.5078";"monocrystalline";"bifacial";"30000";"0.24";"1";"0.24";"1.2";"1.2";"27";"0";"33.9";"2.8";"965.874";"770.284";"0.277085";"6403.02";"100";"1024";"1.25";"150";"75";"102.4";"12.5";"114.9";"28.725";"143.625";"1e+15";"200";"360000";"0.1";"1.8";"143.625";"143.625";"0";"0";"14362.5";"14362.5";"PHOTOVOLTAIC";"ON";"OFF"
"run_20260926_130055";"2026-09-26";"13:00:55";"2026-09-26 13:00:55";"269";"hpc_extreme";"HPC - Extremo";"6";"60";"5";"1";"manual";"5000";"1800";"600";"30";"1";"origin";"main";"git@github.com:CAGDOJ/PhotovoltaicFirst.git";"Belem";"-1.4537";"-48.5078";"monocrystalline";"bifacial";"30000";"0.24";"1";"0.24";"1.2";"1.2";"27";"0";"33.9";"2.8";"965.874";"770.284";"0.277085";"6403.02";"100";"1024";"1.25";"150";"75";"102.4";"12.5";"114.9";"28.725";"143.625";"1e+15";"200";"360000";"0.1";"1.8";"143.625";"143.625";"0";"0";"14362.5";"14362.5";"PHOTOVOLTAIC";"ON";"OFF"
"run_20260926_130156";"2026-09-26";"13:01:56";"2026-09-26 13:01:56";"269";"hpc_extreme";"HPC - Extremo";"6";"60";"5";"1";"manual";"5000";"1800";"600";"30";"1";"origin";"main";"git@github.com:CAGDOJ/PhotovoltaicFirst.git";"Belem";"-1.4537";"-48.5078";"monocrystalline";"bifacial";"30000";"0.24";"1";"0.24";"1.2";"1.2";"27";"0";"33.9";"2.8";"964.736";"769.377";"0.277085";"6395.48";"100";"1024";"1.25";"150";"75";"102.4";"12.5";"114.9";"28.725";"143.625";"1e+15";"200";"360000";"0.1";"1.8";"143.625";"143.625";"0";"0";"14362.5";"14362.5";"PHOTOVOLTAIC";"ON";"OFF"
"run_20260926_130208";"2026-09-26";"13:02:08";"2026-09-26 13:02:08";"269";"hpc_extreme";"HPC - Extremo";"6";"60";"5";"1";"manual";"5000";"1800";"600";"30";"1";"origin";"main";"git@github.com:CAGDOJ/PhotovoltaicFirst.git";"Belem";"-1.4537";"-48.5078";"monocrystalline";"bifacial";"30000";"0.24";"1";"0.24";"1.2";"1.2";"27";"0";"33.9";"2.8";"963.581";"768.456";"0.277085";"6387.82";"100";"1024";"1.25";"150";"75";"102.4";"12.5";"114.9";"28.725";"143.625";"1e+15";"200";"360000";"0.1";"1.8";"143.625";"143.625";"0";"0";"14362.5";"14362.5";"PHOTOVOLTAIC";"ON";"OFF"
"run_20260926_130210";"2026-09-26";"13:02:10";"2026-09-26 13:02:10";"269";"hpc_extreme";"HPC - Extremo";"6";"60";"5";"1";"manual";"5000";"1800";"600";"30";"1";"origin";"main";"git@github.com:CAGDOJ/PhotovoltaicFirst.git";"Belem";"-1.4537";"-48.5078";"monocrystalline";"bifacial";"30000";"0.24";"1";"0.24";"1.2";"1.2";"27";"0";"33.9";"2.8";"963.581";"768.456";"0.277085";"6387.82";"100";"1024";"1.25";"150";"75";"102.4";"12.5";"114.9";"28.725";"143.625";"1e+15";"200";"360000";"0.1";"1.8";"143.625";"143.625";"0";"0";"14362.5";"14362.5";"PHOTOVOLTAIC";"ON";"OFF"
"run_20260926_130315";"2026-09-26";"13:03:15";"2026-09-26 13:03:15";"269";"hpc_extreme";"HPC - Extremo";"6";"60";"5";"1";"manual";"5000";"1800";"600";"30";"1";"origin";"main";"git@github.com:CAGDOJ/PhotovoltaicFirst.git";"Belem";"-1.4537";"-48.5078";"monocrystalline";"bifacial";"30000";"0.24";"1";"0.24";"1.2";"1.2";"27";"0";"33.9";"2.8";"962.407";"767.519";"0.277085";"6380.04";"100";"1024";"1.25";"150";"75";"102.4";"12.5";"114.9";"28.725";"143.625";"1e+15";"200";"360000";"0.1";"1.8";"143.625";"143.625";"0";"0";"14362.5";"14362.5";"PHOTOVOLTAIC";"ON";"OFF"
"run_20260926_130326";"2026-09-26";"13:03:26";"2026-09-26 13:03:26";"269";"hpc_extreme";"HPC - Extremo";"6";"60";"5";"1";"manual";"5000";"1800";"600";"30";"1";"origin";"main";"git@github.com:CAGDOJ/PhotovoltaicFirst.git";"Belem";"-1.4537";"-48.5078";"monocrystalline";"bifacial";"30000";"0.24";"1";"0.24";"1.2";"1.2";"27";"0";"33.9";"2.8";"962.407";"767.519";"0.277085";"6380.04";"100";"1024";"1.25";"150";"75";"102.4";"12.5";"114.9";"28.725";"143.625";"1e+15";"200";"360000";"0.1";"1.8";"143.625";"143.625";"0";"0";"14362.5";"14362.5";"PHOTOVOLTAIC";"ON";"OFF"
"run_20260926_130327";"2026-09-26";"13:03:27";"2026-09-26 13:03:27";"269";"hpc_extreme";"HPC - Extremo";"6";"60";"5";"1";"manual";"5000";"1800";"600";"30";"1";"origin";"main";"git@github.com:CAGDOJ/PhotovoltaicFirst.git";"Belem";"-1.4537";"-48.5078";"monocrystalline";"bifacial";"30000";"0.24";"1";"0.24";"1.2";"1.2";"27";"0";"33.9";"2.8";"962.407";"767.519";"0.277085";"6380.04";"100";"1024";"1.25";"150";"75";"102.4";"12.5";"114.9";"28.725";"143.625";"1e+15";"200";"360000";"0.1";"1.8";"143.625";"143.625";"0";"0";"14362.5";"14362.5";"PHOTOVOLTAIC";"ON";"OFF"
"run_20260926_130435";"2026-09-26";"13:04:35";"2026-09-26 13:04:35";"269";"hpc_extreme";"HPC - Extremo";"6";"60";"5";"1";"manual";"5000";"1800";"600";"30";"1";"origin";"main";"git@github.com:CAGDOJ/PhotovoltaicFirst.git";"Belem";"-1.4537";"-48.5078";"monocrystalline";"bifacial";"30000";"0.24";"1";"0.24";"1.2";"1.2";"27";"0";"33.9";"2.8";"961.214";"766.569";"0.277085";"6372.14";"100";"1024";"1.25";"150";"75";"102.4";"12.5";"114.9";"28.725";"143.625";"1e+15";"200";"360000";"0.1";"1.8";"143.625";"143.625";"0";"0";"14362.5";"14362.5";"PHOTOVOLTAIC";"ON";"OFF"
"run_20260926_130445";"2026-09-26";"13:04:45";"2026-09-26 13:04:45";"269";"hpc_extreme";"HPC - Extremo";"6";"60";"5";"1";"manual";"5000";"1800";"600";"30";"1";"origin";"main";"git@github.com:CAGDOJ/PhotovoltaicFirst.git";"Belem";"-1.4537";"-48.5078";"monocrystalline";"bifacial";"30000";"0.24";"1";"0.24";"1.2";"1.2";"27";"0";"33.9";"2.8";"961.214";"766.569";"0.277085";"6372.14";"100";"1024";"1.25";"150";"75";"102.4";"12.5";"114.9";"28.725";"143.625";"1e+15";"200";"360000";"0.1";"1.8";"143.625";"143.625";"0";"0";"14362.5";"14362.5";"PHOTOVOLTAIC";"ON";"OFF"
"run_20260926_130552";"2026-09-26";"13:05:52";"2026-09-26 13:05:52";"269";"hpc_extreme";"HPC - Extremo";"6";"60";"5";"1";"manual";"5000";"1800";"600";"30";"1";"origin";"main";"git@github.com:CAGDOJ/PhotovoltaicFirst.git";"Belem";"-1.4537";"-48.5078";"monocrystalline";"bifacial";"30000";"0.24";"1";"0.24";"1.2";"1.2";"27";"0";"33.9";"2.8";"960.004";"765.603";"0.277085";"6364.11";"100";"1024";"1.25";"150";"75";"102.4";"12.5";"114.9";"28.725";"143.625";"1e+15";"200";"360000";"0.1";"1.8";"143.625";"143.625";"0";"0";"14362.5";"14362.5";"PHOTOVOLTAIC";"ON";"OFF"
"run_20260926_130601";"2026-09-26";"13:06:01";"2026-09-26 13:06:01";"269";"hpc_extreme";"HPC - Extremo";"6";"60";"5";"1";"manual";"5000";"1800";"600";"30";"1";"origin";"main";"git@github.com:CAGDOJ/PhotovoltaicFirst.git";"Belem";"-1.4537";"-48.5078";"monocrystalline";"bifacial";"30000";"0.24";"1";"0.24";"1.2";"1.2";"27";"0";"33.9";"2.8";"958.775";"764.623";"0.277085";"6355.97";"100";"1024";"1.25";"150";"75";"102.4";"12.5";"114.9";"28.725";"143.625";"1e+15";"200";"360000";"0.1";"1.8";"143.625";"143.625";"0";"0";"14362.5";"14362.5";"PHOTOVOLTAIC";"ON";"OFF"
"run_20260926_130708";"2026-09-26";"13:07:08";"2026-09-26 13:07:08";"269";"hpc_extreme";"HPC - Extremo";"6";"60";"5";"1";"manual";"5000";"1800";"600";"30";"1";"origin";"main";"git@github.com:CAGDOJ/PhotovoltaicFirst.git";"Belem";"-1.4537";"-48.5078";"monocrystalline";"bifacial";"30000";"0.24";"1";"0.24";"1.2";"1.2";"27";"0";"33.9";"2.8";"957.528";"763.629";"0.277085";"6347.7";"100";"1024";"1.25";"150";"75";"102.4";"12.5";"114.9";"28.725";"143.625";"1e+15";"200";"360000";"0.1";"1.8";"143.625";"143.625";"0";"0";"14362.5";"14362.5";"PHOTOVOLTAIC";"ON";"OFF"
"run_20260926_130718";"2026-09-26";"13:07:18";"2026-09-26 13:07:18";"269";"hpc_extreme";"HPC - Extremo";"6";"60";"5";"1";"manual";"5000";"1800";"600";"30";"1";"origin";"main";"git@github.com:CAGDOJ/PhotovoltaicFirst.git";"Belem";"-1.4537";"-48.5078";"monocrystalline";"bifacial";"30000";"0.24";"1";"0.24";"1.2";"1.2";"27";"0";"33.9";"2.8";"957.528";"763.629";"0.277085";"6347.7";"100";"1024";"1.25";"150";"75";"102.4";"12.5";"114.9";"28.725";"143.625";"1e+15";"200";"360000";"0.1";"1.8";"143.625";"143.625";"0";"0";"14362.5";"14362.5";"PHOTOVOLTAIC";"ON";"OFF"
"run_20260926_130719";"2026-09-26";"13:07:19";"2026-09-26 13:07:19";"269";"hpc_extreme";"HPC - Extremo";"6";"60";"5";"1";"manual";"5000";"1800";"600";"30";"1";"origin";"main";"git@github.com:CAGDOJ/PhotovoltaicFirst.git";"Belem";"-1.4537";"-48.5078";"monocrystalline";"bifacial";"30000";"0.24";"1";"0.24";"1.2";"1.2";"27";"0";"33.9";"2.8";"957.528";"763.629";"0.277085";"6347.7";"100";"1024";"1.25";"150";"75";"102.4";"12.5";"114.9";"28.725";"143.625";"1e+15";"200";"360000";"0.1";"1.8";"143.625";"143.625";"0";"0";"14362.5";"14362.5";"PHOTOVOLTAIC";"ON";"OFF"
"run_20260926_130826";"2026-09-26";"13:08:26";"2026-09-26 13:08:26";"269";"hpc_extreme";"HPC - Extremo";"6";"60";"5";"1";"manual";"5000";"1800";"600";"30";"1";"origin";"main";"git@github.com:CAGDOJ/PhotovoltaicFirst.git";"Belem";"-1.4537";"-48.5078";"monocrystalline";"bifacial";"30000";"0.24";"1";"0.24";"1.2";"1.2";"27";"0";"33.9";"2.8";"956.263";"762.62";"0.277085";"6339.31";"100";"1024";"1.25";"150";"75";"102.4";"12.5";"114.9";"28.725";"143.625";"1e+15";"200";"360000";"0.1";"1.8";"143.625";"143.625";"0";"0";"14362.5";"14362.5";"PHOTOVOLTAIC";"ON";"OFF"
"run_20260926_130833";"2026-09-26";"13:08:33";"2026-09-26 13:08:33";"269";"hpc_extreme";"HPC - Extremo";"6";"60";"5";"1";"manual";"5000";"1800";"600";"30";"1";"origin";"main";"git@github.com:CAGDOJ/PhotovoltaicFirst.git";"Belem";"-1.4537";"-48.5078";"monocrystalline";"bifacial";"30000";"0.24";"1";"0.24";"1.2";"1.2";"27";"0";"33.9";"2.8";"956.263";"762.62";"0.277085";"6339.31";"100";"1024";"1.25";"150";"75";"102.4";"12.5";"114.9";"28.725";"143.625";"1e+15";"200";"360000";"0.1";"1.8";"143.625";"143.625";"0";"0";"14362.5";"14362.5";"PHOTOVOLTAIC";"ON";"OFF"
"run_20260926_130836";"2026-09-26";"13:08:36";"2026-09-26 13:08:36";"269";"hpc_extreme";"HPC - Extremo";"6";"60";"5";"1";"manual";"5000";"1800";"600";"30";"1";"origin";"main";"git@github.com:CAGDOJ/PhotovoltaicFirst.git";"Belem";"-1.4537";"-48.5078";"monocrystalline";"bifacial";"30000";"0.24";"1";"0.24";"1.2";"1.2";"27";"0";"33.9";"2.8";"956.263";"762.62";"0.277085";"6339.31";"100";"1024";"1.25";"150";"75";"102.4";"12.5";"114.9";"28.725";"143.625";"1e+15";"200";"360000";"0.1";"1.8";"143.625";"143.625";"0";"0";"14362.5";"14362.5";"PHOTOVOLTAIC";"ON";"OFF"
"run_20260926_130941";"2026-09-26";"13:09:41";"2026-09-26 13:09:41";"269";"hpc_extreme";"HPC - Extremo";"6";"60";"5";"1";"manual";"5000";"1800";"600";"30";"1";"origin";"main";"git@github.com:CAGDOJ/PhotovoltaicFirst.git";"Belem";"-1.4537";"-48.5078";"monocrystalline";"bifacial";"30000";"0.24";"1";"0.24";"1.2";"1.2";"27";"0";"33.9";"2.8";"954.979";"761.596";"0.277085";"6330.8";"100";"1024";"1.25";"150";"75";"102.4";"12.5";"114.9";"28.725";"143.625";"1e+15";"200";"360000";"0.1";"1.8";"143.625";"143.625";"0";"0";"14362.5";"14362.5";"PHOTOVOLTAIC";"ON";"OFF"
"run_20260926_130951";"2026-09-26";"13:09:51";"2026-09-26 13:09:51";"269";"hpc_extreme";"HPC - Extremo";"6";"60";"5";"1";"manual";"5000";"1800";"600";"30";"1";"origin";"main";"git@github.com:CAGDOJ/PhotovoltaicFirst.git";"Belem";"-1.4537";"-48.5078";"monocrystalline";"bifacial";"30000";"0.24";"1";"0.24";"1.2";"1.2";"27";"0";"33.9";"2.8";"954.979";"761.596";"0.277085";"6330.8";"100";"1024";"1.25";"150";"75";"102.4";"12.5";"114.9";"28.725";"143.625";"1e+15";"200";"360000";"0.1";"1.8";"143.625";"143.625";"0";"0";"14362.5";"14362.5";"PHOTOVOLTAIC";"ON";"OFF"
"run_20260926_131101";"2026-09-26";"13:11:01";"2026-09-26 13:11:01";"269";"hpc_extreme";"HPC - Extremo";"6";"60";"5";"1";"manual";"5000";"1800";"600";"30";"1";"origin";"main";"git@github.com:CAGDOJ/PhotovoltaicFirst.git";"Belem";"-1.4537";"-48.5078";"monocrystalline";"bifacial";"30000";"0.24";"1";"0.24";"1.2";"1.2";"27";"0";"33.9";"2.8";"952.358";"759.506";"0.277085";"6313.42";"100";"1024";"1.25";"150";"75";"102.4";"12.5";"114.9";"28.725";"143.625";"1e+15";"200";"360000";"0.1";"1.8";"143.625";"143.625";"0";"0";"14362.5";"14362.5";"PHOTOVOLTAIC";"ON";"OFF"
"run_20260926_131107";"2026-09-26";"13:11:07";"2026-09-26 13:11:07";"269";"hpc_extreme";"HPC - Extremo";"6";"60";"5";"1";"manual";"5000";"1800";"600";"30";"1";"origin";"main";"git@github.com:CAGDOJ/PhotovoltaicFirst.git";"Belem";"-1.4537";"-48.5078";"monocrystalline";"bifacial";"30000";"0.24";"1";"0.24";"1.2";"1.2";"27";"0";"33.9";"2.8";"952.358";"759.506";"0.277085";"6313.42";"100";"1024";"1.25";"150";"75";"102.4";"12.5";"114.9";"28.725";"143.625";"1e+15";"200";"360000";"0.1";"1.8";"143.625";"143.625";"0";"0";"14362.5";"14362.5";"PHOTOVOLTAIC";"ON";"OFF"
"run_20260926_131108";"2026-09-26";"13:11:08";"2026-09-26 13:11:08";"269";"hpc_extreme";"HPC - Extremo";"6";"60";"5";"1";"manual";"5000";"1800";"600";"30";"1";"origin";"main";"git@github.com:CAGDOJ/PhotovoltaicFirst.git";"Belem";"-1.4537";"-48.5078";"monocrystalline";"bifacial";"30000";"0.24";"1";"0.24";"1.2";"1.2";"27";"0";"33.9";"2.8";"952.358";"759.506";"0.277085";"6313.42";"100";"1024";"1.25";"150";"75";"102.4";"12.5";"114.9";"28.725";"143.625";"1e+15";"200";"360000";"0.1";"1.8";"143.625";"143.625";"0";"0";"14362.5";"14362.5";"PHOTOVOLTAIC";"ON";"OFF"
"run_20260926_131218";"2026-09-26";"13:12:18";"2026-09-26 13:12:18";"269";"hpc_extreme";"HPC - Extremo";"6";"60";"5";"1";"manual";"5000";"1800";"600";"30";"1";"origin";"main";"git@github.com:CAGDOJ/PhotovoltaicFirst.git";"Belem";"-1.4537";"-48.5078";"monocrystalline";"bifacial";"30000";"0.24";"1";"0.24";"1.2";"1.2";"27";"0";"33.9";"2.8";"951.02";"758.439";"0.277085";"6304.56";"100";"1024";"1.25";"150";"75";"102.4";"12.5";"114.9";"28.725";"143.625";"1e+15";"200";"360000";"0.1";"1.8";"143.625";"143.625";"0";"0";"14362.5";"14362.5";"PHOTOVOLTAIC";"ON";"OFF"
"run_20260926_131226";"2026-09-26";"13:12:26";"2026-09-26 13:12:26";"269";"hpc_extreme";"HPC - Extremo";"6";"60";"5";"1";"manual";"5000";"1800";"600";"30";"1";"origin";"main";"git@github.com:CAGDOJ/PhotovoltaicFirst.git";"Belem";"-1.4537";"-48.5078";"monocrystalline";"bifacial";"30000";"0.24";"1";"0.24";"1.2";"1.2";"27";"0";"33.9";"2.8";"951.02";"758.439";"0.277085";"6304.56";"100";"1024";"1.25";"150";"75";"102.4";"12.5";"114.9";"28.725";"143.625";"1e+15";"200";"360000";"0.1";"1.8";"143.625";"143.625";"0";"0";"14362.5";"14362.5";"PHOTOVOLTAIC";"ON";"OFF"
"run_20260926_131228";"2026-09-26";"13:12:28";"2026-09-26 13:12:28";"269";"hpc_extreme";"HPC - Extremo";"6";"60";"5";"1";"manual";"5000";"1800";"600";"30";"1";"origin";"main";"git@github.com:CAGDOJ/PhotovoltaicFirst.git";"Belem";"-1.4537";"-48.5078";"monocrystalline";"bifacial";"30000";"0.24";"1";"0.24";"1.2";"1.2";"27";"0";"33.9";"2.8";"951.02";"758.439";"0.277085";"6304.56";"100";"1024";"1.25";"150";"75";"102.4";"12.5";"114.9";"28.725";"143.625";"1e+15";"200";"360000";"0.1";"1.8";"143.625";"143.625";"0";"0";"14362.5";"14362.5";"PHOTOVOLTAIC";"ON";"OFF"
"run_20260926_131334";"2026-09-26";"13:13:34";"2026-09-26 13:13:34";"269";"hpc_extreme";"HPC - Extremo";"6";"60";"5";"1";"manual";"5000";"1800";"600";"30";"1";"origin";"main";"git@github.com:CAGDOJ/PhotovoltaicFirst.git";"Belem";"-1.4537";"-48.5078";"monocrystalline";"bifacial";"30000";"0.24";"1";"0.24";"1.2";"1.2";"27";"0";"33.9";"2.8";"949.664";"757.357";"0.277085";"6295.57";"100";"1024";"1.25";"150";"75";"102.4";"12.5";"114.9";"28.725";"143.625";"1e+15";"200";"360000";"0.1";"1.8";"143.625";"143.625";"0";"0";"14362.5";"14362.5";"PHOTOVOLTAIC";"ON";"OFF"
"run_20260926_131342";"2026-09-26";"13:13:42";"2026-09-26 13:13:42";"269";"hpc_extreme";"HPC - Extremo";"6";"60";"5";"1";"manual";"5000";"1800";"600";"30";"1";"origin";"main";"git@github.com:CAGDOJ/PhotovoltaicFirst.git";"Belem";"-1.4537";"-48.5078";"monocrystalline";"bifacial";"30000";"0.24";"1";"0.24";"1.2";"1.2";"27";"0";"33.9";"2.8";"949.664";"757.357";"0.277085";"6295.57";"100";"1024";"1.25";"150";"75";"102.4";"12.5";"114.9";"28.725";"143.625";"1e+15";"200";"360000";"0.1";"1.8";"143.625";"143.625";"0";"0";"14362.5";"14362.5";"PHOTOVOLTAIC";"ON";"OFF"
"run_20260926_131343";"2026-09-26";"13:13:43";"2026-09-26 13:13:43";"269";"hpc_extreme";"HPC - Extremo";"6";"60";"5";"1";"manual";"5000";"1800";"600";"30";"1";"origin";"main";"git@github.com:CAGDOJ/PhotovoltaicFirst.git";"Belem";"-1.4537";"-48.5078";"monocrystalline";"bifacial";"30000";"0.24";"1";"0.24";"1.2";"1.2";"27";"0";"33.9";"2.8";"949.664";"757.357";"0.277085";"6295.57";"100";"1024";"1.25";"150";"75";"102.4";"12.5";"114.9";"28.725";"143.625";"1e+15";"200";"360000";"0.1";"1.8";"143.625";"143.625";"0";"0";"14362.5";"14362.5";"PHOTOVOLTAIC";"ON";"OFF"
"run_20260926_131448";"2026-09-26";"13:14:48";"2026-09-26 13:14:48";"269";"hpc_extreme";"HPC - Extremo";"6";"60";"5";"1";"manual";"5000";"1800";"600";"30";"1";"origin";"main";"git@github.com:CAGDOJ/PhotovoltaicFirst.git";"Belem";"-1.4537";"-48.5078";"monocrystalline";"bifacial";"30000";"0.24";"1";"0.24";"1.2";"1.2";"27";"0";"33.9";"2.8";"948.29";"756.261";"0.277085";"6286.46";"100";"1024";"1.25";"150";"75";"102.4";"12.5";"114.9";"28.725";"143.625";"1e+15";"200";"360000";"0.1";"1.8";"143.625";"143.625";"0";"0";"14362.5";"14362.5";"PHOTOVOLTAIC";"ON";"OFF"
"run_20260926_131500";"2026-09-26";"13:15:00";"2026-09-26 13:15:00";"269";"hpc_extreme";"HPC - Extremo";"6";"60";"5";"1";"manual";"5000";"1800";"600";"30";"1";"origin";"main";"git@github.com:CAGDOJ/PhotovoltaicFirst.git";"Belem";"-1.4537";"-48.5078";"monocrystalline";"bifacial";"30000";"0.24";"1";"0.24";"1.2";"1.2";"27";"0";"33.9";"2.8";"946.898";"755.151";"0.277085";"6277.23";"100";"1024";"1.25";"150";"75";"102.4";"12.5";"114.9";"28.725";"143.625";"1e+15";"200";"360000";"0.1";"1.8";"143.625";"143.625";"0";"0";"14362.5";"14362.5";"PHOTOVOLTAIC";"ON";"OFF"
"run_20260926_131501";"2026-09-26";"13:15:01";"2026-09-26 13:15:01";"269";"hpc_extreme";"HPC - Extremo";"6";"60";"5";"1";"manual";"5000";"1800";"600";"30";"1";"origin";"main";"git@github.com:CAGDOJ/PhotovoltaicFirst.git";"Belem";"-1.4537";"-48.5078";"monocrystalline";"bifacial";"30000";"0.24";"1";"0.24";"1.2";"1.2";"27";"0";"33.9";"2.8";"946.898";"755.151";"0.277085";"6277.23";"100";"1024";"1.25";"150";"75";"102.4";"12.5";"114.9";"28.725";"143.625";"1e+15";"200";"360000";"0.1";"1.8";"143.625";"143.625";"0";"0";"14362.5";"14362.5";"PHOTOVOLTAIC";"ON";"OFF"
"run_20260926_131605";"2026-09-26";"13:16:05";"2026-09-26 13:16:05";"269";"hpc_extreme";"HPC - Extremo";"6";"60";"5";"1";"manual";"5000";"1800";"600";"30";"1";"origin";"main";"git@github.com:CAGDOJ/PhotovoltaicFirst.git";"Belem";"-1.4537";"-48.5078";"monocrystalline";"bifacial";"30000";"0.24";"1";"0.24";"1.2";"1.2";"30";"0";"33.8";"3";"945.488";"732.753";"0.277259";"6094.87";"100";"1024";"1.25";"150";"75";"102.4";"12.5";"114.9";"28.725";"143.625";"1e+15";"200";"360000";"0.1";"1.8";"143.625";"143.625";"0";"0";"14362.5";"14362.5";"PHOTOVOLTAIC";"ON";"OFF"
"run_20260926_131616";"2026-09-26";"13:16:16";"2026-09-26 13:16:16";"269";"hpc_extreme";"HPC - Extremo";"6";"60";"5";"1";"manual";"5000";"1800";"600";"30";"1";"origin";"main";"git@github.com:CAGDOJ/PhotovoltaicFirst.git";"Belem";"-1.4537";"-48.5078";"monocrystalline";"bifacial";"30000";"0.24";"1";"0.24";"1.2";"1.2";"30";"0";"33.8";"3";"945.488";"732.753";"0.277259";"6094.87";"100";"1024";"1.25";"150";"75";"102.4";"12.5";"114.9";"28.725";"143.625";"1e+15";"200";"360000";"0.1";"1.8";"143.625";"143.625";"0";"0";"14362.5";"14362.5";"PHOTOVOLTAIC";"ON";"OFF"
"run_20260926_131618";"2026-09-26";"13:16:18";"2026-09-26 13:16:18";"269";"hpc_extreme";"HPC - Extremo";"6";"60";"5";"1";"manual";"5000";"1800";"600";"30";"1";"origin";"main";"git@github.com:CAGDOJ/PhotovoltaicFirst.git";"Belem";"-1.4537";"-48.5078";"monocrystalline";"bifacial";"30000";"0.24";"1";"0.24";"1.2";"1.2";"30";"0";"33.8";"3";"945.488";"732.753";"0.277259";"6094.87";"100";"1024";"1.25";"150";"75";"102.4";"12.5";"114.9";"28.725";"143.625";"1e+15";"200";"360000";"0.1";"1.8";"143.625";"143.625";"0";"0";"14362.5";"14362.5";"PHOTOVOLTAIC";"ON";"OFF"
"run_20260926_131721";"2026-09-26";"13:17:21";"2026-09-26 13:17:21";"269";"hpc_extreme";"HPC - Extremo";"6";"60";"5";"1";"manual";"5000";"1800";"600";"30";"1";"origin";"main";"git@github.com:CAGDOJ/PhotovoltaicFirst.git";"Belem";"-1.4537";"-48.5078";"monocrystalline";"bifacial";"30000";"0.24";"1";"0.24";"1.2";"1.2";"30";"0";"33.8";"3";"944.06";"731.647";"0.277259";"6085.67";"100";"1024";"1.25";"150";"75";"102.4";"12.5";"114.9";"28.725";"143.625";"1e+15";"200";"360000";"0.1";"1.8";"143.625";"143.625";"0";"0";"14362.5";"14362.5";"PHOTOVOLTAIC";"ON";"OFF"
"run_20260926_131733";"2026-09-26";"13:17:33";"2026-09-26 13:17:33";"269";"hpc_extreme";"HPC - Extremo";"6";"60";"5";"1";"manual";"5000";"1800";"600";"30";"1";"origin";"main";"git@github.com:CAGDOJ/PhotovoltaicFirst.git";"Belem";"-1.4537";"-48.5078";"monocrystalline";"bifacial";"30000";"0.24";"1";"0.24";"1.2";"1.2";"30";"0";"33.8";"3";"944.06";"731.647";"0.277259";"6085.67";"100";"1024";"1.25";"150";"75";"102.4";"12.5";"114.9";"28.725";"143.625";"1e+15";"200";"360000";"0.1";"1.8";"143.625";"143.625";"0";"0";"14362.5";"14362.5";"PHOTOVOLTAIC";"ON";"OFF"
"run_20260926_131735";"2026-09-26";"13:17:35";"2026-09-26 13:17:35";"269";"hpc_extreme";"HPC - Extremo";"6";"60";"5";"1";"manual";"5000";"1800";"600";"30";"1";"origin";"main";"git@github.com:CAGDOJ/PhotovoltaicFirst.git";"Belem";"-1.4537";"-48.5078";"monocrystalline";"bifacial";"30000";"0.24";"1";"0.24";"1.2";"1.2";"30";"0";"33.8";"3";"944.06";"731.647";"0.277259";"6085.67";"100";"1024";"1.25";"150";"75";"102.4";"12.5";"114.9";"28.725";"143.625";"1e+15";"200";"360000";"0.1";"1.8";"143.625";"143.625";"0";"0";"14362.5";"14362.5";"PHOTOVOLTAIC";"ON";"OFF"
"run_20260926_131839";"2026-09-26";"13:18:39";"2026-09-26 13:18:39";"269";"hpc_extreme";"HPC - Extremo";"6";"60";"5";"1";"manual";"5000";"1800";"600";"30";"1";"origin";"main";"git@github.com:CAGDOJ/PhotovoltaicFirst.git";"Belem";"-1.4537";"-48.5078";"monocrystalline";"bifacial";"30000";"0.24";"1";"0.24";"1.2";"1.2";"30";"0";"33.8";"3";"942.614";"730.526";"0.277259";"6076.35";"100";"1024";"1.25";"150";"75";"102.4";"12.5";"114.9";"28.725";"143.625";"1e+15";"200";"360000";"0.1";"1.8";"143.625";"143.625";"0";"0";"14362.5";"14362.5";"PHOTOVOLTAIC";"ON";"OFF"
"run_20260926_131851";"2026-09-26";"13:18:51";"2026-09-26 13:18:51";"269";"hpc_extreme";"HPC - Extremo";"6";"60";"5";"1";"manual";"5000";"1800";"600";"30";"1";"origin";"main";"git@github.com:CAGDOJ/PhotovoltaicFirst.git";"Belem";"-1.4537";"-48.5078";"monocrystalline";"bifacial";"30000";"0.24";"1";"0.24";"1.2";"1.2";"30";"0";"33.8";"3";"942.614";"730.526";"0.277259";"6076.35";"100";"1024";"1.25";"150";"75";"102.4";"12.5";"114.9";"28.725";"143.625";"1e+15";"200";"360000";"0.1";"1.8";"143.625";"143.625";"0";"0";"14362.5";"14362.5";"PHOTOVOLTAIC";"ON";"OFF"
"run_20260926_131852";"2026-09-26";"13:18:52";"2026-09-26 13:18:52";"269";"hpc_extreme";"HPC - Extremo";"6";"60";"5";"1";"manual";"5000";"1800";"600";"30";"1";"origin";"main";"git@github.com:CAGDOJ/PhotovoltaicFirst.git";"Belem";"-1.4537";"-48.5078";"monocrystalline";"bifacial";"30000";"0.24";"1";"0.24";"1.2";"1.2";"30";"0";"33.8";"3";"942.614";"730.526";"0.277259";"6076.35";"100";"1024";"1.25";"150";"75";"102.4";"12.5";"114.9";"28.725";"143.625";"1e+15";"200";"360000";"0.1";"1.8";"143.625";"143.625";"0";"0";"14362.5";"14362.5";"PHOTOVOLTAIC";"ON";"OFF"
"run_20260926_131956";"2026-09-26";"13:19:56";"2026-09-26 13:19:56";"269";"hpc_extreme";"HPC - Extremo";"6";"60";"5";"1";"manual";"5000";"1800";"600";"30";"1";"origin";"main";"git@github.com:CAGDOJ/PhotovoltaicFirst.git";"Belem";"-1.4537";"-48.5078";"monocrystalline";"bifacial";"30000";"0.24";"1";"0.24";"1.2";"1.2";"30";"0";"33.8";"3";"941.15";"729.391";"0.277259";"6066.91";"100";"1024";"1.25";"150";"75";"102.4";"12.5";"114.9";"28.725";"143.625";"1e+15";"200";"360000";"0.1";"1.8";"143.625";"143.625";"0";"0";"14362.5";"14362.5";"PHOTOVOLTAIC";"ON";"OFF"
"run_20260926_132008";"2026-09-26";"13:20:08";"2026-09-26 13:20:08";"269";"hpc_extreme";"HPC - Extremo";"6";"60";"5";"1";"manual";"5000";"1800";"600";"30";"1";"origin";"main";"git@github.com:CAGDOJ/PhotovoltaicFirst.git";"Belem";"-1.4537";"-48.5078";"monocrystalline";"bifacial";"30000";"0.24";"1";"0.24";"1.2";"1.2";"30";"0";"33.8";"3";"939.668";"728.243";"0.277259";"6057.36";"100";"1024";"1.25";"150";"75";"102.4";"12.5";"114.9";"28.725";"143.625";"1e+15";"200";"360000";"0.1";"1.8";"143.625";"143.625";"0";"0";"14362.5";"14362.5";"PHOTOVOLTAIC";"ON";"OFF"
"run_20260926_132010";"2026-09-26";"13:20:10";"2026-09-26 13:20:10";"269";"hpc_extreme";"HPC - Extremo";"6";"60";"5";"1";"manual";"5000";"1800";"600";"30";"1";"origin";"main";"git@github.com:CAGDOJ/PhotovoltaicFirst.git";"Belem";"-1.4537";"-48.5078";"monocrystalline";"bifacial";"30000";"0.24";"1";"0.24";"1.2";"1.2";"30";"0";"33.8";"3";"939.668";"728.243";"0.277259";"6057.36";"100";"1024";"1.25";"150";"75";"102.4";"12.5";"114.9";"28.725";"143.625";"1e+15";"200";"360000";"0.1";"1.8";"143.625";"143.625";"0";"0";"14362.5";"14362.5";"PHOTOVOLTAIC";"ON";"OFF"
"run_20260926_132113";"2026-09-26";"13:21:13";"2026-09-26 13:21:13";"269";"hpc_extreme";"HPC - Extremo";"6";"60";"5";"1";"manual";"5000";"1800";"600";"30";"1";"origin";"main";"git@github.com:CAGDOJ/PhotovoltaicFirst.git";"Belem";"-1.4537";"-48.5078";"monocrystalline";"bifacial";"30000";"0.24";"1";"0.24";"1.2";"1.2";"30";"0";"33.8";"3";"938.169";"727.081";"0.277259";"6047.69";"100";"1024";"1.25";"150";"75";"102.4";"12.5";"114.9";"28.725";"143.625";"1e+15";"200";"360000";"0.1";"1.8";"143.625";"143.625";"0";"0";"14362.5";"14362.5";"PHOTOVOLTAIC";"ON";"OFF"
"run_20260926_132123";"2026-09-26";"13:21:23";"2026-09-26 13:21:23";"269";"hpc_extreme";"HPC - Extremo";"6";"60";"5";"1";"manual";"5000";"1800";"600";"30";"1";"origin";"main";"git@github.com:CAGDOJ/PhotovoltaicFirst.git";"Belem";"-1.4537";"-48.5078";"monocrystalline";"bifacial";"30000";"0.24";"1";"0.24";"1.2";"1.2";"30";"0";"33.8";"3";"938.169";"727.081";"0.277259";"6047.69";"100";"1024";"1.25";"150";"75";"102.4";"12.5";"114.9";"28.725";"143.625";"1e+15";"200";"360000";"0.1";"1.8";"143.625";"143.625";"0";"0";"14362.5";"14362.5";"PHOTOVOLTAIC";"ON";"OFF"
"run_20260926_132124";"2026-09-26";"13:21:24";"2026-09-26 13:21:24";"269";"hpc_extreme";"HPC - Extremo";"6";"60";"5";"1";"manual";"5000";"1800";"600";"30";"1";"origin";"main";"git@github.com:CAGDOJ/PhotovoltaicFirst.git";"Belem";"-1.4537";"-48.5078";"monocrystalline";"bifacial";"30000";"0.24";"1";"0.24";"1.2";"1.2";"30";"0";"33.8";"3";"938.169";"727.081";"0.277259";"6047.69";"100";"1024";"1.25";"150";"75";"102.4";"12.5";"114.9";"28.725";"143.625";"1e+15";"200";"360000";"0.1";"1.8";"143.625";"143.625";"0";"0";"14362.5";"14362.5";"PHOTOVOLTAIC";"ON";"OFF"
"run_20260926_132233";"2026-09-26";"13:22:33";"2026-09-26 13:22:33";"269";"hpc_extreme";"HPC - Extremo";"6";"60";"5";"1";"manual";"5000";"1800";"600";"30";"1";"origin";"main";"git@github.com:CAGDOJ/PhotovoltaicFirst.git";"Belem";"-1.4537";"-48.5078";"monocrystalline";"bifacial";"30000";"0.24";"1";"0.24";"1.2";"1.2";"30";"0";"33.8";"3";"936.651";"725.905";"0.277259";"6037.91";"100";"1024";"1.25";"150";"75";"102.4";"12.5";"114.9";"28.725";"143.625";"1e+15";"200";"360000";"0.1";"1.8";"143.625";"143.625";"0";"0";"14362.5";"14362.5";"PHOTOVOLTAIC";"ON";"OFF"
"run_20260926_132243";"2026-09-26";"13:22:43";"2026-09-26 13:22:43";"269";"hpc_extreme";"HPC - Extremo";"6";"60";"5";"1";"manual";"5000";"1800";"600";"30";"1";"origin";"main";"git@github.com:CAGDOJ/PhotovoltaicFirst.git";"Belem";"-1.4537";"-48.5078";"monocrystalline";"bifacial";"30000";"0.24";"1";"0.24";"1.2";"1.2";"30";"0";"33.8";"3";"936.651";"725.905";"0.277259";"6037.91";"100";"1024";"1.25";"150";"75";"102.4";"12.5";"114.9";"28.725";"143.625";"1e+15";"200";"360000";"0.1";"1.8";"143.625";"143.625";"0";"0";"14362.5";"14362.5";"PHOTOVOLTAIC";"ON";"OFF"
"run_20260926_132244";"2026-09-26";"13:22:44";"2026-09-26 13:22:44";"269";"hpc_extreme";"HPC - Extremo";"6";"60";"5";"1";"manual";"5000";"1800";"600";"30";"1";"origin";"main";"git@github.com:CAGDOJ/PhotovoltaicFirst.git";"Belem";"-1.4537";"-48.5078";"monocrystalline";"bifacial";"30000";"0.24";"1";"0.24";"1.2";"1.2";"30";"0";"33.8";"3";"936.651";"725.905";"0.277259";"6037.91";"100";"1024";"1.25";"150";"75";"102.4";"12.5";"114.9";"28.725";"143.625";"1e+15";"200";"360000";"0.1";"1.8";"143.625";"143.625";"0";"0";"14362.5";"14362.5";"PHOTOVOLTAIC";"ON";"OFF"
"run_20260926_132354";"2026-09-26";"13:23:54";"2026-09-26 13:23:54";"269";"hpc_extreme";"HPC - Extremo";"6";"60";"5";"1";"manual";"5000";"1800";"600";"30";"1";"origin";"main";"git@github.com:CAGDOJ/PhotovoltaicFirst.git";"Belem";"-1.4537";"-48.5078";"monocrystalline";"bifacial";"30000";"0.24";"1";"0.24";"1.2";"1.2";"30";"0";"33.8";"3";"935.116";"724.715";"0.277259";"6028.01";"100";"1024";"1.25";"150";"75";"102.4";"12.5";"114.9";"28.725";"143.625";"1e+15";"200";"360000";"0.1";"1.8";"143.625";"143.625";"0";"0";"14362.5";"14362.5";"PHOTOVOLTAIC";"ON";"OFF"
"run_20260926_132405";"2026-09-26";"13:24:05";"2026-09-26 13:24:05";"269";"hpc_extreme";"HPC - Extremo";"6";"60";"5";"1";"manual";"5000";"1800";"600";"30";"1";"origin";"main";"git@github.com:CAGDOJ/PhotovoltaicFirst.git";"Belem";"-1.4537";"-48.5078";"monocrystalline";"bifacial";"30000";"0.24";"1";"0.24";"1.2";"1.2";"30";"0";"33.8";"3";"933.563";"723.511";"0.277259";"6018";"100";"1024";"1.25";"150";"75";"102.4";"12.5";"114.9";"28.725";"143.625";"1e+15";"200";"360000";"0.1";"1.8";"143.625";"143.625";"0";"0";"14362.5";"14362.5";"PHOTOVOLTAIC";"ON";"OFF"
"run_20260926_132407";"2026-09-26";"13:24:07";"2026-09-26 13:24:07";"269";"hpc_extreme";"HPC - Extremo";"6";"60";"5";"1";"manual";"5000";"1800";"600";"30";"1";"origin";"main";"git@github.com:CAGDOJ/PhotovoltaicFirst.git";"Belem";"-1.4537";"-48.5078";"monocrystalline";"bifacial";"30000";"0.24";"1";"0.24";"1.2";"1.2";"30";"0";"33.8";"3";"933.563";"723.511";"0.277259";"6018";"100";"1024";"1.25";"150";"75";"102.4";"12.5";"114.9";"28.725";"143.625";"1e+15";"200";"360000";"0.1";"1.8";"143.625";"143.625";"0";"0";"14362.5";"14362.5";"PHOTOVOLTAIC";"ON";"OFF"
"run_20260926_132513";"2026-09-26";"13:25:13";"2026-09-26 13:25:13";"269";"hpc_extreme";"HPC - Extremo";"6";"60";"5";"1";"manual";"5000";"1800";"600";"30";"1";"origin";"main";"git@github.com:CAGDOJ/PhotovoltaicFirst.git";"Belem";"-1.4537";"-48.5078";"monocrystalline";"bifacial";"30000";"0.24";"1";"0.24";"1.2";"1.2";"30";"0";"33.8";"3";"931.992";"722.294";"0.277259";"6007.87";"100";"1024";"1.25";"150";"75";"102.4";"12.5";"114.9";"28.725";"143.625";"1e+15";"200";"360000";"0.1";"1.8";"143.625";"143.625";"0";"0";"14362.5";"14362.5";"PHOTOVOLTAIC";"ON";"OFF"
"run_20260926_132527";"2026-09-26";"13:25:27";"2026-09-26 13:25:27";"269";"hpc_extreme";"HPC - Extremo";"6";"60";"5";"1";"manual";"5000";"1800";"600";"30";"1";"origin";"main";"git@github.com:CAGDOJ/PhotovoltaicFirst.git";"Belem";"-1.4537";"-48.5078";"monocrystalline";"bifacial";"30000";"0.24";"1";"0.24";"1.2";"1.2";"30";"0";"33.8";"3";"931.992";"722.294";"0.277259";"6007.87";"100";"1024";"1.25";"150";"75";"102.4";"12.5";"114.9";"28.725";"143.625";"1e+15";"200";"360000";"0.1";"1.8";"143.625";"143.625";"0";"0";"14362.5";"14362.5";"PHOTOVOLTAIC";"ON";"OFF"
"run_20260926_132528";"2026-09-26";"13:25:28";"2026-09-26 13:25:28";"269";"hpc_extreme";"HPC - Extremo";"6";"60";"5";"1";"manual";"5000";"1800";"600";"30";"1";"origin";"main";"git@github.com:CAGDOJ/PhotovoltaicFirst.git";"Belem";"-1.4537";"-48.5078";"monocrystalline";"bifacial";"30000";"0.24";"1";"0.24";"1.2";"1.2";"30";"0";"33.8";"3";"931.992";"722.294";"0.277259";"6007.87";"100";"1024";"1.25";"150";"75";"102.4";"12.5";"114.9";"28.725";"143.625";"1e+15";"200";"360000";"0.1";"1.8";"143.625";"143.625";"0";"0";"14362.5";"14362.5";"PHOTOVOLTAIC";"ON";"OFF"
"run_20260926_132630";"2026-09-26";"13:26:30";"2026-09-26 13:26:30";"269";"hpc_extreme";"HPC - Extremo";"6";"60";"5";"1";"manual";"5000";"1800";"600";"30";"1";"origin";"main";"git@github.com:CAGDOJ/PhotovoltaicFirst.git";"Belem";"-1.4537";"-48.5078";"monocrystalline";"bifacial";"30000";"0.24";"1";"0.24";"1.2";"1.2";"30";"0";"33.8";"3";"930.403";"721.063";"0.277259";"5997.63";"100";"1024";"1.25";"150";"75";"102.4";"12.5";"114.9";"28.725";"143.625";"1e+15";"200";"360000";"0.1";"1.8";"143.625";"143.625";"0";"0";"14362.5";"14362.5";"PHOTOVOLTAIC";"ON";"OFF"
"run_20260926_132644";"2026-09-26";"13:26:44";"2026-09-26 13:26:44";"269";"hpc_extreme";"HPC - Extremo";"6";"60";"5";"1";"manual";"5000";"1800";"600";"30";"1";"origin";"main";"git@github.com:CAGDOJ/PhotovoltaicFirst.git";"Belem";"-1.4537";"-48.5078";"monocrystalline";"bifacial";"30000";"0.24";"1";"0.24";"1.2";"1.2";"30";"0";"33.8";"3";"930.403";"721.063";"0.277259";"5997.63";"100";"1024";"1.25";"150";"75";"102.4";"12.5";"114.9";"28.725";"143.625";"1e+15";"200";"360000";"0.1";"1.8";"143.625";"143.625";"0";"0";"14362.5";"14362.5";"PHOTOVOLTAIC";"ON";"OFF"
"run_20260926_132646";"2026-09-26";"13:26:46";"2026-09-26 13:26:46";"269";"hpc_extreme";"HPC - Extremo";"6";"60";"5";"1";"manual";"5000";"1800";"600";"30";"1";"origin";"main";"git@github.com:CAGDOJ/PhotovoltaicFirst.git";"Belem";"-1.4537";"-48.5078";"monocrystalline";"bifacial";"30000";"0.24";"1";"0.24";"1.2";"1.2";"30";"0";"33.8";"3";"930.403";"721.063";"0.277259";"5997.63";"100";"1024";"1.25";"150";"75";"102.4";"12.5";"114.9";"28.725";"143.625";"1e+15";"200";"360000";"0.1";"1.8";"143.625";"143.625";"0";"0";"14362.5";"14362.5";"PHOTOVOLTAIC";"ON";"OFF"
"run_20260926_132746";"2026-09-26";"13:27:46";"2026-09-26 13:27:46";"269";"hpc_extreme";"HPC - Extremo";"6";"60";"5";"1";"manual";"5000";"1800";"600";"30";"1";"origin";"main";"git@github.com:CAGDOJ/PhotovoltaicFirst.git";"Belem";"-1.4537";"-48.5078";"monocrystalline";"bifacial";"30000";"0.24";"1";"0.24";"1.2";"1.2";"30";"0";"33.8";"3";"928.797";"719.818";"0.277259";"5987.28";"100";"1024";"1.25";"150";"75";"102.4";"12.5";"114.9";"28.725";"143.625";"1e+15";"200";"360000";"0.1";"1.8";"143.625";"143.625";"0";"0";"14362.5";"14362.5";"PHOTOVOLTAIC";"ON";"OFF"
"run_20260926_132801";"2026-09-26";"13:28:01";"2026-09-26 13:28:01";"269";"hpc_extreme";"HPC - Extremo";"6";"60";"5";"1";"manual";"5000";"1800";"600";"30";"1";"origin";"main";"git@github.com:CAGDOJ/PhotovoltaicFirst.git";"Belem";"-1.4537";"-48.5078";"monocrystalline";"bifacial";"30000";"0.24";"1";"0.24";"1.2";"1.2";"30";"0";"33.8";"3";"927.173";"718.559";"0.277259";"5976.81";"100";"1024";"1.25";"150";"75";"102.4";"12.5";"114.9";"28.725";"143.625";"1e+15";"200";"360000";"0.1";"1.8";"143.625";"143.625";"0";"0";"14362.5";"14362.5";"PHOTOVOLTAIC";"ON";"OFF"
"run_20260926_132803";"2026-09-26";"13:28:03";"2026-09-26 13:28:03";"269";"hpc_extreme";"HPC - Extremo";"6";"60";"5";"1";"manual";"5000";"1800";"600";"30";"1";"origin";"main";"git@github.com:CAGDOJ/PhotovoltaicFirst.git";"Belem";"-1.4537";"-48.5078";"monocrystalline";"bifacial";"30000";"0.24";"1";"0.24";"1.2";"1.2";"30";"0";"33.8";"3";"927.173";"718.559";"0.277259";"5976.81";"100";"1024";"1.25";"150";"75";"102.4";"12.5";"114.9";"28.725";"143.625";"1e+15";"200";"360000";"0.1";"1.8";"143.625";"143.625";"0";"0";"14362.5";"14362.5";"PHOTOVOLTAIC";"ON";"OFF"
"run_20260926_132903";"2026-09-26";"13:29:03";"2026-09-26 13:29:03";"269";"hpc_extreme";"HPC - Extremo";"6";"60";"5";"1";"manual";"5000";"1800";"600";"30";"1";"origin";"main";"git@github.com:CAGDOJ/PhotovoltaicFirst.git";"Belem";"-1.4537";"-48.5078";"monocrystalline";"bifacial";"30000";"0.24";"1";"0.24";"1.2";"1.2";"30";"0";"33.8";"3";"925.531";"717.287";"0.277259";"5966.23";"100";"1024";"1.25";"150";"75";"102.4";"12.5";"114.9";"28.725";"143.625";"1e+15";"200";"360000";"0.1";"1.8";"143.625";"143.625";"0";"0";"14362.5";"14362.5";"PHOTOVOLTAIC";"ON";"OFF"
"run_20260926_132917";"2026-09-26";"13:29:17";"2026-09-26 13:29:17";"269";"hpc_extreme";"HPC - Extremo";"6";"60";"5";"1";"manual";"5000";"1800";"600";"30";"1";"origin";"main";"git@github.com:CAGDOJ/PhotovoltaicFirst.git";"Belem";"-1.4537";"-48.5078";"monocrystalline";"bifacial";"30000";"0.24";"1";"0.24";"1.2";"1.2";"30";"0";"33.8";"3";"925.531";"717.287";"0.277259";"5966.23";"100";"1024";"1.25";"150";"75";"102.4";"12.5";"114.9";"28.725";"143.625";"1e+15";"200";"360000";"0.1";"1.8";"143.625";"143.625";"0";"0";"14362.5";"14362.5";"PHOTOVOLTAIC";"ON";"OFF"
"run_20260926_132920";"2026-09-26";"13:29:20";"2026-09-26 13:29:20";"269";"hpc_extreme";"HPC - Extremo";"6";"60";"5";"1";"manual";"5000";"1800";"600";"30";"1";"origin";"main";"git@github.com:CAGDOJ/PhotovoltaicFirst.git";"Belem";"-1.4537";"-48.5078";"monocrystalline";"bifacial";"30000";"0.24";"1";"0.24";"1.2";"1.2";"30";"0";"33.8";"3";"925.531";"717.287";"0.277259";"5966.23";"100";"1024";"1.25";"150";"75";"102.4";"12.5";"114.9";"28.725";"143.625";"1e+15";"200";"360000";"0.1";"1.8";"143.625";"143.625";"0";"0";"14362.5";"14362.5";"PHOTOVOLTAIC";"ON";"OFF"
"run_20260926_133018";"2026-09-26";"13:30:18";"2026-09-26 13:30:18";"269";"hpc_extreme";"HPC - Extremo";"6";"60";"5";"1";"manual";"5000";"1800";"600";"30";"1";"origin";"main";"git@github.com:CAGDOJ/PhotovoltaicFirst.git";"Belem";"-1.4537";"-48.5078";"monocrystalline";"bifacial";"30000";"0.24";"1";"0.24";"1.2";"1.2";"34";"0";"33.6";"3.6";"923.872";"688.285";"0.277652";"5733.1";"100";"1024";"1.25";"150";"75";"102.4";"12.5";"114.9";"28.725";"143.625";"1e+15";"200";"360000";"0.1";"1.8";"143.625";"143.625";"0";"0";"14362.5";"14362.5";"PHOTOVOLTAIC";"ON";"OFF"
"run_20260926_133036";"2026-09-26";"13:30:36";"2026-09-26 13:30:36";"269";"hpc_extreme";"HPC - Extremo";"6";"60";"5";"1";"manual";"5000";"1800";"600";"30";"1";"origin";"main";"git@github.com:CAGDOJ/PhotovoltaicFirst.git";"Belem";"-1.4537";"-48.5078";"monocrystalline";"bifacial";"30000";"0.24";"1";"0.24";"1.2";"1.2";"34";"0";"33.6";"3.6";"923.872";"688.285";"0.277652";"5733.1";"100";"1024";"1.25";"150";"75";"102.4";"12.5";"114.9";"28.725";"143.625";"1e+15";"200";"360000";"0.1";"1.8";"143.625";"143.625";"0";"0";"14362.5";"14362.5";"PHOTOVOLTAIC";"ON";"OFF"
"run_20260926_133037";"2026-09-26";"13:30:37";"2026-09-26 13:30:37";"269";"hpc_extreme";"HPC - Extremo";"6";"60";"5";"1";"manual";"5000";"1800";"600";"30";"1";"origin";"main";"git@github.com:CAGDOJ/PhotovoltaicFirst.git";"Belem";"-1.4537";"-48.5078";"monocrystalline";"bifacial";"30000";"0.24";"1";"0.24";"1.2";"1.2";"34";"0";"33.6";"3.6";"923.872";"688.285";"0.277652";"5733.1";"100";"1024";"1.25";"150";"75";"102.4";"12.5";"114.9";"28.725";"143.625";"1e+15";"200";"360000";"0.1";"1.8";"143.625";"143.625";"0";"0";"14362.5";"14362.5";"PHOTOVOLTAIC";"ON";"OFF"
"run_20260926_133135";"2026-09-26";"13:31:35";"2026-09-26 13:31:35";"269";"hpc_extreme";"HPC - Extremo";"6";"60";"5";"1";"manual";"5000";"1800";"600";"30";"1";"origin";"main";"git@github.com:CAGDOJ/PhotovoltaicFirst.git";"Belem";"-1.4537";"-48.5078";"monocrystalline";"bifacial";"30000";"0.24";"1";"0.24";"1.2";"1.2";"34";"0";"33.6";"3.6";"922.196";"687.036";"0.277652";"5722.7";"100";"1024";"1.25";"150";"75";"102.4";"12.5";"114.9";"28.725";"143.625";"1e+15";"200";"360000";"0.1";"1.8";"143.625";"143.625";"0";"0";"14362.5";"14362.5";"PHOTOVOLTAIC";"ON";"OFF"
"run_20260926_133150";"2026-09-26";"13:31:50";"2026-09-26 13:31:50";"269";"hpc_extreme";"HPC - Extremo";"6";"60";"5";"1";"manual";"5000";"1800";"600";"30";"1";"origin";"main";"git@github.com:CAGDOJ/PhotovoltaicFirst.git";"Belem";"-1.4537";"-48.5078";"monocrystalline";"bifacial";"30000";"0.24";"1";"0.24";"1.2";"1.2";"34";"0";"33.6";"3.6";"922.196";"687.036";"0.277652";"5722.7";"100";"1024";"1.25";"150";"75";"102.4";"12.5";"114.9";"28.725";"143.625";"1e+15";"200";"360000";"0.1";"1.8";"143.625";"143.625";"0";"0";"14362.5";"14362.5";"PHOTOVOLTAIC";"ON";"OFF"
"run_20260926_133152";"2026-09-26";"13:31:52";"2026-09-26 13:31:52";"269";"hpc_extreme";"HPC - Extremo";"6";"60";"5";"1";"manual";"5000";"1800";"600";"30";"1";"origin";"main";"git@github.com:CAGDOJ/PhotovoltaicFirst.git";"Belem";"-1.4537";"-48.5078";"monocrystalline";"bifacial";"30000";"0.24";"1";"0.24";"1.2";"1.2";"34";"0";"33.6";"3.6";"922.196";"687.036";"0.277652";"5722.7";"100";"1024";"1.25";"150";"75";"102.4";"12.5";"114.9";"28.725";"143.625";"1e+15";"200";"360000";"0.1";"1.8";"143.625";"143.625";"0";"0";"14362.5";"14362.5";"PHOTOVOLTAIC";"ON";"OFF"
"run_20260926_133250";"2026-09-26";"13:32:50";"2026-09-26 13:32:50";"269";"hpc_extreme";"HPC - Extremo";"6";"60";"5";"1";"manual";"5000";"1800";"600";"30";"1";"origin";"main";"git@github.com:CAGDOJ/PhotovoltaicFirst.git";"Belem";"-1.4537";"-48.5078";"monocrystalline";"bifacial";"30000";"0.24";"1";"0.24";"1.2";"1.2";"34";"0";"33.6";"3.6";"920.501";"685.773";"0.277652";"5712.19";"100";"1024";"1.25";"150";"75";"102.4";"12.5";"114.9";"28.725";"143.625";"1e+15";"200";"360000";"0.1";"1.8";"143.625";"143.625";"0";"0";"14362.5";"14362.5";"PHOTOVOLTAIC";"ON";"OFF"
"run_20260926_133307";"2026-09-26";"13:33:07";"2026-09-26 13:33:07";"269";"hpc_extreme";"HPC - Extremo";"6";"60";"5";"1";"manual";"5000";"1800";"600";"30";"1";"origin";"main";"git@github.com:CAGDOJ/PhotovoltaicFirst.git";"Belem";"-1.4537";"-48.5078";"monocrystalline";"bifacial";"30000";"0.24";"1";"0.24";"1.2";"1.2";"34";"0";"33.6";"3.6";"918.789";"684.498";"0.277652";"5701.56";"100";"1024";"1.25";"150";"75";"102.4";"12.5";"114.9";"28.725";"143.625";"1e+15";"200";"360000";"0.1";"1.8";"143.625";"143.625";"0";"0";"14362.5";"14362.5";"PHOTOVOLTAIC";"ON";"OFF"
"run_20260926_133309";"2026-09-26";"13:33:09";"2026-09-26 13:33:09";"269";"hpc_extreme";"HPC - Extremo";"6";"60";"5";"1";"manual";"5000";"1800";"600";"30";"1";"origin";"main";"git@github.com:CAGDOJ/PhotovoltaicFirst.git";"Belem";"-1.4537";"-48.5078";"monocrystalline";"bifacial";"30000";"0.24";"1";"0.24";"1.2";"1.2";"34";"0";"33.6";"3.6";"918.789";"684.498";"0.277652";"5701.56";"100";"1024";"1.25";"150";"75";"102.4";"12.5";"114.9";"28.725";"143.625";"1e+15";"200";"360000";"0.1";"1.8";"143.625";"143.625";"0";"0";"14362.5";"14362.5";"PHOTOVOLTAIC";"ON";"OFF"
"run_20260926_133407";"2026-09-26";"13:34:07";"2026-09-26 13:34:07";"269";"hpc_extreme";"HPC - Extremo";"6";"60";"5";"1";"manual";"5000";"1800";"600";"30";"1";"origin";"main";"git@github.com:CAGDOJ/PhotovoltaicFirst.git";"Belem";"-1.4537";"-48.5078";"monocrystalline";"bifacial";"30000";"0.24";"1";"0.24";"1.2";"1.2";"34";"0";"33.6";"3.6";"917.06";"683.21";"0.277652";"5690.83";"100";"1024";"1.25";"150";"75";"102.4";"12.5";"114.9";"28.725";"143.625";"1e+15";"200";"360000";"0.1";"1.8";"143.625";"143.625";"0";"0";"14362.5";"14362.5";"PHOTOVOLTAIC";"ON";"OFF"
"run_20260926_133423";"2026-09-26";"13:34:23";"2026-09-26 13:34:23";"269";"hpc_extreme";"HPC - Extremo";"6";"60";"5";"1";"manual";"5000";"1800";"600";"30";"1";"origin";"main";"git@github.com:CAGDOJ/PhotovoltaicFirst.git";"Belem";"-1.4537";"-48.5078";"monocrystalline";"bifacial";"30000";"0.24";"1";"0.24";"1.2";"1.2";"34";"0";"33.6";"3.6";"917.06";"683.21";"0.277652";"5690.83";"100";"1024";"1.25";"150";"75";"102.4";"12.5";"114.9";"28.725";"143.625";"1e+15";"200";"360000";"0.1";"1.8";"143.625";"143.625";"0";"0";"14362.5";"14362.5";"PHOTOVOLTAIC";"ON";"OFF"
"run_20260926_133425";"2026-09-26";"13:34:25";"2026-09-26 13:34:25";"269";"hpc_extreme";"HPC - Extremo";"6";"60";"5";"1";"manual";"5000";"1800";"600";"30";"1";"origin";"main";"git@github.com:CAGDOJ/PhotovoltaicFirst.git";"Belem";"-1.4537";"-48.5078";"monocrystalline";"bifacial";"30000";"0.24";"1";"0.24";"1.2";"1.2";"34";"0";"33.6";"3.6";"917.06";"683.21";"0.277652";"5690.83";"100";"1024";"1.25";"150";"75";"102.4";"12.5";"114.9";"28.725";"143.625";"1e+15";"200";"360000";"0.1";"1.8";"143.625";"143.625";"0";"0";"14362.5";"14362.5";"PHOTOVOLTAIC";"ON";"OFF"
"run_20260926_133522";"2026-09-26";"13:35:22";"2026-09-26 13:35:22";"269";"hpc_extreme";"HPC - Extremo";"6";"60";"5";"1";"manual";"5000";"1800";"600";"30";"1";"origin";"main";"git@github.com:CAGDOJ/PhotovoltaicFirst.git";"Belem";"-1.4537";"-48.5078";"monocrystalline";"bifacial";"30000";"0.24";"1";"0.24";"1.2";"1.2";"34";"0";"33.6";"3.6";"915.313";"681.908";"0.277652";"5679.99";"100";"1024";"1.25";"150";"75";"102.4";"12.5";"114.9";"28.725";"143.625";"1e+15";"200";"360000";"0.1";"1.8";"143.625";"143.625";"0";"0";"14362.5";"14362.5";"PHOTOVOLTAIC";"ON";"OFF"
"run_20260926_133541";"2026-09-26";"13:35:41";"2026-09-26 13:35:41";"269";"hpc_extreme";"HPC - Extremo";"6";"60";"5";"1";"manual";"5000";"1800";"600";"30";"1";"origin";"main";"git@github.com:CAGDOJ/PhotovoltaicFirst.git";"Belem";"-1.4537";"-48.5078";"monocrystalline";"bifacial";"30000";"0.24";"1";"0.24";"1.2";"1.2";"34";"0";"33.6";"3.6";"915.313";"681.908";"0.277652";"5679.99";"100";"1024";"1.25";"150";"75";"102.4";"12.5";"114.9";"28.725";"143.625";"1e+15";"200";"360000";"0.1";"1.8";"143.625";"143.625";"0";"0";"14362.5";"14362.5";"PHOTOVOLTAIC";"ON";"OFF"
"run_20260926_133639";"2026-09-26";"13:36:39";"2026-09-26 13:36:39";"269";"hpc_extreme";"HPC - Extremo";"6";"60";"5";"1";"manual";"5000";"1800";"600";"30";"1";"origin";"main";"git@github.com:CAGDOJ/PhotovoltaicFirst.git";"Belem";"-1.4537";"-48.5078";"monocrystalline";"bifacial";"30000";"0.24";"1";"0.24";"1.2";"1.2";"34";"0";"33.6";"3.6";"913.549";"680.594";"0.277652";"5669.04";"100";"1024";"1.25";"150";"75";"102.4";"12.5";"114.9";"28.725";"143.625";"1e+15";"200";"360000";"0.1";"1.8";"143.625";"143.625";"0";"0";"14362.5";"14362.5";"PHOTOVOLTAIC";"ON";"OFF"
"run_20260926_133656";"2026-09-26";"13:36:56";"2026-09-26 13:36:56";"269";"hpc_extreme";"HPC - Extremo";"6";"60";"5";"1";"manual";"5000";"1800";"600";"30";"1";"origin";"main";"git@github.com:CAGDOJ/PhotovoltaicFirst.git";"Belem";"-1.4537";"-48.5078";"monocrystalline";"bifacial";"30000";"0.24";"1";"0.24";"1.2";"1.2";"34";"0";"33.6";"3.6";"913.549";"680.594";"0.277652";"5669.04";"100";"1024";"1.25";"150";"75";"102.4";"12.5";"114.9";"28.725";"143.625";"1e+15";"200";"360000";"0.1";"1.8";"143.625";"143.625";"0";"0";"14362.5";"14362.5";"PHOTOVOLTAIC";"ON";"OFF"
"run_20260926_133657";"2026-09-26";"13:36:57";"2026-09-26 13:36:57";"269";"hpc_extreme";"HPC - Extremo";"6";"60";"5";"1";"manual";"5000";"1800";"600";"30";"1";"origin";"main";"git@github.com:CAGDOJ/PhotovoltaicFirst.git";"Belem";"-1.4537";"-48.5078";"monocrystalline";"bifacial";"30000";"0.24";"1";"0.24";"1.2";"1.2";"34";"0";"33.6";"3.6";"913.549";"680.594";"0.277652";"5669.04";"100";"1024";"1.25";"150";"75";"102.4";"12.5";"114.9";"28.725";"143.625";"1e+15";"200";"360000";"0.1";"1.8";"143.625";"143.625";"0";"0";"14362.5";"14362.5";"PHOTOVOLTAIC";"ON";"OFF"
"run_20260926_133755";"2026-09-26";"13:37:55";"2026-09-26 13:37:55";"269";"hpc_extreme";"HPC - Extremo";"6";"60";"5";"1";"manual";"5000";"1800";"600";"30";"1";"origin";"main";"git@github.com:CAGDOJ/PhotovoltaicFirst.git";"Belem";"-1.4537";"-48.5078";"monocrystalline";"bifacial";"30000";"0.24";"1";"0.24";"1.2";"1.2";"34";"0";"33.6";"3.6";"911.768";"679.267";"0.277652";"5657.99";"100";"1024";"1.25";"150";"75";"102.4";"12.5";"114.9";"28.725";"143.625";"1e+15";"200";"360000";"0.1";"1.8";"143.625";"143.625";"0";"0";"14362.5";"14362.5";"PHOTOVOLTAIC";"ON";"OFF"
"run_20260926_133819";"2026-09-26";"13:38:19";"2026-09-26 13:38:19";"269";"hpc_extreme";"HPC - Extremo";"6";"60";"5";"1";"manual";"5000";"1800";"600";"30";"1";"origin";"main";"git@github.com:CAGDOJ/PhotovoltaicFirst.git";"Belem";"-1.4537";"-48.5078";"monocrystalline";"bifacial";"30000";"0.24";"1";"0.24";"1.2";"1.2";"34";"0";"33.6";"3.6";"909.969";"677.927";"0.277652";"5646.83";"100";"1024";"1.25";"150";"75";"102.4";"12.5";"114.9";"28.725";"143.625";"1e+15";"200";"360000";"0.1";"1.8";"143.625";"143.625";"0";"0";"14362.5";"14362.5";"PHOTOVOLTAIC";"ON";"OFF"
"run_20260926_133917";"2026-09-26";"13:39:17";"2026-09-26 13:39:17";"269";"hpc_extreme";"HPC - Extremo";"6";"60";"5";"1";"manual";"5000";"1800";"600";"30";"1";"origin";"main";"git@github.com:CAGDOJ/PhotovoltaicFirst.git";"Belem";"-1.4537";"-48.5078";"monocrystalline";"bifacial";"30000";"0.24";"1";"0.24";"1.2";"1.2";"34";"0";"33.6";"3.6";"908.153";"676.574";"0.277652";"5635.56";"100";"1024";"1.25";"150";"75";"102.4";"12.5";"114.9";"28.725";"143.625";"1e+15";"200";"360000";"0.1";"1.8";"143.625";"143.625";"0";"0";"14362.5";"14362.5";"PHOTOVOLTAIC";"ON";"OFF"
"run_20260926_133922";"2026-09-26";"13:39:22";"2026-09-26 13:39:22";"269";"hpc_extreme";"HPC - Extremo";"6";"60";"5";"1";"manual";"5000";"1800";"600";"30";"1";"origin";"main";"git@github.com:CAGDOJ/PhotovoltaicFirst.git";"Belem";"-1.4537";"-48.5078";"monocrystalline";"bifacial";"30000";"0.24";"1";"0.24";"1.2";"1.2";"34";"0";"33.6";"3.6";"908.153";"676.574";"0.277652";"5635.56";"100";"1024";"1.25";"150";"75";"102.4";"12.5";"114.9";"28.725";"143.625";"1e+15";"200";"360000";"0.1";"1.8";"143.625";"143.625";"0";"0";"14362.5";"14362.5";"PHOTOVOLTAIC";"ON";"OFF"
"run_20260926_133937";"2026-09-26";"13:39:37";"2026-09-26 13:39:37";"269";"hpc_extreme";"HPC - Extremo";"6";"60";"5";"1";"manual";"5000";"1800";"600";"30";"1";"origin";"main";"git@github.com:CAGDOJ/PhotovoltaicFirst.git";"Belem";"-1.4537";"-48.5078";"monocrystalline";"bifacial";"30000";"0.24";"1";"0.24";"1.2";"1.2";"34";"0";"33.6";"3.6";"908.153";"676.574";"0.277652";"5635.56";"100";"1024";"1.25";"150";"75";"102.4";"12.5";"114.9";"28.725";"143.625";"1e+15";"200";"360000";"0.1";"1.8";"143.625";"143.625";"0";"0";"14362.5";"14362.5";"PHOTOVOLTAIC";"ON";"OFF"
"run_20260926_134103";"2026-09-26";"13:41:03";"2026-09-26 13:41:03";"269";"hpc_extreme";"HPC - Extremo";"6";"60";"5";"1";"manual";"5000";"1800";"600";"30";"1";"origin";"main";"git@github.com:CAGDOJ/PhotovoltaicFirst.git";"Belem";"-1.4537";"-48.5078";"monocrystalline";"bifacial";"30000";"0.24";"1";"0.24";"1.2";"1.2";"34";"0";"33.6";"3.6";"904.469";"673.829";"0.277652";"5612.7";"100";"1024";"1.25";"150";"75";"102.4";"12.5";"114.9";"28.725";"143.625";"1e+15";"200";"360000";"0.1";"1.8";"143.625";"143.625";"0";"0";"14362.5";"14362.5";"PHOTOVOLTAIC";"ON";"OFF"
"run_20260926_134227";"2026-09-26";"13:42:27";"2026-09-26 13:42:27";"269";"hpc_extreme";"HPC - Extremo";"6";"60";"5";"1";"manual";"5000";"1800";"600";"30";"1";"origin";"main";"git@github.com:CAGDOJ/PhotovoltaicFirst.git";"Belem";"-1.4537";"-48.5078";"monocrystalline";"bifacial";"30000";"0.24";"1";"0.24";"1.2";"1.2";"34";"0";"33.6";"3.6";"902.601";"672.438";"0.277652";"5601.1";"100";"1024";"1.25";"150";"75";"102.4";"12.5";"114.9";"28.725";"143.625";"1e+15";"200";"360000";"0.1";"1.8";"143.625";"143.625";"0";"0";"14362.5";"14362.5";"PHOTOVOLTAIC";"ON";"OFF"
"run_20260926_134237";"2026-09-26";"13:42:37";"2026-09-26 13:42:37";"269";"hpc_extreme";"HPC - Extremo";"6";"60";"5";"1";"manual";"5000";"1800";"600";"30";"1";"origin";"main";"git@github.com:CAGDOJ/PhotovoltaicFirst.git";"Belem";"-1.4537";"-48.5078";"monocrystalline";"bifacial";"30000";"0.24";"1";"0.24";"1.2";"1.2";"34";"0";"33.6";"3.6";"902.601";"672.438";"0.277652";"5601.1";"100";"1024";"1.25";"150";"75";"102.4";"12.5";"114.9";"28.725";"143.625";"1e+15";"200";"360000";"0.1";"1.8";"143.625";"143.625";"0";"0";"14362.5";"14362.5";"PHOTOVOLTAIC";"ON";"OFF"
"run_20260926_134355";"2026-09-26";"13:43:55";"2026-09-26 13:43:55";"269";"hpc_extreme";"HPC - Extremo";"6";"60";"5";"1";"manual";"5000";"1800";"600";"30";"1";"origin";"main";"git@github.com:CAGDOJ/PhotovoltaicFirst.git";"Belem";"-1.4537";"-48.5078";"monocrystalline";"bifacial";"30000";"0.24";"1";"0.24";"1.2";"1.2";"34";"0";"33.6";"3.6";"900.716";"671.033";"0.277652";"5589.41";"100";"1024";"1.25";"150";"75";"102.4";"12.5";"114.9";"28.725";"143.625";"1e+15";"200";"360000";"0.1";"1.8";"143.625";"143.625";"0";"0";"14362.5";"14362.5";"PHOTOVOLTAIC";"ON";"OFF"
"run_20260926_134404";"2026-09-26";"13:44:04";"2026-09-26 13:44:04";"269";"hpc_extreme";"HPC - Extremo";"6";"60";"5";"1";"manual";"5000";"1800";"600";"30";"1";"origin";"main";"git@github.com:CAGDOJ/PhotovoltaicFirst.git";"Belem";"-1.4537";"-48.5078";"monocrystalline";"bifacial";"30000";"0.24";"1";"0.24";"1.2";"1.2";"34";"0";"33.6";"3.6";"898.814";"669.616";"0.277652";"5577.6";"100";"1024";"1.25";"150";"75";"102.4";"12.5";"114.9";"28.725";"143.625";"1e+15";"200";"360000";"0.1";"1.8";"143.625";"143.625";"0";"0";"14362.5";"14362.5";"PHOTOVOLTAIC";"ON";"OFF"
"run_20260926_134407";"2026-09-26";"13:44:07";"2026-09-26 13:44:07";"269";"hpc_extreme";"HPC - Extremo";"6";"60";"5";"1";"manual";"5000";"1800";"600";"30";"1";"origin";"main";"git@github.com:CAGDOJ/PhotovoltaicFirst.git";"Belem";"-1.4537";"-48.5078";"monocrystalline";"bifacial";"30000";"0.24";"1";"0.24";"1.2";"1.2";"34";"0";"33.6";"3.6";"898.814";"669.616";"0.277652";"5577.6";"100";"1024";"1.25";"150";"75";"102.4";"12.5";"114.9";"28.725";"143.625";"1e+15";"200";"360000";"0.1";"1.8";"143.625";"143.625";"0";"0";"14362.5";"14362.5";"PHOTOVOLTAIC";"ON";"OFF"
"run_20260926_134524";"2026-09-26";"13:45:24";"2026-09-26 13:45:24";"269";"hpc_extreme";"HPC - Extremo";"6";"60";"5";"1";"manual";"5000";"1800";"600";"30";"1";"origin";"main";"git@github.com:CAGDOJ/PhotovoltaicFirst.git";"Belem";"-1.4537";"-48.5078";"monocrystalline";"bifacial";"30000";"0.24";"1";"0.24";"1.2";"1.2";"38";"0";"33.4";"4.6";"896.894";"641.279";"0.278133";"5350.84";"100";"1024";"1.25";"150";"75";"102.4";"12.5";"114.9";"28.725";"143.625";"1e+15";"200";"360000";"0.1";"1.8";"143.625";"143.625";"0";"0";"14362.5";"14362.5";"PHOTOVOLTAIC";"ON";"OFF"
"run_20260926_134537";"2026-09-26";"13:45:37";"2026-09-26 13:45:37";"269";"hpc_extreme";"HPC - Extremo";"6";"60";"5";"1";"manual";"5000";"1800";"600";"30";"1";"origin";"main";"git@github.com:CAGDOJ/PhotovoltaicFirst.git";"Belem";"-1.4537";"-48.5078";"monocrystalline";"bifacial";"30000";"0.24";"1";"0.24";"1.2";"1.2";"38";"0";"33.4";"4.6";"896.894";"641.279";"0.278133";"5350.84";"100";"1024";"1.25";"150";"75";"102.4";"12.5";"114.9";"28.725";"143.625";"1e+15";"200";"360000";"0.1";"1.8";"143.625";"143.625";"0";"0";"14362.5";"14362.5";"PHOTOVOLTAIC";"ON";"OFF"
"run_20260926_134540";"2026-09-26";"13:45:40";"2026-09-26 13:45:40";"269";"hpc_extreme";"HPC - Extremo";"6";"60";"5";"1";"manual";"5000";"1800";"600";"30";"1";"origin";"main";"git@github.com:CAGDOJ/PhotovoltaicFirst.git";"Belem";"-1.4537";"-48.5078";"monocrystalline";"bifacial";"30000";"0.24";"1";"0.24";"1.2";"1.2";"38";"0";"33.4";"4.6";"896.894";"641.279";"0.278133";"5350.84";"100";"1024";"1.25";"150";"75";"102.4";"12.5";"114.9";"28.725";"143.625";"1e+15";"200";"360000";"0.1";"1.8";"143.625";"143.625";"0";"0";"14362.5";"14362.5";"PHOTOVOLTAIC";"ON";"OFF"
"run_20260926_134651";"2026-09-26";"13:46:51";"2026-09-26 13:46:51";"269";"hpc_extreme";"HPC - Extremo";"6";"60";"5";"1";"manual";"5000";"1800";"600";"30";"1";"origin";"main";"git@github.com:CAGDOJ/PhotovoltaicFirst.git";"Belem";"-1.4537";"-48.5078";"monocrystalline";"bifacial";"30000";"0.24";"1";"0.24";"1.2";"1.2";"38";"0";"33.4";"4.6";"894.958";"639.895";"0.278133";"5339.28";"100";"1024";"1.25";"150";"75";"102.4";"12.5";"114.9";"28.725";"143.625";"1e+15";"200";"360000";"0.1";"1.8";"143.625";"143.625";"0";"0";"14362.5";"14362.5";"PHOTOVOLTAIC";"ON";"OFF"
"run_20260926_134707";"2026-09-26";"13:47:07";"2026-09-26 13:47:07";"269";"hpc_extreme";"HPC - Extremo";"6";"60";"5";"1";"manual";"5000";"1800";"600";"30";"1";"origin";"main";"git@github.com:CAGDOJ/PhotovoltaicFirst.git";"Belem";"-1.4537";"-48.5078";"monocrystalline";"bifacial";"30000";"0.24";"1";"0.24";"1.2";"1.2";"38";"0";"33.4";"4.6";"893.005";"638.498";"0.278133";"5327.63";"100";"1024";"1.25";"150";"75";"102.4";"12.5";"114.9";"28.725";"143.625";"1e+15";"200";"360000";"0.1";"1.8";"143.625";"143.625";"0";"0";"14362.5";"14362.5";"PHOTOVOLTAIC";"ON";"OFF"
"run_20260926_134708";"2026-09-26";"13:47:08";"2026-09-26 13:47:08";"269";"hpc_extreme";"HPC - Extremo";"6";"60";"5";"1";"manual";"5000";"1800";"600";"30";"1";"origin";"main";"git@github.com:CAGDOJ/PhotovoltaicFirst.git";"Belem";"-1.4537";"-48.5078";"monocrystalline";"bifacial";"30000";"0.24";"1";"0.24";"1.2";"1.2";"38";"0";"33.4";"4.6";"893.005";"638.498";"0.278133";"5327.63";"100";"1024";"1.25";"150";"75";"102.4";"12.5";"114.9";"28.725";"143.625";"1e+15";"200";"360000";"0.1";"1.8";"143.625";"143.625";"0";"0";"14362.5";"14362.5";"PHOTOVOLTAIC";"ON";"OFF"
"run_20260926_134820";"2026-09-26";"13:48:20";"2026-09-26 13:48:20";"269";"hpc_extreme";"HPC - Extremo";"6";"60";"5";"1";"manual";"5000";"1800";"600";"30";"1";"origin";"main";"git@github.com:CAGDOJ/PhotovoltaicFirst.git";"Belem";"-1.4537";"-48.5078";"monocrystalline";"bifacial";"30000";"0.24";"1";"0.24";"1.2";"1.2";"38";"0";"33.4";"4.6";"891.034";"637.09";"0.278133";"5315.88";"100";"1024";"1.25";"150";"75";"102.4";"12.5";"114.9";"28.725";"143.625";"1e+15";"200";"360000";"0.1";"1.8";"143.625";"143.625";"0";"0";"14362.5";"14362.5";"PHOTOVOLTAIC";"ON";"OFF"
"run_20260926_134838";"2026-09-26";"13:48:38";"2026-09-26 13:48:38";"269";"hpc_extreme";"HPC - Extremo";"6";"60";"5";"1";"manual";"5000";"1800";"600";"30";"1";"origin";"main";"git@github.com:CAGDOJ/PhotovoltaicFirst.git";"Belem";"-1.4537";"-48.5078";"monocrystalline";"bifacial";"30000";"0.24";"1";"0.24";"1.2";"1.2";"38";"0";"33.4";"4.6";"891.034";"637.09";"0.278133";"5315.88";"100";"1024";"1.25";"150";"75";"102.4";"12.5";"114.9";"28.725";"143.625";"1e+15";"200";"360000";"0.1";"1.8";"143.625";"143.625";"0";"0";"14362.5";"14362.5";"PHOTOVOLTAIC";"ON";"OFF"
"run_20260926_134947";"2026-09-26";"13:49:47";"2026-09-26 13:49:47";"269";"hpc_extreme";"HPC - Extremo";"6";"60";"5";"1";"manual";"5000";"1800";"600";"30";"1";"origin";"main";"git@github.com:CAGDOJ/PhotovoltaicFirst.git";"Belem";"-1.4537";"-48.5078";"monocrystalline";"bifacial";"30000";"0.24";"1";"0.24";"1.2";"1.2";"38";"0";"33.4";"4.6";"889.047";"635.669";"0.278133";"5304.02";"100";"1024";"1.25";"150";"75";"102.4";"12.5";"114.9";"28.725";"143.625";"1e+15";"200";"360000";"0.1";"1.8";"143.625";"143.625";"0";"0";"14362.5";"14362.5";"PHOTOVOLTAIC";"ON";"OFF"
"run_20260926_135214";"2026-09-26";"13:52:14";"2026-09-26 13:52:14";"269";"hpc_extreme";"HPC - Extremo";"6";"60";"5";"1";"manual";"5000";"1800";"600";"30";"1";"origin";"main";"git@github.com:CAGDOJ/PhotovoltaicFirst.git";"Belem";"-1.4537";"-48.5078";"monocrystalline";"bifacial";"30000";"0.24";"1";"0.24";"1.2";"1.2";"38";"0";"33.4";"4.6";"882.984";"631.334";"0.278133";"5267.85";"100";"1024";"1.25";"150";"75";"102.4";"12.5";"114.9";"28.725";"143.625";"1e+15";"200";"360000";"0.1";"1.8";"143.625";"143.625";"0";"0";"14362.5";"14362.5";"PHOTOVOLTAIC";"ON";"OFF"
"run_20260926_135217";"2026-09-26";"13:52:17";"2026-09-26 13:52:17";"269";"hpc_extreme";"HPC - Extremo";"6";"60";"5";"1";"manual";"5000";"1800";"600";"30";"1";"origin";"main";"git@github.com:CAGDOJ/PhotovoltaicFirst.git";"Belem";"-1.4537";"-48.5078";"monocrystalline";"bifacial";"30000";"0.24";"1";"0.24";"1.2";"1.2";"38";"0";"33.4";"4.6";"882.984";"631.334";"0.278133";"5267.85";"100";"1024";"1.25";"150";"75";"102.4";"12.5";"114.9";"28.725";"143.625";"1e+15";"200";"360000";"0.1";"1.8";"143.625";"143.625";"0";"0";"14362.5";"14362.5";"PHOTOVOLTAIC";"ON";"OFF"
"run_20260926_135219";"2026-09-26";"13:52:19";"2026-09-26 13:52:19";"269";"hpc_extreme";"HPC - Extremo";"6";"60";"5";"1";"manual";"5000";"1800";"600";"30";"1";"origin";"main";"git@github.com:CAGDOJ/PhotovoltaicFirst.git";"Belem";"-1.4537";"-48.5078";"monocrystalline";"bifacial";"30000";"0.24";"1";"0.24";"1.2";"1.2";"38";"0";"33.4";"4.6";"882.984";"631.334";"0.278133";"5267.85";"100";"1024";"1.25";"150";"75";"102.4";"12.5";"114.9";"28.725";"143.625";"1e+15";"200";"360000";"0.1";"1.8";"143.625";"143.625";"0";"0";"14362.5";"14362.5";"PHOTOVOLTAIC";"ON";"OFF"
"run_20260926_135341";"2026-09-26";"13:53:41";"2026-09-26 13:53:41";"269";"hpc_extreme";"HPC - Extremo";"6";"60";"5";"1";"manual";"5000";"1800";"600";"30";"1";"origin";"main";"git@github.com:CAGDOJ/PhotovoltaicFirst.git";"Belem";"-1.4537";"-48.5078";"monocrystalline";"bifacial";"30000";"0.24";"1";"0.24";"1.2";"1.2";"38";"0";"33.4";"4.6";"880.929";"629.865";"0.278133";"5255.59";"100";"1024";"1.25";"150";"75";"102.4";"12.5";"114.9";"28.725";"143.625";"1e+15";"200";"360000";"0.1";"1.8";"143.625";"143.625";"0";"0";"14362.5";"14362.5";"PHOTOVOLTAIC";"ON";"OFF"
"run_20260926_135343";"2026-09-26";"13:53:43";"2026-09-26 13:53:43";"269";"hpc_extreme";"HPC - Extremo";"6";"60";"5";"1";"manual";"5000";"1800";"600";"30";"1";"origin";"main";"git@github.com:CAGDOJ/PhotovoltaicFirst.git";"Belem";"-1.4537";"-48.5078";"monocrystalline";"bifacial";"30000";"0.24";"1";"0.24";"1.2";"1.2";"38";"0";"33.4";"4.6";"880.929";"629.865";"0.278133";"5255.59";"100";"1024";"1.25";"150";"75";"102.4";"12.5";"114.9";"28.725";"143.625";"1e+15";"200";"360000";"0.1";"1.8";"143.625";"143.625";"0";"0";"14362.5";"14362.5";"PHOTOVOLTAIC";"ON";"OFF"
"run_20260926_135345";"2026-09-26";"13:53:45";"2026-09-26 13:53:45";"269";"hpc_extreme";"HPC - Extremo";"6";"60";"5";"1";"manual";"5000";"1800";"600";"30";"1";"origin";"main";"git@github.com:CAGDOJ/PhotovoltaicFirst.git";"Belem";"-1.4537";"-48.5078";"monocrystalline";"bifacial";"30000";"0.24";"1";"0.24";"1.2";"1.2";"38";"0";"33.4";"4.6";"880.929";"629.865";"0.278133";"5255.59";"100";"1024";"1.25";"150";"75";"102.4";"12.5";"114.9";"28.725";"143.625";"1e+15";"200";"360000";"0.1";"1.8";"143.625";"143.625";"0";"0";"14362.5";"14362.5";"PHOTOVOLTAIC";"ON";"OFF"
"run_20260926_135508";"2026-09-26";"13:55:08";"2026-09-26 13:55:08";"269";"hpc_extreme";"HPC - Extremo";"6";"60";"5";"1";"manual";"5000";"1800";"600";"30";"1";"origin";"main";"git@github.com:CAGDOJ/PhotovoltaicFirst.git";"Belem";"-1.4537";"-48.5078";"monocrystalline";"bifacial";"30000";"0.24";"1";"0.24";"1.2";"1.2";"38";"0";"33.4";"4.6";"876.77";"626.891";"0.278133";"5230.78";"100";"1024";"1.25";"150";"75";"102.4";"12.5";"114.9";"28.725";"143.625";"1e+15";"200";"360000";"0.1";"1.8";"143.625";"143.625";"0";"0";"14362.5";"14362.5";"PHOTOVOLTAIC";"ON";"OFF"
"run_20260926_135640";"2026-09-26";"13:56:40";"2026-09-26 13:56:40";"269";"hpc_extreme";"HPC - Extremo";"6";"60";"5";"1";"manual";"5000";"1800";"600";"30";"1";"origin";"main";"git@github.com:CAGDOJ/PhotovoltaicFirst.git";"Belem";"-1.4537";"-48.5078";"monocrystalline";"bifacial";"30000";"0.24";"1";"0.24";"1.2";"1.2";"38";"0";"33.4";"4.6";"874.665";"625.386";"0.278133";"5218.22";"100";"1024";"1.25";"150";"75";"102.4";"12.5";"114.9";"28.725";"143.625";"1e+15";"200";"360000";"0.1";"1.8";"143.625";"143.625";"0";"0";"14362.5";"14362.5";"PHOTOVOLTAIC";"ON";"OFF"
"run_20260926_135810";"2026-09-26";"13:58:10";"2026-09-26 13:58:10";"269";"hpc_extreme";"HPC - Extremo";"6";"60";"5";"1";"manual";"5000";"1800";"600";"30";"1";"origin";"main";"git@github.com:CAGDOJ/PhotovoltaicFirst.git";"Belem";"-1.4537";"-48.5078";"monocrystalline";"bifacial";"30000";"0.24";"1";"0.24";"1.2";"1.2";"38";"0";"33.4";"4.6";"870.406";"622.34";"0.278133";"5192.81";"100";"1024";"1.25";"150";"75";"102.4";"12.5";"114.9";"28.725";"143.625";"1e+15";"200";"360000";"0.1";"1.8";"143.625";"143.625";"0";"0";"14362.5";"14362.5";"PHOTOVOLTAIC";"ON";"OFF"
"run_20260926_135812";"2026-09-26";"13:58:12";"2026-09-26 13:58:12";"269";"hpc_extreme";"HPC - Extremo";"6";"60";"5";"1";"manual";"5000";"1800";"600";"30";"1";"origin";"main";"git@github.com:CAGDOJ/PhotovoltaicFirst.git";"Belem";"-1.4537";"-48.5078";"monocrystalline";"bifacial";"30000";"0.24";"1";"0.24";"1.2";"1.2";"38";"0";"33.4";"4.6";"870.406";"622.34";"0.278133";"5192.81";"100";"1024";"1.25";"150";"75";"102.4";"12.5";"114.9";"28.725";"143.625";"1e+15";"200";"360000";"0.1";"1.8";"143.625";"143.625";"0";"0";"14362.5";"14362.5";"PHOTOVOLTAIC";"ON";"OFF"
"run_20260926_135813";"2026-09-26";"13:58:13";"2026-09-26 13:58:13";"269";"hpc_extreme";"HPC - Extremo";"6";"60";"5";"1";"manual";"5000";"1800";"600";"30";"1";"origin";"main";"git@github.com:CAGDOJ/PhotovoltaicFirst.git";"Belem";"-1.4537";"-48.5078";"monocrystalline";"bifacial";"30000";"0.24";"1";"0.24";"1.2";"1.2";"38";"0";"33.4";"4.6";"870.406";"622.34";"0.278133";"5192.81";"100";"1024";"1.25";"150";"75";"102.4";"12.5";"114.9";"28.725";"143.625";"1e+15";"200";"360000";"0.1";"1.8";"143.625";"143.625";"0";"0";"14362.5";"14362.5";"PHOTOVOLTAIC";"ON";"OFF"
"run_20260926_135939";"2026-09-26";"13:59:39";"2026-09-26 13:59:39";"269";"hpc_extreme";"HPC - Extremo";"6";"60";"5";"1";"manual";"5000";"1800";"600";"30";"1";"origin";"main";"git@github.com:CAGDOJ/PhotovoltaicFirst.git";"Belem";"-1.4537";"-48.5078";"monocrystalline";"bifacial";"30000";"0.24";"1";"0.24";"1.2";"1.2";"38";"0";"33.4";"4.6";"868.251";"620.8";"0.278133";"5179.95";"100";"1024";"1.25";"150";"75";"102.4";"12.5";"114.9";"28.725";"143.625";"1e+15";"200";"360000";"0.1";"1.8";"143.625";"143.625";"0";"0";"14362.5";"14362.5";"PHOTOVOLTAIC";"ON";"OFF"
"run_20260926_135940";"2026-09-26";"13:59:40";"2026-09-26 13:59:40";"269";"hpc_extreme";"HPC - Extremo";"6";"60";"5";"1";"manual";"5000";"1800";"600";"30";"1";"origin";"main";"git@github.com:CAGDOJ/PhotovoltaicFirst.git";"Belem";"-1.4537";"-48.5078";"monocrystalline";"bifacial";"30000";"0.24";"1";"0.24";"1.2";"1.2";"38";"0";"33.4";"4.6";"868.251";"620.8";"0.278133";"5179.95";"100";"1024";"1.25";"150";"75";"102.4";"12.5";"114.9";"28.725";"143.625";"1e+15";"200";"360000";"0.1";"1.8";"143.625";"143.625";"0";"0";"14362.5";"14362.5";"PHOTOVOLTAIC";"ON";"OFF"
"run_20260926_135941";"2026-09-26";"13:59:41";"2026-09-26 13:59:41";"269";"hpc_extreme";"HPC - Extremo";"6";"60";"5";"1";"manual";"5000";"1800";"600";"30";"1";"origin";"main";"git@github.com:CAGDOJ/PhotovoltaicFirst.git";"Belem";"-1.4537";"-48.5078";"monocrystalline";"bifacial";"30000";"0.24";"1";"0.24";"1.2";"1.2";"38";"0";"33.4";"4.6";"868.251";"620.8";"0.278133";"5179.95";"100";"1024";"1.25";"150";"75";"102.4";"12.5";"114.9";"28.725";"143.625";"1e+15";"200";"360000";"0.1";"1.8";"143.625";"143.625";"0";"0";"14362.5";"14362.5";"PHOTOVOLTAIC";"ON";"OFF"
"run_20260926_140110";"2026-09-26";"14:01:10";"2026-09-26 14:01:10";"269";"hpc_extreme";"HPC - Extremo";"6";"60";"5";"1";"manual";"5000";"1800";"600";"30";"1";"origin";"main";"git@github.com:CAGDOJ/PhotovoltaicFirst.git";"Belem";"-1.4537";"-48.5078";"monocrystalline";"bifacial";"30000";"0.24";"1";"0.24";"1.2";"1.2";"43";"0";"33.1";"5.6";"863.892";"585.287";"0.278746";"4894.39";"100";"1024";"1.25";"150";"75";"102.4";"12.5";"114.9";"28.725";"143.625";"1e+15";"200";"360000";"0.1";"1.8";"143.625";"143.625";"0";"0";"14362.5";"14362.5";"PHOTOVOLTAIC";"ON";"OFF"
"run_20260926_140113";"2026-09-26";"14:01:13";"2026-09-26 14:01:13";"269";"hpc_extreme";"HPC - Extremo";"6";"60";"5";"1";"manual";"5000";"1800";"600";"30";"1";"origin";"main";"git@github.com:CAGDOJ/PhotovoltaicFirst.git";"Belem";"-1.4537";"-48.5078";"monocrystalline";"bifacial";"30000";"0.24";"1";"0.24";"1.2";"1.2";"43";"0";"33.1";"5.6";"863.892";"585.287";"0.278746";"4894.39";"100";"1024";"1.25";"150";"75";"102.4";"12.5";"114.9";"28.725";"143.625";"1e+15";"200";"360000";"0.1";"1.8";"143.625";"143.625";"0";"0";"14362.5";"14362.5";"PHOTOVOLTAIC";"ON";"OFF"
"run_20260926_140239";"2026-09-26";"14:02:39";"2026-09-26 14:02:39";"269";"hpc_extreme";"HPC - Extremo";"6";"60";"5";"1";"manual";"5000";"1800";"600";"30";"1";"origin";"main";"git@github.com:CAGDOJ/PhotovoltaicFirst.git";"Belem";"-1.4537";"-48.5078";"monocrystalline";"bifacial";"30000";"0.24";"1";"0.24";"1.2";"1.2";"43";"0";"33.1";"5.6";"861.689";"583.794";"0.278746";"4881.9";"100";"1024";"1.25";"150";"75";"102.4";"12.5";"114.9";"28.725";"143.625";"1e+15";"200";"360000";"0.1";"1.8";"143.625";"143.625";"0";"0";"14362.5";"14362.5";"PHOTOVOLTAIC";"ON";"OFF"
"run_20260926_140242";"2026-09-26";"14:02:42";"2026-09-26 14:02:42";"269";"hpc_extreme";"HPC - Extremo";"6";"60";"5";"1";"manual";"5000";"1800";"600";"30";"1";"origin";"main";"git@github.com:CAGDOJ/PhotovoltaicFirst.git";"Belem";"-1.4537";"-48.5078";"monocrystalline";"bifacial";"30000";"0.24";"1";"0.24";"1.2";"1.2";"43";"0";"33.1";"5.6";"861.689";"583.794";"0.278746";"4881.9";"100";"1024";"1.25";"150";"75";"102.4";"12.5";"114.9";"28.725";"143.625";"1e+15";"200";"360000";"0.1";"1.8";"143.625";"143.625";"0";"0";"14362.5";"14362.5";"PHOTOVOLTAIC";"ON";"OFF"
"run_20260926_140244";"2026-09-26";"14:02:44";"2026-09-26 14:02:44";"269";"hpc_extreme";"HPC - Extremo";"6";"60";"5";"1";"manual";"5000";"1800";"600";"30";"1";"origin";"main";"git@github.com:CAGDOJ/PhotovoltaicFirst.git";"Belem";"-1.4537";"-48.5078";"monocrystalline";"bifacial";"30000";"0.24";"1";"0.24";"1.2";"1.2";"43";"0";"33.1";"5.6";"861.689";"583.794";"0.278746";"4881.9";"100";"1024";"1.25";"150";"75";"102.4";"12.5";"114.9";"28.725";"143.625";"1e+15";"200";"360000";"0.1";"1.8";"143.625";"143.625";"0";"0";"14362.5";"14362.5";"PHOTOVOLTAIC";"ON";"OFF"
"run_20260926_140409";"2026-09-26";"14:04:09";"2026-09-26 14:04:09";"269";"hpc_extreme";"HPC - Extremo";"6";"60";"5";"1";"manual";"5000";"1800";"600";"30";"1";"origin";"main";"git@github.com:CAGDOJ/PhotovoltaicFirst.git";"Belem";"-1.4537";"-48.5078";"monocrystalline";"bifacial";"30000";"0.24";"1";"0.24";"1.2";"1.2";"43";"0";"33.1";"5.6";"857.231";"580.774";"0.278746";"4856.65";"100";"1024";"1.25";"150";"75";"102.4";"12.5";"114.9";"28.725";"143.625";"1e+15";"200";"360000";"0.1";"1.8";"143.625";"143.625";"0";"0";"14362.5";"14362.5";"PHOTOVOLTAIC";"ON";"OFF"
"run_20260926_140411";"2026-09-26";"14:04:11";"2026-09-26 14:04:11";"269";"hpc_extreme";"HPC - Extremo";"6";"60";"5";"1";"manual";"5000";"1800";"600";"30";"1";"origin";"main";"git@github.com:CAGDOJ/PhotovoltaicFirst.git";"Belem";"-1.4537";"-48.5078";"monocrystalline";"bifacial";"30000";"0.24";"1";"0.24";"1.2";"1.2";"43";"0";"33.1";"5.6";"857.231";"580.774";"0.278746";"4856.65";"100";"1024";"1.25";"150";"75";"102.4";"12.5";"114.9";"28.725";"143.625";"1e+15";"200";"360000";"0.1";"1.8";"143.625";"143.625";"0";"0";"14362.5";"14362.5";"PHOTOVOLTAIC";"ON";"OFF"
"run_20260926_140413";"2026-09-26";"14:04:13";"2026-09-26 14:04:13";"269";"hpc_extreme";"HPC - Extremo";"6";"60";"5";"1";"manual";"5000";"1800";"600";"30";"1";"origin";"main";"git@github.com:CAGDOJ/PhotovoltaicFirst.git";"Belem";"-1.4537";"-48.5078";"monocrystalline";"bifacial";"30000";"0.24";"1";"0.24";"1.2";"1.2";"43";"0";"33.1";"5.6";"857.231";"580.774";"0.278746";"4856.65";"100";"1024";"1.25";"150";"75";"102.4";"12.5";"114.9";"28.725";"143.625";"1e+15";"200";"360000";"0.1";"1.8";"143.625";"143.625";"0";"0";"14362.5";"14362.5";"PHOTOVOLTAIC";"ON";"OFF"
"run_20260926_140541";"2026-09-26";"14:05:41";"2026-09-26 14:05:41";"269";"hpc_extreme";"HPC - Extremo";"6";"60";"5";"1";"manual";"5000";"1800";"600";"30";"1";"origin";"main";"git@github.com:CAGDOJ/PhotovoltaicFirst.git";"Belem";"-1.4537";"-48.5078";"monocrystalline";"bifacial";"30000";"0.24";"1";"0.24";"1.2";"1.2";"43";"0";"33.1";"5.6";"854.978";"579.248";"0.278746";"4843.88";"100";"1024";"1.25";"150";"75";"102.4";"12.5";"114.9";"28.725";"143.625";"1e+15";"200";"360000";"0.1";"1.8";"143.625";"143.625";"0";"0";"14362.5";"14362.5";"PHOTOVOLTAIC";"ON";"OFF"
"run_20260926_140542";"2026-09-26";"14:05:42";"2026-09-26 14:05:42";"269";"hpc_extreme";"HPC - Extremo";"6";"60";"5";"1";"manual";"5000";"1800";"600";"30";"1";"origin";"main";"git@github.com:CAGDOJ/PhotovoltaicFirst.git";"Belem";"-1.4537";"-48.5078";"monocrystalline";"bifacial";"30000";"0.24";"1";"0.24";"1.2";"1.2";"43";"0";"33.1";"5.6";"854.978";"579.248";"0.278746";"4843.88";"100";"1024";"1.25";"150";"75";"102.4";"12.5";"114.9";"28.725";"143.625";"1e+15";"200";"360000";"0.1";"1.8";"143.625";"143.625";"0";"0";"14362.5";"14362.5";"PHOTOVOLTAIC";"ON";"OFF"
"run_20260926_140544";"2026-09-26";"14:05:44";"2026-09-26 14:05:44";"269";"hpc_extreme";"HPC - Extremo";"6";"60";"5";"1";"manual";"5000";"1800";"600";"30";"1";"origin";"main";"git@github.com:CAGDOJ/PhotovoltaicFirst.git";"Belem";"-1.4537";"-48.5078";"monocrystalline";"bifacial";"30000";"0.24";"1";"0.24";"1.2";"1.2";"43";"0";"33.1";"5.6";"854.978";"579.248";"0.278746";"4843.88";"100";"1024";"1.25";"150";"75";"102.4";"12.5";"114.9";"28.725";"143.625";"1e+15";"200";"360000";"0.1";"1.8";"143.625";"143.625";"0";"0";"14362.5";"14362.5";"PHOTOVOLTAIC";"ON";"OFF"
"run_20260926_140710";"2026-09-26";"14:07:10";"2026-09-26 14:07:10";"269";"hpc_extreme";"HPC - Extremo";"6";"60";"5";"1";"manual";"5000";"1800";"600";"30";"1";"origin";"main";"git@github.com:CAGDOJ/PhotovoltaicFirst.git";"Belem";"-1.4537";"-48.5078";"monocrystalline";"bifacial";"30000";"0.24";"1";"0.24";"1.2";"1.2";"43";"0";"33.1";"5.6";"850.424";"576.162";"0.278746";"4818.08";"100";"1024";"1.25";"150";"75";"102.4";"12.5";"114.9";"28.725";"143.625";"1e+15";"200";"360000";"0.1";"1.8";"143.625";"143.625";"0";"0";"14362.5";"14362.5";"PHOTOVOLTAIC";"ON";"OFF"
"run_20260926_140712";"2026-09-26";"14:07:12";"2026-09-26 14:07:12";"269";"hpc_extreme";"HPC - Extremo";"6";"60";"5";"1";"manual";"5000";"1800";"600";"30";"1";"origin";"main";"git@github.com:CAGDOJ/PhotovoltaicFirst.git";"Belem";"-1.4537";"-48.5078";"monocrystalline";"bifacial";"30000";"0.24";"1";"0.24";"1.2";"1.2";"43";"0";"33.1";"5.6";"850.424";"576.162";"0.278746";"4818.08";"100";"1024";"1.25";"150";"75";"102.4";"12.5";"114.9";"28.725";"143.625";"1e+15";"200";"360000";"0.1";"1.8";"143.625";"143.625";"0";"0";"14362.5";"14362.5";"PHOTOVOLTAIC";"ON";"OFF"
"run_20260926_140716";"2026-09-26";"14:07:16";"2026-09-26 14:07:16";"269";"hpc_extreme";"HPC - Extremo";"6";"60";"5";"1";"manual";"5000";"1800";"600";"30";"1";"origin";"main";"git@github.com:CAGDOJ/PhotovoltaicFirst.git";"Belem";"-1.4537";"-48.5078";"monocrystalline";"bifacial";"30000";"0.24";"1";"0.24";"1.2";"1.2";"43";"0";"33.1";"5.6";"850.424";"576.162";"0.278746";"4818.08";"100";"1024";"1.25";"150";"75";"102.4";"12.5";"114.9";"28.725";"143.625";"1e+15";"200";"360000";"0.1";"1.8";"143.625";"143.625";"0";"0";"14362.5";"14362.5";"PHOTOVOLTAIC";"ON";"OFF"
"run_20260926_140839";"2026-09-26";"14:08:39";"2026-09-26 14:08:39";"269";"hpc_extreme";"HPC - Extremo";"6";"60";"5";"1";"manual";"5000";"1800";"600";"30";"1";"origin";"main";"git@github.com:CAGDOJ/PhotovoltaicFirst.git";"Belem";"-1.4537";"-48.5078";"monocrystalline";"bifacial";"30000";"0.24";"1";"0.24";"1.2";"1.2";"43";"0";"33.1";"5.6";"848.122";"574.603";"0.278746";"4805.04";"100";"1024";"1.25";"150";"75";"102.4";"12.5";"114.9";"28.725";"143.625";"1e+15";"200";"360000";"0.1";"1.8";"143.625";"143.625";"0";"0";"14362.5";"14362.5";"PHOTOVOLTAIC";"ON";"OFF"
"run_20260926_140843";"2026-09-26";"14:08:43";"2026-09-26 14:08:43";"269";"hpc_extreme";"HPC - Extremo";"6";"60";"5";"1";"manual";"5000";"1800";"600";"30";"1";"origin";"main";"git@github.com:CAGDOJ/PhotovoltaicFirst.git";"Belem";"-1.4537";"-48.5078";"monocrystalline";"bifacial";"30000";"0.24";"1";"0.24";"1.2";"1.2";"43";"0";"33.1";"5.6";"848.122";"574.603";"0.278746";"4805.04";"100";"1024";"1.25";"150";"75";"102.4";"12.5";"114.9";"28.725";"143.625";"1e+15";"200";"360000";"0.1";"1.8";"143.625";"143.625";"0";"0";"14362.5";"14362.5";"PHOTOVOLTAIC";"ON";"OFF"
"run_20260926_140846";"2026-09-26";"14:08:46";"2026-09-26 14:08:46";"269";"hpc_extreme";"HPC - Extremo";"6";"60";"5";"1";"manual";"5000";"1800";"600";"30";"1";"origin";"main";"git@github.com:CAGDOJ/PhotovoltaicFirst.git";"Belem";"-1.4537";"-48.5078";"monocrystalline";"bifacial";"30000";"0.24";"1";"0.24";"1.2";"1.2";"43";"0";"33.1";"5.6";"848.122";"574.603";"0.278746";"4805.04";"100";"1024";"1.25";"150";"75";"102.4";"12.5";"114.9";"28.725";"143.625";"1e+15";"200";"360000";"0.1";"1.8";"143.625";"143.625";"0";"0";"14362.5";"14362.5";"PHOTOVOLTAIC";"ON";"OFF"
"run_20260926_141009";"2026-09-26";"14:10:09";"2026-09-26 14:10:09";"269";"hpc_extreme";"HPC - Extremo";"6";"60";"5";"1";"manual";"5000";"1800";"600";"30";"1";"origin";"main";"git@github.com:CAGDOJ/PhotovoltaicFirst.git";"Belem";"-1.4537";"-48.5078";"monocrystalline";"bifacial";"30000";"0.24";"1";"0.24";"1.2";"1.2";"43";"0";"33.1";"5.6";"843.47";"571.451";"0.278746";"4778.68";"100";"1024";"1.25";"150";"75";"102.4";"12.5";"114.9";"28.725";"143.625";"1e+15";"200";"360000";"0.1";"1.8";"143.625";"143.625";"0";"0";"14362.5";"14362.5";"PHOTOVOLTAIC";"ON";"OFF"
"run_20260926_141014";"2026-09-26";"14:10:14";"2026-09-26 14:10:14";"269";"hpc_extreme";"HPC - Extremo";"6";"60";"5";"1";"manual";"5000";"1800";"600";"30";"1";"origin";"main";"git@github.com:CAGDOJ/PhotovoltaicFirst.git";"Belem";"-1.4537";"-48.5078";"monocrystalline";"bifacial";"30000";"0.24";"1";"0.24";"1.2";"1.2";"43";"0";"33.1";"5.6";"843.47";"571.451";"0.278746";"4778.68";"100";"1024";"1.25";"150";"75";"102.4";"12.5";"114.9";"28.725";"143.625";"1e+15";"200";"360000";"0.1";"1.8";"143.625";"143.625";"0";"0";"14362.5";"14362.5";"PHOTOVOLTAIC";"ON";"OFF"
"run_20260926_141016";"2026-09-26";"14:10:16";"2026-09-26 14:10:16";"269";"hpc_extreme";"HPC - Extremo";"6";"60";"5";"1";"manual";"5000";"1800";"600";"30";"1";"origin";"main";"git@github.com:CAGDOJ/PhotovoltaicFirst.git";"Belem";"-1.4537";"-48.5078";"monocrystalline";"bifacial";"30000";"0.24";"1";"0.24";"1.2";"1.2";"43";"0";"33.1";"5.6";"843.47";"571.451";"0.278746";"4778.68";"100";"1024";"1.25";"150";"75";"102.4";"12.5";"114.9";"28.725";"143.625";"1e+15";"200";"360000";"0.1";"1.8";"143.625";"143.625";"0";"0";"14362.5";"14362.5";"PHOTOVOLTAIC";"ON";"OFF"
"run_20260926_141139";"2026-09-26";"14:11:39";"2026-09-26 14:11:39";"269";"hpc_extreme";"HPC - Extremo";"6";"60";"5";"1";"manual";"5000";"1800";"600";"30";"1";"origin";"main";"git@github.com:CAGDOJ/PhotovoltaicFirst.git";"Belem";"-1.4537";"-48.5078";"monocrystalline";"bifacial";"30000";"0.24";"1";"0.24";"1.2";"1.2";"43";"0";"33.1";"5.6";"841.12";"569.859";"0.278746";"4765.37";"100";"1024";"1.25";"150";"75";"102.4";"12.5";"114.9";"28.725";"143.625";"1e+15";"200";"360000";"0.1";"1.8";"143.625";"143.625";"0";"0";"14362.5";"14362.5";"PHOTOVOLTAIC";"ON";"OFF"
"run_20260926_141142";"2026-09-26";"14:11:42";"2026-09-26 14:11:42";"269";"hpc_extreme";"HPC - Extremo";"6";"60";"5";"1";"manual";"5000";"1800";"600";"30";"1";"origin";"main";"git@github.com:CAGDOJ/PhotovoltaicFirst.git";"Belem";"-1.4537";"-48.5078";"monocrystalline";"bifacial";"30000";"0.24";"1";"0.24";"1.2";"1.2";"43";"0";"33.1";"5.6";"841.12";"569.859";"0.278746";"4765.37";"100";"1024";"1.25";"150";"75";"102.4";"12.5";"114.9";"28.725";"143.625";"1e+15";"200";"360000";"0.1";"1.8";"143.625";"143.625";"0";"0";"14362.5";"14362.5";"PHOTOVOLTAIC";"ON";"OFF"
"run_20260926_141309";"2026-09-26";"14:13:09";"2026-09-26 14:13:09";"269";"hpc_extreme";"HPC - Extremo";"6";"60";"5";"1";"manual";"5000";"1800";"600";"30";"1";"origin";"main";"git@github.com:CAGDOJ/PhotovoltaicFirst.git";"Belem";"-1.4537";"-48.5078";"monocrystalline";"bifacial";"30000";"0.24";"1";"0.24";"1.2";"1.2";"43";"0";"33.1";"5.6";"836.373";"566.642";"0.278746";"4738.47";"100";"1024";"1.25";"150";"75";"102.4";"12.5";"114.9";"28.725";"143.625";"1e+15";"200";"360000";"0.1";"1.8";"143.625";"143.625";"0";"0";"14362.5";"14362.5";"PHOTOVOLTAIC";"ON";"OFF"
"run_20260926_141311";"2026-09-26";"14:13:11";"2026-09-26 14:13:11";"269";"hpc_extreme";"HPC - Extremo";"6";"60";"5";"1";"manual";"5000";"1800";"600";"30";"1";"origin";"main";"git@github.com:CAGDOJ/PhotovoltaicFirst.git";"Belem";"-1.4537";"-48.5078";"monocrystalline";"bifacial";"30000";"0.24";"1";"0.24";"1.2";"1.2";"43";"0";"33.1";"5.6";"836.373";"566.642";"0.278746";"4738.47";"100";"1024";"1.25";"150";"75";"102.4";"12.5";"114.9";"28.725";"143.625";"1e+15";"200";"360000";"0.1";"1.8";"143.625";"143.625";"0";"0";"14362.5";"14362.5";"PHOTOVOLTAIC";"ON";"OFF"
"run_20260926_141314";"2026-09-26";"14:13:14";"2026-09-26 14:13:14";"269";"hpc_extreme";"HPC - Extremo";"6";"60";"5";"1";"manual";"5000";"1800";"600";"30";"1";"origin";"main";"git@github.com:CAGDOJ/PhotovoltaicFirst.git";"Belem";"-1.4537";"-48.5078";"monocrystalline";"bifacial";"30000";"0.24";"1";"0.24";"1.2";"1.2";"43";"0";"33.1";"5.6";"836.373";"566.642";"0.278746";"4738.47";"100";"1024";"1.25";"150";"75";"102.4";"12.5";"114.9";"28.725";"143.625";"1e+15";"200";"360000";"0.1";"1.8";"143.625";"143.625";"0";"0";"14362.5";"14362.5";"PHOTOVOLTAIC";"ON";"OFF"
"run_20260926_141438";"2026-09-26";"14:14:38";"2026-09-26 14:14:38";"269";"hpc_extreme";"HPC - Extremo";"6";"60";"5";"1";"manual";"5000";"1800";"600";"30";"1";"origin";"main";"git@github.com:CAGDOJ/PhotovoltaicFirst.git";"Belem";"-1.4537";"-48.5078";"monocrystalline";"bifacial";"30000";"0.24";"1";"0.24";"1.2";"1.2";"43";"0";"33.1";"5.6";"833.975";"565.018";"0.278746";"4724.89";"100";"1024";"1.25";"150";"75";"102.4";"12.5";"114.9";"28.725";"143.625";"1e+15";"200";"360000";"0.1";"1.8";"143.625";"143.625";"0";"0";"14362.5";"14362.5";"PHOTOVOLTAIC";"ON";"OFF"
"run_20260926_141443";"2026-09-26";"14:14:43";"2026-09-26 14:14:43";"269";"hpc_extreme";"HPC - Extremo";"6";"60";"5";"1";"manual";"5000";"1800";"600";"30";"1";"origin";"main";"git@github.com:CAGDOJ/PhotovoltaicFirst.git";"Belem";"-1.4537";"-48.5078";"monocrystalline";"bifacial";"30000";"0.24";"1";"0.24";"1.2";"1.2";"43";"0";"33.1";"5.6";"833.975";"565.018";"0.278746";"4724.89";"100";"1024";"1.25";"150";"75";"102.4";"12.5";"114.9";"28.725";"143.625";"1e+15";"200";"360000";"0.1";"1.8";"143.625";"143.625";"0";"0";"14362.5";"14362.5";"PHOTOVOLTAIC";"ON";"OFF"
"run_20260926_141444";"2026-09-26";"14:14:44";"2026-09-26 14:14:44";"269";"hpc_extreme";"HPC - Extremo";"6";"60";"5";"1";"manual";"5000";"1800";"600";"30";"1";"origin";"main";"git@github.com:CAGDOJ/PhotovoltaicFirst.git";"Belem";"-1.4537";"-48.5078";"monocrystalline";"bifacial";"30000";"0.24";"1";"0.24";"1.2";"1.2";"43";"0";"33.1";"5.6";"833.975";"565.018";"0.278746";"4724.89";"100";"1024";"1.25";"150";"75";"102.4";"12.5";"114.9";"28.725";"143.625";"1e+15";"200";"360000";"0.1";"1.8";"143.625";"143.625";"0";"0";"14362.5";"14362.5";"PHOTOVOLTAIC";"ON";"OFF"
"run_20260926_141607";"2026-09-26";"14:16:07";"2026-09-26 14:16:07";"269";"hpc_extreme";"HPC - Extremo";"6";"60";"5";"1";"manual";"5000";"1800";"600";"30";"1";"origin";"main";"git@github.com:CAGDOJ/PhotovoltaicFirst.git";"Belem";"-1.4537";"-48.5078";"monocrystalline";"bifacial";"30000";"0.24";"1";"0.24";"1.2";"1.2";"50";"0.3";"32.7";"7";"829.132";"492.297";"0.279578";"4129.06";"100";"1024";"1.25";"150";"75";"102.4";"12.5";"114.9";"28.725";"143.625";"1e+15";"200";"360000";"0.1";"1.8";"143.625";"143.625";"0";"0";"14362.5";"14362.5";"PHOTOVOLTAIC";"ON";"OFF"
"run_20260926_141608";"2026-09-26";"14:16:08";"2026-09-26 14:16:08";"269";"hpc_extreme";"HPC - Extremo";"6";"60";"5";"1";"manual";"5000";"1800";"600";"30";"1";"origin";"main";"git@github.com:CAGDOJ/PhotovoltaicFirst.git";"Belem";"-1.4537";"-48.5078";"monocrystalline";"bifacial";"30000";"0.24";"1";"0.24";"1.2";"1.2";"50";"0.3";"32.7";"7";"829.132";"492.297";"0.279578";"4129.06";"100";"1024";"1.25";"150";"75";"102.4";"12.5";"114.9";"28.725";"143.625";"1e+15";"200";"360000";"0.1";"1.8";"143.625";"143.625";"0";"0";"14362.5";"14362.5";"PHOTOVOLTAIC";"ON";"OFF"
"run_20260926_141614";"2026-09-26";"14:16:14";"2026-09-26 14:16:14";"269";"hpc_extreme";"HPC - Extremo";"6";"60";"5";"1";"manual";"5000";"1800";"600";"30";"1";"origin";"main";"git@github.com:CAGDOJ/PhotovoltaicFirst.git";"Belem";"-1.4537";"-48.5078";"monocrystalline";"bifacial";"30000";"0.24";"1";"0.24";"1.2";"1.2";"50";"0.3";"32.7";"7";"829.132";"492.297";"0.279578";"4129.06";"100";"1024";"1.25";"150";"75";"102.4";"12.5";"114.9";"28.725";"143.625";"1e+15";"200";"360000";"0.1";"1.8";"143.625";"143.625";"0";"0";"14362.5";"14362.5";"PHOTOVOLTAIC";"ON";"OFF"
"run_20260926_141737";"2026-09-26";"14:17:37";"2026-09-26 14:17:37";"269";"hpc_extreme";"HPC - Extremo";"6";"60";"5";"1";"manual";"5000";"1800";"600";"30";"1";"origin";"main";"git@github.com:CAGDOJ/PhotovoltaicFirst.git";"Belem";"-1.4537";"-48.5078";"monocrystalline";"bifacial";"30000";"0.24";"1";"0.24";"1.2";"1.2";"50";"0.3";"32.7";"7";"826.687";"490.845";"0.279578";"4116.88";"100";"1024";"1.25";"150";"75";"102.4";"12.5";"114.9";"28.725";"143.625";"1e+15";"200";"360000";"0.1";"1.8";"143.625";"143.625";"0";"0";"14362.5";"14362.5";"PHOTOVOLTAIC";"ON";"OFF"
"run_20260926_141740";"2026-09-26";"14:17:40";"2026-09-26 14:17:40";"269";"hpc_extreme";"HPC - Extremo";"6";"60";"5";"1";"manual";"5000";"1800";"600";"30";"1";"origin";"main";"git@github.com:CAGDOJ/PhotovoltaicFirst.git";"Belem";"-1.4537";"-48.5078";"monocrystalline";"bifacial";"30000";"0.24";"1";"0.24";"1.2";"1.2";"50";"0.3";"32.7";"7";"826.687";"490.845";"0.279578";"4116.88";"100";"1024";"1.25";"150";"75";"102.4";"12.5";"114.9";"28.725";"143.625";"1e+15";"200";"360000";"0.1";"1.8";"143.625";"143.625";"0";"0";"14362.5";"14362.5";"PHOTOVOLTAIC";"ON";"OFF"
"run_20260926_141903";"2026-09-26";"14:19:03";"2026-09-26 14:19:03";"269";"hpc_extreme";"HPC - Extremo";"6";"60";"5";"1";"manual";"5000";"1800";"600";"30";"1";"origin";"main";"git@github.com:CAGDOJ/PhotovoltaicFirst.git";"Belem";"-1.4537";"-48.5078";"monocrystalline";"bifacial";"30000";"0.24";"1";"0.24";"1.2";"1.2";"50";"0.3";"32.7";"7";"821.749";"487.914";"0.279578";"4092.29";"100";"1024";"1.25";"150";"75";"102.4";"12.5";"114.9";"28.725";"143.625";"1e+15";"200";"360000";"0.1";"1.8";"143.625";"143.625";"0";"0";"14362.5";"14362.5";"PHOTOVOLTAIC";"ON";"OFF"
"run_20260926_141904";"2026-09-26";"14:19:04";"2026-09-26 14:19:04";"269";"hpc_extreme";"HPC - Extremo";"6";"60";"5";"1";"manual";"5000";"1800";"600";"30";"1";"origin";"main";"git@github.com:CAGDOJ/PhotovoltaicFirst.git";"Belem";"-1.4537";"-48.5078";"monocrystalline";"bifacial";"30000";"0.24";"1";"0.24";"1.2";"1.2";"50";"0.3";"32.7";"7";"821.749";"487.914";"0.279578";"4092.29";"100";"1024";"1.25";"150";"75";"102.4";"12.5";"114.9";"28.725";"143.625";"1e+15";"200";"360000";"0.1";"1.8";"143.625";"143.625";"0";"0";"14362.5";"14362.5";"PHOTOVOLTAIC";"ON";"OFF"
"run_20260926_142021";"2026-09-26";"14:20:21";"2026-09-26 14:20:21";"269";"hpc_extreme";"HPC - Extremo";"6";"60";"5";"1";"manual";"5000";"1800";"600";"30";"1";"origin";"main";"git@github.com:CAGDOJ/PhotovoltaicFirst.git";"Belem";"-1.4537";"-48.5078";"monocrystalline";"bifacial";"30000";"0.24";"1";"0.24";"1.2";"1.2";"50";"0.3";"32.7";"7";"819.257";"486.434";"0.279578";"4079.88";"100";"1024";"1.25";"150";"75";"102.4";"12.5";"114.9";"28.725";"143.625";"1e+15";"200";"360000";"0.1";"1.8";"143.625";"143.625";"0";"0";"14362.5";"14362.5";"PHOTOVOLTAIC";"ON";"OFF"
"run_20260926_142023";"2026-09-26";"14:20:23";"2026-09-26 14:20:23";"269";"hpc_extreme";"HPC - Extremo";"6";"60";"5";"1";"manual";"5000";"1800";"600";"30";"1";"origin";"main";"git@github.com:CAGDOJ/PhotovoltaicFirst.git";"Belem";"-1.4537";"-48.5078";"monocrystalline";"bifacial";"30000";"0.24";"1";"0.24";"1.2";"1.2";"50";"0.3";"32.7";"7";"819.257";"486.434";"0.279578";"4079.88";"100";"1024";"1.25";"150";"75";"102.4";"12.5";"114.9";"28.725";"143.625";"1e+15";"200";"360000";"0.1";"1.8";"143.625";"143.625";"0";"0";"14362.5";"14362.5";"PHOTOVOLTAIC";"ON";"OFF"
"run_20260926_142025";"2026-09-26";"14:20:25";"2026-09-26 14:20:25";"269";"hpc_extreme";"HPC - Extremo";"6";"60";"5";"1";"manual";"5000";"1800";"600";"30";"1";"origin";"main";"git@github.com:CAGDOJ/PhotovoltaicFirst.git";"Belem";"-1.4537";"-48.5078";"monocrystalline";"bifacial";"30000";"0.24";"1";"0.24";"1.2";"1.2";"50";"0.3";"32.7";"7";"819.257";"486.434";"0.279578";"4079.88";"100";"1024";"1.25";"150";"75";"102.4";"12.5";"114.9";"28.725";"143.625";"1e+15";"200";"360000";"0.1";"1.8";"143.625";"143.625";"0";"0";"14362.5";"14362.5";"PHOTOVOLTAIC";"ON";"OFF"
"run_20260926_142143";"2026-09-26";"14:21:43";"2026-09-26 14:21:43";"269";"hpc_extreme";"HPC - Extremo";"6";"60";"5";"1";"manual";"5000";"1800";"600";"30";"1";"origin";"main";"git@github.com:CAGDOJ/PhotovoltaicFirst.git";"Belem";"-1.4537";"-48.5078";"monocrystalline";"bifacial";"30000";"0.24";"1";"0.24";"1.2";"1.2";"50";"0.3";"32.7";"7";"816.749";"484.945";"0.279578";"4067.39";"100";"1024";"1.25";"150";"75";"102.4";"12.5";"114.9";"28.725";"143.625";"1e+15";"200";"360000";"0.1";"1.8";"143.625";"143.625";"0";"0";"14362.5";"14362.5";"PHOTOVOLTAIC";"ON";"OFF"
"run_20260926_142146";"2026-09-26";"14:21:46";"2026-09-26 14:21:46";"269";"hpc_extreme";"HPC - Extremo";"6";"60";"5";"1";"manual";"5000";"1800";"600";"30";"1";"origin";"main";"git@github.com:CAGDOJ/PhotovoltaicFirst.git";"Belem";"-1.4537";"-48.5078";"monocrystalline";"bifacial";"30000";"0.24";"1";"0.24";"1.2";"1.2";"50";"0.3";"32.7";"7";"816.749";"484.945";"0.279578";"4067.39";"100";"1024";"1.25";"150";"75";"102.4";"12.5";"114.9";"28.725";"143.625";"1e+15";"200";"360000";"0.1";"1.8";"143.625";"143.625";"0";"0";"14362.5";"14362.5";"PHOTOVOLTAIC";"ON";"OFF"
"run_20260926_142303";"2026-09-26";"14:23:03";"2026-09-26 14:23:03";"269";"hpc_extreme";"HPC - Extremo";"6";"60";"5";"1";"manual";"5000";"1800";"600";"30";"1";"origin";"main";"git@github.com:CAGDOJ/PhotovoltaicFirst.git";"Belem";"-1.4537";"-48.5078";"monocrystalline";"bifacial";"30000";"0.24";"1";"0.24";"1.2";"1.2";"50";"0.3";"32.7";"7";"811.687";"481.939";"0.279578";"4042.18";"100";"1024";"1.25";"150";"75";"102.4";"12.5";"114.9";"28.725";"143.625";"1e+15";"200";"360000";"0.1";"1.8";"143.625";"143.625";"0";"0";"14362.5";"14362.5";"PHOTOVOLTAIC";"ON";"OFF"
"run_20260926_142304";"2026-09-26";"14:23:04";"2026-09-26 14:23:04";"269";"hpc_extreme";"HPC - Extremo";"6";"60";"5";"1";"manual";"5000";"1800";"600";"30";"1";"origin";"main";"git@github.com:CAGDOJ/PhotovoltaicFirst.git";"Belem";"-1.4537";"-48.5078";"monocrystalline";"bifacial";"30000";"0.24";"1";"0.24";"1.2";"1.2";"50";"0.3";"32.7";"7";"811.687";"481.939";"0.279578";"4042.18";"100";"1024";"1.25";"150";"75";"102.4";"12.5";"114.9";"28.725";"143.625";"1e+15";"200";"360000";"0.1";"1.8";"143.625";"143.625";"0";"0";"14362.5";"14362.5";"PHOTOVOLTAIC";"ON";"OFF"
"run_20260926_142420";"2026-09-26";"14:24:20";"2026-09-26 14:24:20";"269";"hpc_extreme";"HPC - Extremo";"6";"60";"5";"1";"manual";"5000";"1800";"600";"30";"1";"origin";"main";"git@github.com:CAGDOJ/PhotovoltaicFirst.git";"Belem";"-1.4537";"-48.5078";"monocrystalline";"bifacial";"30000";"0.24";"1";"0.24";"1.2";"1.2";"50";"0.3";"32.7";"7";"809.133";"480.423";"0.279578";"4029.46";"100";"1024";"1.25";"150";"75";"102.4";"12.5";"114.9";"28.725";"143.625";"1e+15";"200";"360000";"0.1";"1.8";"143.625";"143.625";"0";"0";"14362.5";"14362.5";"PHOTOVOLTAIC";"ON";"OFF"
"run_20260926_142421";"2026-09-26";"14:24:21";"2026-09-26 14:24:21";"269";"hpc_extreme";"HPC - Extremo";"6";"60";"5";"1";"manual";"5000";"1800";"600";"30";"1";"origin";"main";"git@github.com:CAGDOJ/PhotovoltaicFirst.git";"Belem";"-1.4537";"-48.5078";"monocrystalline";"bifacial";"30000";"0.24";"1";"0.24";"1.2";"1.2";"50";"0.3";"32.7";"7";"809.133";"480.423";"0.279578";"4029.46";"100";"1024";"1.25";"150";"75";"102.4";"12.5";"114.9";"28.725";"143.625";"1e+15";"200";"360000";"0.1";"1.8";"143.625";"143.625";"0";"0";"14362.5";"14362.5";"PHOTOVOLTAIC";"ON";"OFF"
"run_20260926_142433";"2026-09-26";"14:24:33";"2026-09-26 14:24:33";"269";"hpc_extreme";"HPC - Extremo";"6";"60";"5";"1";"manual";"5000";"1800";"600";"30";"1";"origin";"main";"git@github.com:CAGDOJ/PhotovoltaicFirst.git";"Belem";"-1.4537";"-48.5078";"monocrystalline";"bifacial";"30000";"0.24";"1";"0.24";"1.2";"1.2";"50";"0.3";"32.7";"7";"809.133";"480.423";"0.279578";"4029.46";"100";"1024";"1.25";"150";"75";"102.4";"12.5";"114.9";"28.725";"143.625";"1e+15";"200";"360000";"0.1";"1.8";"143.625";"143.625";"0";"0";"14362.5";"14362.5";"PHOTOVOLTAIC";"ON";"OFF"
"run_20260926_142539";"2026-09-26";"14:25:39";"2026-09-26 14:25:39";"269";"hpc_extreme";"HPC - Extremo";"6";"60";"5";"1";"manual";"5000";"1800";"600";"30";"1";"origin";"main";"git@github.com:CAGDOJ/PhotovoltaicFirst.git";"Belem";"-1.4537";"-48.5078";"monocrystalline";"bifacial";"30000";"0.24";"1";"0.24";"1.2";"1.2";"50";"0.3";"32.7";"7";"806.563";"478.897";"0.279578";"4016.67";"100";"1024";"1.25";"150";"75";"102.4";"12.5";"114.9";"28.725";"143.625";"1e+15";"200";"360000";"0.1";"1.8";"143.625";"143.625";"0";"0";"14362.5";"14362.5";"PHOTOVOLTAIC";"ON";"OFF"
"run_20260926_142540";"2026-09-26";"14:25:40";"2026-09-26 14:25:40";"269";"hpc_extreme";"HPC - Extremo";"6";"60";"5";"1";"manual";"5000";"1800";"600";"30";"1";"origin";"main";"git@github.com:CAGDOJ/PhotovoltaicFirst.git";"Belem";"-1.4537";"-48.5078";"monocrystalline";"bifacial";"30000";"0.24";"1";"0.24";"1.2";"1.2";"50";"0.3";"32.7";"7";"806.563";"478.897";"0.279578";"4016.67";"100";"1024";"1.25";"150";"75";"102.4";"12.5";"114.9";"28.725";"143.625";"1e+15";"200";"360000";"0.1";"1.8";"143.625";"143.625";"0";"0";"14362.5";"14362.5";"PHOTOVOLTAIC";"ON";"OFF"
"run_20260926_142549";"2026-09-26";"14:25:49";"2026-09-26 14:25:49";"269";"hpc_extreme";"HPC - Extremo";"6";"60";"5";"1";"manual";"5000";"1800";"600";"30";"1";"origin";"main";"git@github.com:CAGDOJ/PhotovoltaicFirst.git";"Belem";"-1.4537";"-48.5078";"monocrystalline";"bifacial";"30000";"0.24";"1";"0.24";"1.2";"1.2";"50";"0.3";"32.7";"7";"806.563";"478.897";"0.279578";"4016.67";"100";"1024";"1.25";"150";"75";"102.4";"12.5";"114.9";"28.725";"143.625";"1e+15";"200";"360000";"0.1";"1.8";"143.625";"143.625";"0";"0";"14362.5";"14362.5";"PHOTOVOLTAIC";"ON";"OFF"
"run_20260926_142657";"2026-09-26";"14:26:57";"2026-09-26 14:26:57";"269";"hpc_extreme";"HPC - Extremo";"6";"60";"5";"1";"manual";"5000";"1800";"600";"30";"1";"origin";"main";"git@github.com:CAGDOJ/PhotovoltaicFirst.git";"Belem";"-1.4537";"-48.5078";"monocrystalline";"bifacial";"30000";"0.24";"1";"0.24";"1.2";"1.2";"50";"0.3";"32.7";"7";"803.978";"477.362";"0.279578";"4003.79";"100";"1024";"1.25";"150";"75";"102.4";"12.5";"114.9";"28.725";"143.625";"1e+15";"200";"360000";"0.1";"1.8";"143.625";"143.625";"0";"0";"14362.5";"14362.5";"PHOTOVOLTAIC";"ON";"OFF"
"run_20260926_142659";"2026-09-26";"14:26:59";"2026-09-26 14:26:59";"269";"hpc_extreme";"HPC - Extremo";"6";"60";"5";"1";"manual";"5000";"1800";"600";"30";"1";"origin";"main";"git@github.com:CAGDOJ/PhotovoltaicFirst.git";"Belem";"-1.4537";"-48.5078";"monocrystalline";"bifacial";"30000";"0.24";"1";"0.24";"1.2";"1.2";"50";"0.3";"32.7";"7";"803.978";"477.362";"0.279578";"4003.79";"100";"1024";"1.25";"150";"75";"102.4";"12.5";"114.9";"28.725";"143.625";"1e+15";"200";"360000";"0.1";"1.8";"143.625";"143.625";"0";"0";"14362.5";"14362.5";"PHOTOVOLTAIC";"ON";"OFF"
"run_20260926_142708";"2026-09-26";"14:27:08";"2026-09-26 14:27:08";"269";"hpc_extreme";"HPC - Extremo";"6";"60";"5";"1";"manual";"5000";"1800";"600";"30";"1";"origin";"main";"git@github.com:CAGDOJ/PhotovoltaicFirst.git";"Belem";"-1.4537";"-48.5078";"monocrystalline";"bifacial";"30000";"0.24";"1";"0.24";"1.2";"1.2";"50";"0.3";"32.7";"7";"801.378";"475.818";"0.279578";"3990.84";"100";"1024";"1.25";"150";"75";"102.4";"12.5";"114.9";"28.725";"143.625";"1e+15";"200";"360000";"0.1";"1.8";"143.625";"143.625";"0";"0";"14362.5";"14362.5";"PHOTOVOLTAIC";"ON";"OFF"
"run_20260926_142813";"2026-09-26";"14:28:13";"2026-09-26 14:28:13";"269";"hpc_extreme";"HPC - Extremo";"6";"60";"5";"1";"manual";"5000";"1800";"600";"30";"1";"origin";"main";"git@github.com:CAGDOJ/PhotovoltaicFirst.git";"Belem";"-1.4537";"-48.5078";"monocrystalline";"bifacial";"30000";"0.24";"1";"0.24";"1.2";"1.2";"50";"0.3";"32.7";"7";"798.762";"474.265";"0.279578";"3977.82";"100";"1024";"1.25";"150";"75";"102.4";"12.5";"114.9";"28.725";"143.625";"1e+15";"200";"360000";"0.1";"1.8";"143.625";"143.625";"0";"0";"14362.5";"14362.5";"PHOTOVOLTAIC";"ON";"OFF"
"run_20260926_142814";"2026-09-26";"14:28:14";"2026-09-26 14:28:14";"269";"hpc_extreme";"HPC - Extremo";"6";"60";"5";"1";"manual";"5000";"1800";"600";"30";"1";"origin";"main";"git@github.com:CAGDOJ/PhotovoltaicFirst.git";"Belem";"-1.4537";"-48.5078";"monocrystalline";"bifacial";"30000";"0.24";"1";"0.24";"1.2";"1.2";"50";"0.3";"32.7";"7";"798.762";"474.265";"0.279578";"3977.82";"100";"1024";"1.25";"150";"75";"102.4";"12.5";"114.9";"28.725";"143.625";"1e+15";"200";"360000";"0.1";"1.8";"143.625";"143.625";"0";"0";"14362.5";"14362.5";"PHOTOVOLTAIC";"ON";"OFF"
"run_20260926_142826";"2026-09-26";"14:28:26";"2026-09-26 14:28:26";"269";"hpc_extreme";"HPC - Extremo";"6";"60";"5";"1";"manual";"5000";"1800";"600";"30";"1";"origin";"main";"git@github.com:CAGDOJ/PhotovoltaicFirst.git";"Belem";"-1.4537";"-48.5078";"monocrystalline";"bifacial";"30000";"0.24";"1";"0.24";"1.2";"1.2";"50";"0.3";"32.7";"7";"798.762";"474.265";"0.279578";"3977.82";"100";"1024";"1.25";"150";"75";"102.4";"12.5";"114.9";"28.725";"143.625";"1e+15";"200";"360000";"0.1";"1.8";"143.625";"143.625";"0";"0";"14362.5";"14362.5";"PHOTOVOLTAIC";"ON";"OFF"
"run_20260926_142931";"2026-09-26";"14:29:31";"2026-09-26 14:29:31";"269";"hpc_extreme";"HPC - Extremo";"6";"60";"5";"1";"manual";"5000";"1800";"600";"30";"1";"origin";"main";"git@github.com:CAGDOJ/PhotovoltaicFirst.git";"Belem";"-1.4537";"-48.5078";"monocrystalline";"bifacial";"30000";"0.24";"1";"0.24";"1.2";"1.2";"50";"0.3";"32.7";"7";"796.132";"472.703";"0.279578";"3964.72";"100";"1024";"1.25";"150";"75";"102.4";"12.5";"114.9";"28.725";"143.625";"1e+15";"200";"360000";"0.1";"1.8";"143.625";"143.625";"0";"0";"14362.5";"14362.5";"PHOTOVOLTAIC";"ON";"OFF"
"run_20260926_142934";"2026-09-26";"14:29:34";"2026-09-26 14:29:34";"269";"hpc_extreme";"HPC - Extremo";"6";"60";"5";"1";"manual";"5000";"1800";"600";"30";"1";"origin";"main";"git@github.com:CAGDOJ/PhotovoltaicFirst.git";"Belem";"-1.4537";"-48.5078";"monocrystalline";"bifacial";"30000";"0.24";"1";"0.24";"1.2";"1.2";"50";"0.3";"32.7";"7";"796.132";"472.703";"0.279578";"3964.72";"100";"1024";"1.25";"150";"75";"102.4";"12.5";"114.9";"28.725";"143.625";"1e+15";"200";"360000";"0.1";"1.8";"143.625";"143.625";"0";"0";"14362.5";"14362.5";"PHOTOVOLTAIC";"ON";"OFF"
"run_20260926_142945";"2026-09-26";"14:29:45";"2026-09-26 14:29:45";"269";"hpc_extreme";"HPC - Extremo";"6";"60";"5";"1";"manual";"5000";"1800";"600";"30";"1";"origin";"main";"git@github.com:CAGDOJ/PhotovoltaicFirst.git";"Belem";"-1.4537";"-48.5078";"monocrystalline";"bifacial";"30000";"0.24";"1";"0.24";"1.2";"1.2";"50";"0.3";"32.7";"7";"796.132";"472.703";"0.279578";"3964.72";"100";"1024";"1.25";"150";"75";"102.4";"12.5";"114.9";"28.725";"143.625";"1e+15";"200";"360000";"0.1";"1.8";"143.625";"143.625";"0";"0";"14362.5";"14362.5";"PHOTOVOLTAIC";"ON";"OFF"
"run_20260926_143050";"2026-09-26";"14:30:50";"2026-09-26 14:30:50";"269";"hpc_extreme";"HPC - Extremo";"6";"60";"5";"1";"manual";"5000";"1800";"600";"30";"1";"origin";"main";"git@github.com:CAGDOJ/PhotovoltaicFirst.git";"Belem";"-1.4537";"-48.5078";"monocrystalline";"bifacial";"30000";"0.24";"1";"0.24";"1.2";"1.2";"58";"0.3";"32.2";"8.9";"793.486";"425.903";"0.280653";"3585.93";"100";"1024";"1.25";"150";"75";"102.4";"12.5";"114.9";"28.725";"143.625";"1e+15";"200";"360000";"0.1";"1.8";"143.625";"143.625";"0";"0";"14362.5";"14362.5";"PHOTOVOLTAIC";"ON";"OFF"
"run_20260926_143051";"2026-09-26";"14:30:51";"2026-09-26 14:30:51";"269";"hpc_extreme";"HPC - Extremo";"6";"60";"5";"1";"manual";"5000";"1800";"600";"30";"1";"origin";"main";"git@github.com:CAGDOJ/PhotovoltaicFirst.git";"Belem";"-1.4537";"-48.5078";"monocrystalline";"bifacial";"30000";"0.24";"1";"0.24";"1.2";"1.2";"58";"0.3";"32.2";"8.9";"793.486";"425.903";"0.280653";"3585.93";"100";"1024";"1.25";"150";"75";"102.4";"12.5";"114.9";"28.725";"143.625";"1e+15";"200";"360000";"0.1";"1.8";"143.625";"143.625";"0";"0";"14362.5";"14362.5";"PHOTOVOLTAIC";"ON";"OFF"
"run_20260926_143106";"2026-09-26";"14:31:06";"2026-09-26 14:31:06";"269";"hpc_extreme";"HPC - Extremo";"6";"60";"5";"1";"manual";"5000";"1800";"600";"30";"1";"origin";"main";"git@github.com:CAGDOJ/PhotovoltaicFirst.git";"Belem";"-1.4537";"-48.5078";"monocrystalline";"bifacial";"30000";"0.24";"1";"0.24";"1.2";"1.2";"58";"0.3";"32.2";"8.9";"790.825";"424.475";"0.280653";"3573.91";"100";"1024";"1.25";"150";"75";"102.4";"12.5";"114.9";"28.725";"143.625";"1e+15";"200";"360000";"0.1";"1.8";"143.625";"143.625";"0";"0";"14362.5";"14362.5";"PHOTOVOLTAIC";"ON";"OFF"
"run_20260926_143209";"2026-09-26";"14:32:09";"2026-09-26 14:32:09";"269";"hpc_extreme";"HPC - Extremo";"6";"60";"5";"1";"manual";"5000";"1800";"600";"30";"1";"origin";"main";"git@github.com:CAGDOJ/PhotovoltaicFirst.git";"Belem";"-1.4537";"-48.5078";"monocrystalline";"bifacial";"30000";"0.24";"1";"0.24";"1.2";"1.2";"58";"0.3";"32.2";"8.9";"788.149";"423.039";"0.280653";"3561.81";"100";"1024";"1.25";"150";"75";"102.4";"12.5";"114.9";"28.725";"143.625";"1e+15";"200";"360000";"0.1";"1.8";"143.625";"143.625";"0";"0";"14362.5";"14362.5";"PHOTOVOLTAIC";"ON";"OFF"
"run_20260926_143211";"2026-09-26";"14:32:11";"2026-09-26 14:32:11";"269";"hpc_extreme";"HPC - Extremo";"6";"60";"5";"1";"manual";"5000";"1800";"600";"30";"1";"origin";"main";"git@github.com:CAGDOJ/PhotovoltaicFirst.git";"Belem";"-1.4537";"-48.5078";"monocrystalline";"bifacial";"30000";"0.24";"1";"0.24";"1.2";"1.2";"58";"0.3";"32.2";"8.9";"788.149";"423.039";"0.280653";"3561.81";"100";"1024";"1.25";"150";"75";"102.4";"12.5";"114.9";"28.725";"143.625";"1e+15";"200";"360000";"0.1";"1.8";"143.625";"143.625";"0";"0";"14362.5";"14362.5";"PHOTOVOLTAIC";"ON";"OFF"
"run_20260926_143222";"2026-09-26";"14:32:22";"2026-09-26 14:32:22";"269";"hpc_extreme";"HPC - Extremo";"6";"60";"5";"1";"manual";"5000";"1800";"600";"30";"1";"origin";"main";"git@github.com:CAGDOJ/PhotovoltaicFirst.git";"Belem";"-1.4537";"-48.5078";"monocrystalline";"bifacial";"30000";"0.24";"1";"0.24";"1.2";"1.2";"58";"0.3";"32.2";"8.9";"788.149";"423.039";"0.280653";"3561.81";"100";"1024";"1.25";"150";"75";"102.4";"12.5";"114.9";"28.725";"143.625";"1e+15";"200";"360000";"0.1";"1.8";"143.625";"143.625";"0";"0";"14362.5";"14362.5";"PHOTOVOLTAIC";"ON";"OFF"
"run_20260926_143324";"2026-09-26";"14:33:24";"2026-09-26 14:33:24";"269";"hpc_extreme";"HPC - Extremo";"6";"60";"5";"1";"manual";"5000";"1800";"600";"30";"1";"origin";"main";"git@github.com:CAGDOJ/PhotovoltaicFirst.git";"Belem";"-1.4537";"-48.5078";"monocrystalline";"bifacial";"30000";"0.24";"1";"0.24";"1.2";"1.2";"58";"0.3";"32.2";"8.9";"785.458";"421.595";"0.280653";"3549.65";"100";"1024";"1.25";"150";"75";"102.4";"12.5";"114.9";"28.725";"143.625";"1e+15";"200";"360000";"0.1";"1.8";"143.625";"143.625";"0";"0";"14362.5";"14362.5";"PHOTOVOLTAIC";"ON";"OFF"
"run_20260926_143326";"2026-09-26";"14:33:26";"2026-09-26 14:33:26";"269";"hpc_extreme";"HPC - Extremo";"6";"60";"5";"1";"manual";"5000";"1800";"600";"30";"1";"origin";"main";"git@github.com:CAGDOJ/PhotovoltaicFirst.git";"Belem";"-1.4537";"-48.5078";"monocrystalline";"bifacial";"30000";"0.24";"1";"0.24";"1.2";"1.2";"58";"0.3";"32.2";"8.9";"785.458";"421.595";"0.280653";"3549.65";"100";"1024";"1.25";"150";"75";"102.4";"12.5";"114.9";"28.725";"143.625";"1e+15";"200";"360000";"0.1";"1.8";"143.625";"143.625";"0";"0";"14362.5";"14362.5";"PHOTOVOLTAIC";"ON";"OFF"
"run_20260926_143339";"2026-09-26";"14:33:39";"2026-09-26 14:33:39";"269";"hpc_extreme";"HPC - Extremo";"6";"60";"5";"1";"manual";"5000";"1800";"600";"30";"1";"origin";"main";"git@github.com:CAGDOJ/PhotovoltaicFirst.git";"Belem";"-1.4537";"-48.5078";"monocrystalline";"bifacial";"30000";"0.24";"1";"0.24";"1.2";"1.2";"58";"0.3";"32.2";"8.9";"785.458";"421.595";"0.280653";"3549.65";"100";"1024";"1.25";"150";"75";"102.4";"12.5";"114.9";"28.725";"143.625";"1e+15";"200";"360000";"0.1";"1.8";"143.625";"143.625";"0";"0";"14362.5";"14362.5";"PHOTOVOLTAIC";"ON";"OFF"
"run_20260926_143442";"2026-09-26";"14:34:42";"2026-09-26 14:34:42";"269";"hpc_extreme";"HPC - Extremo";"6";"60";"5";"1";"manual";"5000";"1800";"600";"30";"1";"origin";"main";"git@github.com:CAGDOJ/PhotovoltaicFirst.git";"Belem";"-1.4537";"-48.5078";"monocrystalline";"bifacial";"30000";"0.24";"1";"0.24";"1.2";"1.2";"58";"0.3";"32.2";"8.9";"782.752";"420.142";"0.280653";"3537.42";"100";"1024";"1.25";"150";"75";"102.4";"12.5";"114.9";"28.725";"143.625";"1e+15";"200";"360000";"0.1";"1.8";"143.625";"143.625";"0";"0";"14362.5";"14362.5";"PHOTOVOLTAIC";"ON";"OFF"
"run_20260926_143444";"2026-09-26";"14:34:44";"2026-09-26 14:34:44";"269";"hpc_extreme";"HPC - Extremo";"6";"60";"5";"1";"manual";"5000";"1800";"600";"30";"1";"origin";"main";"git@github.com:CAGDOJ/PhotovoltaicFirst.git";"Belem";"-1.4537";"-48.5078";"monocrystalline";"bifacial";"30000";"0.24";"1";"0.24";"1.2";"1.2";"58";"0.3";"32.2";"8.9";"782.752";"420.142";"0.280653";"3537.42";"100";"1024";"1.25";"150";"75";"102.4";"12.5";"114.9";"28.725";"143.625";"1e+15";"200";"360000";"0.1";"1.8";"143.625";"143.625";"0";"0";"14362.5";"14362.5";"PHOTOVOLTAIC";"ON";"OFF"
"run_20260926_143455";"2026-09-26";"14:34:55";"2026-09-26 14:34:55";"269";"hpc_extreme";"HPC - Extremo";"6";"60";"5";"1";"manual";"5000";"1800";"600";"30";"1";"origin";"main";"git@github.com:CAGDOJ/PhotovoltaicFirst.git";"Belem";"-1.4537";"-48.5078";"monocrystalline";"bifacial";"30000";"0.24";"1";"0.24";"1.2";"1.2";"58";"0.3";"32.2";"8.9";"782.752";"420.142";"0.280653";"3537.42";"100";"1024";"1.25";"150";"75";"102.4";"12.5";"114.9";"28.725";"143.625";"1e+15";"200";"360000";"0.1";"1.8";"143.625";"143.625";"0";"0";"14362.5";"14362.5";"PHOTOVOLTAIC";"ON";"OFF"
"run_20260926_143602";"2026-09-26";"14:36:02";"2026-09-26 14:36:02";"269";"hpc_extreme";"HPC - Extremo";"6";"60";"5";"1";"manual";"5000";"1800";"600";"30";"1";"origin";"main";"git@github.com:CAGDOJ/PhotovoltaicFirst.git";"Belem";"-1.4537";"-48.5078";"monocrystalline";"bifacial";"30000";"0.24";"1";"0.24";"1.2";"1.2";"58";"0.3";"32.2";"8.9";"777.296";"417.213";"0.280653";"3512.77";"100";"1024";"1.25";"150";"75";"102.4";"12.5";"114.9";"28.725";"143.625";"1e+15";"200";"360000";"0.1";"1.8";"143.625";"143.625";"0";"0";"14362.5";"14362.5";"PHOTOVOLTAIC";"ON";"OFF"
"run_20260926_143603";"2026-09-26";"14:36:03";"2026-09-26 14:36:03";"269";"hpc_extreme";"HPC - Extremo";"6";"60";"5";"1";"manual";"5000";"1800";"600";"30";"1";"origin";"main";"git@github.com:CAGDOJ/PhotovoltaicFirst.git";"Belem";"-1.4537";"-48.5078";"monocrystalline";"bifacial";"30000";"0.24";"1";"0.24";"1.2";"1.2";"58";"0.3";"32.2";"8.9";"777.296";"417.213";"0.280653";"3512.77";"100";"1024";"1.25";"150";"75";"102.4";"12.5";"114.9";"28.725";"143.625";"1e+15";"200";"360000";"0.1";"1.8";"143.625";"143.625";"0";"0";"14362.5";"14362.5";"PHOTOVOLTAIC";"ON";"OFF"
"run_20260926_143615";"2026-09-26";"14:36:15";"2026-09-26 14:36:15";"269";"hpc_extreme";"HPC - Extremo";"6";"60";"5";"1";"manual";"5000";"1800";"600";"30";"1";"origin";"main";"git@github.com:CAGDOJ/PhotovoltaicFirst.git";"Belem";"-1.4537";"-48.5078";"monocrystalline";"bifacial";"30000";"0.24";"1";"0.24";"1.2";"1.2";"58";"0.3";"32.2";"8.9";"777.296";"417.213";"0.280653";"3512.77";"100";"1024";"1.25";"150";"75";"102.4";"12.5";"114.9";"28.725";"143.625";"1e+15";"200";"360000";"0.1";"1.8";"143.625";"143.625";"0";"0";"14362.5";"14362.5";"PHOTOVOLTAIC";"ON";"OFF"
"run_20260926_143728";"2026-09-26";"14:37:28";"2026-09-26 14:37:28";"269";"hpc_extreme";"HPC - Extremo";"6";"60";"5";"1";"manual";"5000";"1800";"600";"30";"1";"origin";"main";"git@github.com:CAGDOJ/PhotovoltaicFirst.git";"Belem";"-1.4537";"-48.5078";"monocrystalline";"bifacial";"30000";"0.24";"1";"0.24";"1.2";"1.2";"58";"0.3";"32.2";"8.9";"774.545";"415.737";"0.280653";"3500.34";"100";"1024";"1.25";"150";"75";"102.4";"12.5";"114.9";"28.725";"143.625";"1e+15";"200";"360000";"0.1";"1.8";"143.625";"143.625";"0";"0";"14362.5";"14362.5";"PHOTOVOLTAIC";"ON";"OFF"
"run_20260926_143729";"2026-09-26";"14:37:29";"2026-09-26 14:37:29";"269";"hpc_extreme";"HPC - Extremo";"6";"60";"5";"1";"manual";"5000";"1800";"600";"30";"1";"origin";"main";"git@github.com:CAGDOJ/PhotovoltaicFirst.git";"Belem";"-1.4537";"-48.5078";"monocrystalline";"bifacial";"30000";"0.24";"1";"0.24";"1.2";"1.2";"58";"0.3";"32.2";"8.9";"774.545";"415.737";"0.280653";"3500.34";"100";"1024";"1.25";"150";"75";"102.4";"12.5";"114.9";"28.725";"143.625";"1e+15";"200";"360000";"0.1";"1.8";"143.625";"143.625";"0";"0";"14362.5";"14362.5";"PHOTOVOLTAIC";"ON";"OFF"
"run_20260926_143744";"2026-09-26";"14:37:44";"2026-09-26 14:37:44";"269";"hpc_extreme";"HPC - Extremo";"6";"60";"5";"1";"manual";"5000";"1800";"600";"30";"1";"origin";"main";"git@github.com:CAGDOJ/PhotovoltaicFirst.git";"Belem";"-1.4537";"-48.5078";"monocrystalline";"bifacial";"30000";"0.24";"1";"0.24";"1.2";"1.2";"58";"0.3";"32.2";"8.9";"774.545";"415.737";"0.280653";"3500.34";"100";"1024";"1.25";"150";"75";"102.4";"12.5";"114.9";"28.725";"143.625";"1e+15";"200";"360000";"0.1";"1.8";"143.625";"143.625";"0";"0";"14362.5";"14362.5";"PHOTOVOLTAIC";"ON";"OFF"
"run_20260926_143853";"2026-09-26";"14:38:53";"2026-09-26 14:38:53";"269";"hpc_extreme";"HPC - Extremo";"6";"60";"5";"1";"manual";"5000";"1800";"600";"30";"1";"origin";"main";"git@github.com:CAGDOJ/PhotovoltaicFirst.git";"Belem";"-1.4537";"-48.5078";"monocrystalline";"bifacial";"30000";"0.24";"1";"0.24";"1.2";"1.2";"58";"0.3";"32.2";"8.9";"771.78";"414.253";"0.280653";"3487.84";"100";"1024";"1.25";"150";"75";"102.4";"12.5";"114.9";"28.725";"143.625";"1e+15";"200";"360000";"0.1";"1.8";"143.625";"143.625";"0";"0";"14362.5";"14362.5";"PHOTOVOLTAIC";"ON";"OFF"
"run_20260926_143856";"2026-09-26";"14:38:56";"2026-09-26 14:38:56";"269";"hpc_extreme";"HPC - Extremo";"6";"60";"5";"1";"manual";"5000";"1800";"600";"30";"1";"origin";"main";"git@github.com:CAGDOJ/PhotovoltaicFirst.git";"Belem";"-1.4537";"-48.5078";"monocrystalline";"bifacial";"30000";"0.24";"1";"0.24";"1.2";"1.2";"58";"0.3";"32.2";"8.9";"771.78";"414.253";"0.280653";"3487.84";"100";"1024";"1.25";"150";"75";"102.4";"12.5";"114.9";"28.725";"143.625";"1e+15";"200";"360000";"0.1";"1.8";"143.625";"143.625";"0";"0";"14362.5";"14362.5";"PHOTOVOLTAIC";"ON";"OFF"
"run_20260926_143909";"2026-09-26";"14:39:09";"2026-09-26 14:39:09";"269";"hpc_extreme";"HPC - Extremo";"6";"60";"5";"1";"manual";"5000";"1800";"600";"30";"1";"origin";"main";"git@github.com:CAGDOJ/PhotovoltaicFirst.git";"Belem";"-1.4537";"-48.5078";"monocrystalline";"bifacial";"30000";"0.24";"1";"0.24";"1.2";"1.2";"58";"0.3";"32.2";"8.9";"769";"412.761";"0.280653";"3475.28";"100";"1024";"1.25";"150";"75";"102.4";"12.5";"114.9";"28.725";"143.625";"1e+15";"200";"360000";"0.1";"1.8";"143.625";"143.625";"0";"0";"14362.5";"14362.5";"PHOTOVOLTAIC";"ON";"OFF"
"run_20260926_144020";"2026-09-26";"14:40:20";"2026-09-26 14:40:20";"269";"hpc_extreme";"HPC - Extremo";"6";"60";"5";"1";"manual";"5000";"1800";"600";"30";"1";"origin";"main";"git@github.com:CAGDOJ/PhotovoltaicFirst.git";"Belem";"-1.4537";"-48.5078";"monocrystalline";"bifacial";"30000";"0.24";"1";"0.24";"1.2";"1.2";"58";"0.3";"32.2";"8.9";"766.206";"411.261";"0.280653";"3462.65";"100";"1024";"1.25";"150";"75";"102.4";"12.5";"114.9";"28.725";"143.625";"1e+15";"200";"360000";"0.1";"1.8";"143.625";"143.625";"0";"0";"14362.5";"14362.5";"PHOTOVOLTAIC";"ON";"OFF"
"run_20260926_144022";"2026-09-26";"14:40:22";"2026-09-26 14:40:22";"269";"hpc_extreme";"HPC - Extremo";"6";"60";"5";"1";"manual";"5000";"1800";"600";"30";"1";"origin";"main";"git@github.com:CAGDOJ/PhotovoltaicFirst.git";"Belem";"-1.4537";"-48.5078";"monocrystalline";"bifacial";"30000";"0.24";"1";"0.24";"1.2";"1.2";"58";"0.3";"32.2";"8.9";"766.206";"411.261";"0.280653";"3462.65";"100";"1024";"1.25";"150";"75";"102.4";"12.5";"114.9";"28.725";"143.625";"1e+15";"200";"360000";"0.1";"1.8";"143.625";"143.625";"0";"0";"14362.5";"14362.5";"PHOTOVOLTAIC";"ON";"OFF"
"run_20260926_144035";"2026-09-26";"14:40:35";"2026-09-26 14:40:35";"269";"hpc_extreme";"HPC - Extremo";"6";"60";"5";"1";"manual";"5000";"1800";"600";"30";"1";"origin";"main";"git@github.com:CAGDOJ/PhotovoltaicFirst.git";"Belem";"-1.4537";"-48.5078";"monocrystalline";"bifacial";"30000";"0.24";"1";"0.24";"1.2";"1.2";"58";"0.3";"32.2";"8.9";"766.206";"411.261";"0.280653";"3462.65";"100";"1024";"1.25";"150";"75";"102.4";"12.5";"114.9";"28.725";"143.625";"1e+15";"200";"360000";"0.1";"1.8";"143.625";"143.625";"0";"0";"14362.5";"14362.5";"PHOTOVOLTAIC";"ON";"OFF"
"run_20260926_144150";"2026-09-26";"14:41:50";"2026-09-26 14:41:50";"269";"hpc_extreme";"HPC - Extremo";"6";"60";"5";"1";"manual";"5000";"1800";"600";"30";"1";"origin";"main";"git@github.com:CAGDOJ/PhotovoltaicFirst.git";"Belem";"-1.4537";"-48.5078";"monocrystalline";"bifacial";"30000";"0.24";"1";"0.24";"1.2";"1.2";"58";"0.3";"32.2";"8.9";"763.397";"409.753";"0.280653";"3449.95";"100";"1024";"1.25";"150";"75";"102.4";"12.5";"114.9";"28.725";"143.625";"1e+15";"200";"360000";"0.1";"1.8";"143.625";"143.625";"0";"0";"14362.5";"14362.5";"PHOTOVOLTAIC";"ON";"OFF"
"run_20260926_144152";"2026-09-26";"14:41:52";"2026-09-26 14:41:52";"269";"hpc_extreme";"HPC - Extremo";"6";"60";"5";"1";"manual";"5000";"1800";"600";"30";"1";"origin";"main";"git@github.com:CAGDOJ/PhotovoltaicFirst.git";"Belem";"-1.4537";"-48.5078";"monocrystalline";"bifacial";"30000";"0.24";"1";"0.24";"1.2";"1.2";"58";"0.3";"32.2";"8.9";"763.397";"409.753";"0.280653";"3449.95";"100";"1024";"1.25";"150";"75";"102.4";"12.5";"114.9";"28.725";"143.625";"1e+15";"200";"360000";"0.1";"1.8";"143.625";"143.625";"0";"0";"14362.5";"14362.5";"PHOTOVOLTAIC";"ON";"OFF"
"run_20260926_144204";"2026-09-26";"14:42:04";"2026-09-26 14:42:04";"269";"hpc_extreme";"HPC - Extremo";"6";"60";"5";"1";"manual";"5000";"1800";"600";"30";"1";"origin";"main";"git@github.com:CAGDOJ/PhotovoltaicFirst.git";"Belem";"-1.4537";"-48.5078";"monocrystalline";"bifacial";"30000";"0.24";"1";"0.24";"1.2";"1.2";"58";"0.3";"32.2";"8.9";"760.574";"408.238";"0.280653";"3437.19";"100";"1024";"1.25";"150";"75";"102.4";"12.5";"114.9";"28.725";"143.625";"1e+15";"200";"360000";"0.1";"1.8";"143.625";"143.625";"0";"0";"14362.5";"14362.5";"PHOTOVOLTAIC";"ON";"OFF"
"run_20260926_144318";"2026-09-26";"14:43:18";"2026-09-26 14:43:18";"269";"hpc_extreme";"HPC - Extremo";"6";"60";"5";"1";"manual";"5000";"1800";"600";"30";"1";"origin";"main";"git@github.com:CAGDOJ/PhotovoltaicFirst.git";"Belem";"-1.4537";"-48.5078";"monocrystalline";"bifacial";"30000";"0.24";"1";"0.24";"1.2";"1.2";"58";"0.3";"32.2";"8.9";"757.736";"406.715";"0.280653";"3424.37";"100";"1024";"1.25";"150";"75";"102.4";"12.5";"114.9";"28.725";"143.625";"1e+15";"200";"360000";"0.1";"1.8";"143.625";"143.625";"0";"0";"14362.5";"14362.5";"PHOTOVOLTAIC";"ON";"OFF"
"run_20260926_144321";"2026-09-26";"14:43:21";"2026-09-26 14:43:21";"269";"hpc_extreme";"HPC - Extremo";"6";"60";"5";"1";"manual";"5000";"1800";"600";"30";"1";"origin";"main";"git@github.com:CAGDOJ/PhotovoltaicFirst.git";"Belem";"-1.4537";"-48.5078";"monocrystalline";"bifacial";"30000";"0.24";"1";"0.24";"1.2";"1.2";"58";"0.3";"32.2";"8.9";"757.736";"406.715";"0.280653";"3424.37";"100";"1024";"1.25";"150";"75";"102.4";"12.5";"114.9";"28.725";"143.625";"1e+15";"200";"360000";"0.1";"1.8";"143.625";"143.625";"0";"0";"14362.5";"14362.5";"PHOTOVOLTAIC";"ON";"OFF"
"run_20260926_144335";"2026-09-26";"14:43:35";"2026-09-26 14:43:35";"269";"hpc_extreme";"HPC - Extremo";"6";"60";"5";"1";"manual";"5000";"1800";"600";"30";"1";"origin";"main";"git@github.com:CAGDOJ/PhotovoltaicFirst.git";"Belem";"-1.4537";"-48.5078";"monocrystalline";"bifacial";"30000";"0.24";"1";"0.24";"1.2";"1.2";"58";"0.3";"32.2";"8.9";"757.736";"406.715";"0.280653";"3424.37";"100";"1024";"1.25";"150";"75";"102.4";"12.5";"114.9";"28.725";"143.625";"1e+15";"200";"360000";"0.1";"1.8";"143.625";"143.625";"0";"0";"14362.5";"14362.5";"PHOTOVOLTAIC";"ON";"OFF"
"run_20260926_144445";"2026-09-26";"14:44:45";"2026-09-26 14:44:45";"269";"hpc_extreme";"HPC - Extremo";"6";"60";"5";"1";"manual";"5000";"1800";"600";"30";"1";"origin";"main";"git@github.com:CAGDOJ/PhotovoltaicFirst.git";"Belem";"-1.4537";"-48.5078";"monocrystalline";"bifacial";"30000";"0.24";"1";"0.24";"1.2";"1.2";"58";"0.3";"32.2";"8.9";"754.883";"405.184";"0.280653";"3411.48";"100";"1024";"1.25";"150";"75";"102.4";"12.5";"114.9";"28.725";"143.625";"1e+15";"200";"360000";"0.1";"1.8";"143.625";"143.625";"0";"0";"14362.5";"14362.5";"PHOTOVOLTAIC";"ON";"OFF"
"run_20260926_144447";"2026-09-26";"14:44:47";"2026-09-26 14:44:47";"269";"hpc_extreme";"HPC - Extremo";"6";"60";"5";"1";"manual";"5000";"1800";"600";"30";"1";"origin";"main";"git@github.com:CAGDOJ/PhotovoltaicFirst.git";"Belem";"-1.4537";"-48.5078";"monocrystalline";"bifacial";"30000";"0.24";"1";"0.24";"1.2";"1.2";"58";"0.3";"32.2";"8.9";"754.883";"405.184";"0.280653";"3411.48";"100";"1024";"1.25";"150";"75";"102.4";"12.5";"114.9";"28.725";"143.625";"1e+15";"200";"360000";"0.1";"1.8";"143.625";"143.625";"0";"0";"14362.5";"14362.5";"PHOTOVOLTAIC";"ON";"OFF"
"run_20260926_144503";"2026-09-26";"14:45:03";"2026-09-26 14:45:03";"269";"hpc_extreme";"HPC - Extremo";"6";"60";"5";"1";"manual";"5000";"1800";"600";"30";"1";"origin";"main";"git@github.com:CAGDOJ/PhotovoltaicFirst.git";"Belem";"-1.4537";"-48.5078";"monocrystalline";"bifacial";"30000";"0.24";"1";"0.24";"1.2";"1.2";"65";"0.3";"31.7";"10.5";"752.017";"366.138";"0.281663";"3093.83";"100";"1024";"1.25";"150";"75";"102.4";"12.5";"114.9";"28.725";"143.625";"1e+15";"200";"360000";"0.1";"1.8";"143.625";"143.625";"0";"0";"14362.5";"14362.5";"PHOTOVOLTAIC";"ON";"OFF"
"run_20260926_144613";"2026-09-26";"14:46:13";"2026-09-26 14:46:13";"269";"hpc_extreme";"HPC - Extremo";"6";"60";"5";"1";"manual";"5000";"1800";"600";"30";"1";"origin";"main";"git@github.com:CAGDOJ/PhotovoltaicFirst.git";"Belem";"-1.4537";"-48.5078";"monocrystalline";"bifacial";"30000";"0.24";"1";"0.24";"1.2";"1.2";"65";"0.3";"31.7";"10.5";"749.136";"364.735";"0.281663";"3081.97";"100";"1024";"1.25";"150";"75";"102.4";"12.5";"114.9";"28.725";"143.625";"1e+15";"200";"360000";"0.1";"1.8";"143.625";"143.625";"0";"0";"14362.5";"14362.5";"PHOTOVOLTAIC";"ON";"OFF"
"run_20260926_144614";"2026-09-26";"14:46:14";"2026-09-26 14:46:14";"269";"hpc_extreme";"HPC - Extremo";"6";"60";"5";"1";"manual";"5000";"1800";"600";"30";"1";"origin";"main";"git@github.com:CAGDOJ/PhotovoltaicFirst.git";"Belem";"-1.4537";"-48.5078";"monocrystalline";"bifacial";"30000";"0.24";"1";"0.24";"1.2";"1.2";"65";"0.3";"31.7";"10.5";"749.136";"364.735";"0.281663";"3081.97";"100";"1024";"1.25";"150";"75";"102.4";"12.5";"114.9";"28.725";"143.625";"1e+15";"200";"360000";"0.1";"1.8";"143.625";"143.625";"0";"0";"14362.5";"14362.5";"PHOTOVOLTAIC";"ON";"OFF"
"run_20260926_144630";"2026-09-26";"14:46:30";"2026-09-26 14:46:30";"269";"hpc_extreme";"HPC - Extremo";"6";"60";"5";"1";"manual";"5000";"1800";"600";"30";"1";"origin";"main";"git@github.com:CAGDOJ/PhotovoltaicFirst.git";"Belem";"-1.4537";"-48.5078";"monocrystalline";"bifacial";"30000";"0.24";"1";"0.24";"1.2";"1.2";"65";"0.3";"31.7";"10.5";"749.136";"364.735";"0.281663";"3081.97";"100";"1024";"1.25";"150";"75";"102.4";"12.5";"114.9";"28.725";"143.625";"1e+15";"200";"360000";"0.1";"1.8";"143.625";"143.625";"0";"0";"14362.5";"14362.5";"PHOTOVOLTAIC";"ON";"OFF"
"run_20260926_144741";"2026-09-26";"14:47:41";"2026-09-26 14:47:41";"269";"hpc_extreme";"HPC - Extremo";"6";"60";"5";"1";"manual";"5000";"1800";"600";"30";"1";"origin";"main";"git@github.com:CAGDOJ/PhotovoltaicFirst.git";"Belem";"-1.4537";"-48.5078";"monocrystalline";"bifacial";"30000";"0.24";"1";"0.24";"1.2";"1.2";"65";"0.3";"31.7";"10.5";"746.24";"363.326";"0.281663";"3070.06";"100";"1024";"1.25";"150";"75";"102.4";"12.5";"114.9";"28.725";"143.625";"1e+15";"200";"360000";"0.1";"1.8";"143.625";"143.625";"0";"0";"14362.5";"14362.5";"PHOTOVOLTAIC";"ON";"OFF"
"run_20260926_144742";"2026-09-26";"14:47:42";"2026-09-26 14:47:42";"269";"hpc_extreme";"HPC - Extremo";"6";"60";"5";"1";"manual";"5000";"1800";"600";"30";"1";"origin";"main";"git@github.com:CAGDOJ/PhotovoltaicFirst.git";"Belem";"-1.4537";"-48.5078";"monocrystalline";"bifacial";"30000";"0.24";"1";"0.24";"1.2";"1.2";"65";"0.3";"31.7";"10.5";"746.24";"363.326";"0.281663";"3070.06";"100";"1024";"1.25";"150";"75";"102.4";"12.5";"114.9";"28.725";"143.625";"1e+15";"200";"360000";"0.1";"1.8";"143.625";"143.625";"0";"0";"14362.5";"14362.5";"PHOTOVOLTAIC";"ON";"OFF"
"run_20260926_144756";"2026-09-26";"14:47:56";"2026-09-26 14:47:56";"269";"hpc_extreme";"HPC - Extremo";"6";"60";"5";"1";"manual";"5000";"1800";"600";"30";"1";"origin";"main";"git@github.com:CAGDOJ/PhotovoltaicFirst.git";"Belem";"-1.4537";"-48.5078";"monocrystalline";"bifacial";"30000";"0.24";"1";"0.24";"1.2";"1.2";"65";"0.3";"31.7";"10.5";"746.24";"363.326";"0.281663";"3070.06";"100";"1024";"1.25";"150";"75";"102.4";"12.5";"114.9";"28.725";"143.625";"1e+15";"200";"360000";"0.1";"1.8";"143.625";"143.625";"0";"0";"14362.5";"14362.5";"PHOTOVOLTAIC";"ON";"OFF"
"run_20260926_144909";"2026-09-26";"14:49:09";"2026-09-26 14:49:09";"269";"hpc_extreme";"HPC - Extremo";"6";"60";"5";"1";"manual";"5000";"1800";"600";"30";"1";"origin";"main";"git@github.com:CAGDOJ/PhotovoltaicFirst.git";"Belem";"-1.4537";"-48.5078";"monocrystalline";"bifacial";"30000";"0.24";"1";"0.24";"1.2";"1.2";"65";"0.3";"31.7";"10.5";"740.407";"360.486";"0.281663";"3046.07";"100";"1024";"1.25";"150";"75";"102.4";"12.5";"114.9";"28.725";"143.625";"1e+15";"200";"360000";"0.1";"1.8";"143.625";"143.625";"0";"0";"14362.5";"14362.5";"PHOTOVOLTAIC";"ON";"OFF"
"run_20260926_144910";"2026-09-26";"14:49:10";"2026-09-26 14:49:10";"269";"hpc_extreme";"HPC - Extremo";"6";"60";"5";"1";"manual";"5000";"1800";"600";"30";"1";"origin";"main";"git@github.com:CAGDOJ/PhotovoltaicFirst.git";"Belem";"-1.4537";"-48.5078";"monocrystalline";"bifacial";"30000";"0.24";"1";"0.24";"1.2";"1.2";"65";"0.3";"31.7";"10.5";"740.407";"360.486";"0.281663";"3046.07";"100";"1024";"1.25";"150";"75";"102.4";"12.5";"114.9";"28.725";"143.625";"1e+15";"200";"360000";"0.1";"1.8";"143.625";"143.625";"0";"0";"14362.5";"14362.5";"PHOTOVOLTAIC";"ON";"OFF"
"run_20260926_144924";"2026-09-26";"14:49:24";"2026-09-26 14:49:24";"269";"hpc_extreme";"HPC - Extremo";"6";"60";"5";"1";"manual";"5000";"1800";"600";"30";"1";"origin";"main";"git@github.com:CAGDOJ/PhotovoltaicFirst.git";"Belem";"-1.4537";"-48.5078";"monocrystalline";"bifacial";"30000";"0.24";"1";"0.24";"1.2";"1.2";"65";"0.3";"31.7";"10.5";"740.407";"360.486";"0.281663";"3046.07";"100";"1024";"1.25";"150";"75";"102.4";"12.5";"114.9";"28.725";"143.625";"1e+15";"200";"360000";"0.1";"1.8";"143.625";"143.625";"0";"0";"14362.5";"14362.5";"PHOTOVOLTAIC";"ON";"OFF"
"run_20260926_145041";"2026-09-26";"14:50:41";"2026-09-26 14:50:41";"269";"hpc_extreme";"HPC - Extremo";"6";"60";"5";"1";"manual";"5000";"1800";"600";"30";"1";"origin";"main";"git@github.com:CAGDOJ/PhotovoltaicFirst.git";"Belem";"-1.4537";"-48.5078";"monocrystalline";"bifacial";"30000";"0.24";"1";"0.24";"1.2";"1.2";"65";"0.3";"31.7";"10.5";"737.47";"359.056";"0.281663";"3033.98";"100";"1024";"1.25";"150";"75";"102.4";"12.5";"114.9";"28.725";"143.625";"1e+15";"200";"360000";"0.1";"1.8";"143.625";"143.625";"0";"0";"14362.5";"14362.5";"PHOTOVOLTAIC";"ON";"OFF"
"run_20260926_145044";"2026-09-26";"14:50:44";"2026-09-26 14:50:44";"269";"hpc_extreme";"HPC - Extremo";"6";"60";"5";"1";"manual";"5000";"1800";"600";"30";"1";"origin";"main";"git@github.com:CAGDOJ/PhotovoltaicFirst.git";"Belem";"-1.4537";"-48.5078";"monocrystalline";"bifacial";"30000";"0.24";"1";"0.24";"1.2";"1.2";"65";"0.3";"31.7";"10.5";"737.47";"359.056";"0.281663";"3033.98";"100";"1024";"1.25";"150";"75";"102.4";"12.5";"114.9";"28.725";"143.625";"1e+15";"200";"360000";"0.1";"1.8";"143.625";"143.625";"0";"0";"14362.5";"14362.5";"PHOTOVOLTAIC";"ON";"OFF"
"run_20260926_145059";"2026-09-26";"14:50:59";"2026-09-26 14:50:59";"269";"hpc_extreme";"HPC - Extremo";"6";"60";"5";"1";"manual";"5000";"1800";"600";"30";"1";"origin";"main";"git@github.com:CAGDOJ/PhotovoltaicFirst.git";"Belem";"-1.4537";"-48.5078";"monocrystalline";"bifacial";"30000";"0.24";"1";"0.24";"1.2";"1.2";"65";"0.3";"31.7";"10.5";"737.47";"359.056";"0.281663";"3033.98";"100";"1024";"1.25";"150";"75";"102.4";"12.5";"114.9";"28.725";"143.625";"1e+15";"200";"360000";"0.1";"1.8";"143.625";"143.625";"0";"0";"14362.5";"14362.5";"PHOTOVOLTAIC";"ON";"OFF"
"run_20260926_145215";"2026-09-26";"14:52:15";"2026-09-26 14:52:15";"269";"hpc_extreme";"HPC - Extremo";"6";"60";"5";"1";"manual";"5000";"1800";"600";"30";"1";"origin";"main";"git@github.com:CAGDOJ/PhotovoltaicFirst.git";"Belem";"-1.4537";"-48.5078";"monocrystalline";"bifacial";"30000";"0.24";"1";"0.24";"1.2";"1.2";"65";"0.3";"31.7";"10.5";"731.552";"356.175";"0.281663";"3009.64";"100";"1024";"1.25";"150";"75";"102.4";"12.5";"114.9";"28.725";"143.625";"1e+15";"200";"360000";"0.1";"1.8";"143.625";"143.625";"0";"0";"14362.5";"14362.5";"PHOTOVOLTAIC";"ON";"OFF"
"run_20260926_145217";"2026-09-26";"14:52:17";"2026-09-26 14:52:17";"269";"hpc_extreme";"HPC - Extremo";"6";"60";"5";"1";"manual";"5000";"1800";"600";"30";"1";"origin";"main";"git@github.com:CAGDOJ/PhotovoltaicFirst.git";"Belem";"-1.4537";"-48.5078";"monocrystalline";"bifacial";"30000";"0.24";"1";"0.24";"1.2";"1.2";"65";"0.3";"31.7";"10.5";"731.552";"356.175";"0.281663";"3009.64";"100";"1024";"1.25";"150";"75";"102.4";"12.5";"114.9";"28.725";"143.625";"1e+15";"200";"360000";"0.1";"1.8";"143.625";"143.625";"0";"0";"14362.5";"14362.5";"PHOTOVOLTAIC";"ON";"OFF"
"run_20260926_145232";"2026-09-26";"14:52:32";"2026-09-26 14:52:32";"269";"hpc_extreme";"HPC - Extremo";"6";"60";"5";"1";"manual";"5000";"1800";"600";"30";"1";"origin";"main";"git@github.com:CAGDOJ/PhotovoltaicFirst.git";"Belem";"-1.4537";"-48.5078";"monocrystalline";"bifacial";"30000";"0.24";"1";"0.24";"1.2";"1.2";"65";"0.3";"31.7";"10.5";"731.552";"356.175";"0.281663";"3009.64";"100";"1024";"1.25";"150";"75";"102.4";"12.5";"114.9";"28.725";"143.625";"1e+15";"200";"360000";"0.1";"1.8";"143.625";"143.625";"0";"0";"14362.5";"14362.5";"PHOTOVOLTAIC";"ON";"OFF"
"run_20260926_145349";"2026-09-26";"14:53:49";"2026-09-26 14:53:49";"269";"hpc_extreme";"HPC - Extremo";"6";"60";"5";"1";"manual";"5000";"1800";"600";"30";"1";"origin";"main";"git@github.com:CAGDOJ/PhotovoltaicFirst.git";"Belem";"-1.4537";"-48.5078";"monocrystalline";"bifacial";"30000";"0.24";"1";"0.24";"1.2";"1.2";"65";"0.3";"31.7";"10.5";"728.573";"354.724";"0.281663";"2997.38";"100";"1024";"1.25";"150";"75";"102.4";"12.5";"114.9";"28.725";"143.625";"1e+15";"200";"360000";"0.1";"1.8";"143.625";"143.625";"0";"0";"14362.5";"14362.5";"PHOTOVOLTAIC";"ON";"OFF"
"run_20260926_145351";"2026-09-26";"14:53:51";"2026-09-26 14:53:51";"269";"hpc_extreme";"HPC - Extremo";"6";"60";"5";"1";"manual";"5000";"1800";"600";"30";"1";"origin";"main";"git@github.com:CAGDOJ/PhotovoltaicFirst.git";"Belem";"-1.4537";"-48.5078";"monocrystalline";"bifacial";"30000";"0.24";"1";"0.24";"1.2";"1.2";"65";"0.3";"31.7";"10.5";"728.573";"354.724";"0.281663";"2997.38";"100";"1024";"1.25";"150";"75";"102.4";"12.5";"114.9";"28.725";"143.625";"1e+15";"200";"360000";"0.1";"1.8";"143.625";"143.625";"0";"0";"14362.5";"14362.5";"PHOTOVOLTAIC";"ON";"OFF"
"run_20260926_145406";"2026-09-26";"14:54:06";"2026-09-26 14:54:06";"269";"hpc_extreme";"HPC - Extremo";"6";"60";"5";"1";"manual";"5000";"1800";"600";"30";"1";"origin";"main";"git@github.com:CAGDOJ/PhotovoltaicFirst.git";"Belem";"-1.4537";"-48.5078";"monocrystalline";"bifacial";"30000";"0.24";"1";"0.24";"1.2";"1.2";"65";"0.3";"31.7";"10.5";"725.58";"353.267";"0.281663";"2985.06";"100";"1024";"1.25";"150";"75";"102.4";"12.5";"114.9";"28.725";"143.625";"1e+15";"200";"360000";"0.1";"1.8";"143.625";"143.625";"0";"0";"14362.5";"14362.5";"PHOTOVOLTAIC";"ON";"OFF"
"run_20260926_145523";"2026-09-26";"14:55:23";"2026-09-26 14:55:23";"269";"hpc_extreme";"HPC - Extremo";"6";"60";"5";"1";"manual";"5000";"1800";"600";"30";"1";"origin";"main";"git@github.com:CAGDOJ/PhotovoltaicFirst.git";"Belem";"-1.4537";"-48.5078";"monocrystalline";"bifacial";"30000";"0.24";"1";"0.24";"1.2";"1.2";"65";"0.3";"31.7";"10.5";"722.572";"351.802";"0.281663";"2972.69";"100";"1024";"1.25";"150";"75";"102.4";"12.5";"114.9";"28.725";"143.625";"1e+15";"200";"360000";"0.1";"1.8";"143.625";"143.625";"0";"0";"14362.5";"14362.5";"PHOTOVOLTAIC";"ON";"OFF"
"run_20260926_145526";"2026-09-26";"14:55:26";"2026-09-26 14:55:26";"269";"hpc_extreme";"HPC - Extremo";"6";"60";"5";"1";"manual";"5000";"1800";"600";"30";"1";"origin";"main";"git@github.com:CAGDOJ/PhotovoltaicFirst.git";"Belem";"-1.4537";"-48.5078";"monocrystalline";"bifacial";"30000";"0.24";"1";"0.24";"1.2";"1.2";"65";"0.3";"31.7";"10.5";"722.572";"351.802";"0.281663";"2972.69";"100";"1024";"1.25";"150";"75";"102.4";"12.5";"114.9";"28.725";"143.625";"1e+15";"200";"360000";"0.1";"1.8";"143.625";"143.625";"0";"0";"14362.5";"14362.5";"PHOTOVOLTAIC";"ON";"OFF"
"run_20260926_145538";"2026-09-26";"14:55:38";"2026-09-26 14:55:38";"269";"hpc_extreme";"HPC - Extremo";"6";"60";"5";"1";"manual";"5000";"1800";"600";"30";"1";"origin";"main";"git@github.com:CAGDOJ/PhotovoltaicFirst.git";"Belem";"-1.4537";"-48.5078";"monocrystalline";"bifacial";"30000";"0.24";"1";"0.24";"1.2";"1.2";"65";"0.3";"31.7";"10.5";"722.572";"351.802";"0.281663";"2972.69";"100";"1024";"1.25";"150";"75";"102.4";"12.5";"114.9";"28.725";"143.625";"1e+15";"200";"360000";"0.1";"1.8";"143.625";"143.625";"0";"0";"14362.5";"14362.5";"PHOTOVOLTAIC";"ON";"OFF"
"run_20260926_145655";"2026-09-26";"14:56:55";"2026-09-26 14:56:55";"269";"hpc_extreme";"HPC - Extremo";"6";"60";"5";"1";"manual";"5000";"1800";"600";"30";"1";"origin";"main";"git@github.com:CAGDOJ/PhotovoltaicFirst.git";"Belem";"-1.4537";"-48.5078";"monocrystalline";"bifacial";"30000";"0.24";"1";"0.24";"1.2";"1.2";"65";"0.3";"31.7";"10.5";"719.551";"350.332";"0.281663";"2960.26";"100";"1024";"1.25";"150";"75";"102.4";"12.5";"114.9";"28.725";"143.625";"1e+15";"200";"360000";"0.1";"1.8";"143.625";"143.625";"0";"0";"14362.5";"14362.5";"PHOTOVOLTAIC";"ON";"OFF"
"run_20260926_145658";"2026-09-26";"14:56:58";"2026-09-26 14:56:58";"269";"hpc_extreme";"HPC - Extremo";"6";"60";"5";"1";"manual";"5000";"1800";"600";"30";"1";"origin";"main";"git@github.com:CAGDOJ/PhotovoltaicFirst.git";"Belem";"-1.4537";"-48.5078";"monocrystalline";"bifacial";"30000";"0.24";"1";"0.24";"1.2";"1.2";"65";"0.3";"31.7";"10.5";"719.551";"350.332";"0.281663";"2960.26";"100";"1024";"1.25";"150";"75";"102.4";"12.5";"114.9";"28.725";"143.625";"1e+15";"200";"360000";"0.1";"1.8";"143.625";"143.625";"0";"0";"14362.5";"14362.5";"PHOTOVOLTAIC";"ON";"OFF"
"run_20260926_145710";"2026-09-26";"14:57:10";"2026-09-26 14:57:10";"269";"hpc_extreme";"HPC - Extremo";"6";"60";"5";"1";"manual";"5000";"1800";"600";"30";"1";"origin";"main";"git@github.com:CAGDOJ/PhotovoltaicFirst.git";"Belem";"-1.4537";"-48.5078";"monocrystalline";"bifacial";"30000";"0.24";"1";"0.24";"1.2";"1.2";"65";"0.3";"31.7";"10.5";"716.517";"348.854";"0.281663";"2947.78";"100";"1024";"1.25";"150";"75";"102.4";"12.5";"114.9";"28.725";"143.625";"1e+15";"200";"360000";"0.1";"1.8";"143.625";"143.625";"0";"0";"14362.5";"14362.5";"PHOTOVOLTAIC";"ON";"OFF"
"run_20260926_145828";"2026-09-26";"14:58:28";"2026-09-26 14:58:28";"269";"hpc_extreme";"HPC - Extremo";"6";"60";"5";"1";"manual";"5000";"1800";"600";"30";"1";"origin";"main";"git@github.com:CAGDOJ/PhotovoltaicFirst.git";"Belem";"-1.4537";"-48.5078";"monocrystalline";"bifacial";"30000";"0.24";"1";"0.24";"1.2";"1.2";"65";"0.3";"31.7";"10.5";"713.469";"347.37";"0.281663";"2935.24";"100";"1024";"1.25";"150";"75";"102.4";"12.5";"114.9";"28.725";"143.625";"1e+15";"200";"360000";"0.1";"1.8";"143.625";"143.625";"0";"0";"14362.5";"14362.5";"PHOTOVOLTAIC";"ON";"OFF"
"run_20260926_145830";"2026-09-26";"14:58:30";"2026-09-26 14:58:30";"269";"hpc_extreme";"HPC - Extremo";"6";"60";"5";"1";"manual";"5000";"1800";"600";"30";"1";"origin";"main";"git@github.com:CAGDOJ/PhotovoltaicFirst.git";"Belem";"-1.4537";"-48.5078";"monocrystalline";"bifacial";"30000";"0.24";"1";"0.24";"1.2";"1.2";"65";"0.3";"31.7";"10.5";"713.469";"347.37";"0.281663";"2935.24";"100";"1024";"1.25";"150";"75";"102.4";"12.5";"114.9";"28.725";"143.625";"1e+15";"200";"360000";"0.1";"1.8";"143.625";"143.625";"0";"0";"14362.5";"14362.5";"PHOTOVOLTAIC";"ON";"OFF"
"run_20260926_145843";"2026-09-26";"14:58:43";"2026-09-26 14:58:43";"269";"hpc_extreme";"HPC - Extremo";"6";"60";"5";"1";"manual";"5000";"1800";"600";"30";"1";"origin";"main";"git@github.com:CAGDOJ/PhotovoltaicFirst.git";"Belem";"-1.4537";"-48.5078";"monocrystalline";"bifacial";"30000";"0.24";"1";"0.24";"1.2";"1.2";"65";"0.3";"31.7";"10.5";"713.469";"347.37";"0.281663";"2935.24";"100";"1024";"1.25";"150";"75";"102.4";"12.5";"114.9";"28.725";"143.625";"1e+15";"200";"360000";"0.1";"1.8";"143.625";"143.625";"0";"0";"14362.5";"14362.5";"PHOTOVOLTAIC";"ON";"OFF"
"run_20260926_150001";"2026-09-26";"15:00:01";"2026-09-26 15:00:01";"269";"hpc_extreme";"HPC - Extremo";"6";"60";"5";"1";"manual";"5000";"1800";"600";"30";"1";"origin";"main";"git@github.com:CAGDOJ/PhotovoltaicFirst.git";"Belem";"-1.4537";"-48.5078";"monocrystalline";"bifacial";"30000";"0.24";"1";"0.24";"1.2";"1.2";"67";"0.3";"31.3";"11.7";"707.331";"334.303";"0.282454";"2832.76";"100";"1024";"1.25";"150";"75";"102.4";"12.5";"114.9";"28.725";"143.625";"1e+15";"200";"360000";"0.1";"1.8";"143.625";"143.625";"0";"0";"14362.5";"14362.5";"PHOTOVOLTAIC";"ON";"OFF"
"run_20260926_150003";"2026-09-26";"15:00:03";"2026-09-26 15:00:03";"269";"hpc_extreme";"HPC - Extremo";"6";"60";"5";"1";"manual";"5000";"1800";"600";"30";"1";"origin";"main";"git@github.com:CAGDOJ/PhotovoltaicFirst.git";"Belem";"-1.4537";"-48.5078";"monocrystalline";"bifacial";"30000";"0.24";"1";"0.24";"1.2";"1.2";"67";"0.3";"31.3";"11.7";"707.331";"334.303";"0.282454";"2832.76";"100";"1024";"1.25";"150";"75";"102.4";"12.5";"114.9";"28.725";"143.625";"1e+15";"200";"360000";"0.1";"1.8";"143.625";"143.625";"0";"0";"14362.5";"14362.5";"PHOTOVOLTAIC";"ON";"OFF"
"run_20260926_150018";"2026-09-26";"15:00:18";"2026-09-26 15:00:18";"269";"hpc_extreme";"HPC - Extremo";"6";"60";"5";"1";"manual";"5000";"1800";"600";"30";"1";"origin";"main";"git@github.com:CAGDOJ/PhotovoltaicFirst.git";"Belem";"-1.4537";"-48.5078";"monocrystalline";"bifacial";"30000";"0.24";"1";"0.24";"1.2";"1.2";"67";"0.3";"31.3";"11.7";"707.331";"334.303";"0.282454";"2832.76";"100";"1024";"1.25";"150";"75";"102.4";"12.5";"114.9";"28.725";"143.625";"1e+15";"200";"360000";"0.1";"1.8";"143.625";"143.625";"0";"0";"14362.5";"14362.5";"PHOTOVOLTAIC";"ON";"OFF"
"run_20260926_150136";"2026-09-26";"15:01:36";"2026-09-26 15:01:36";"269";"hpc_extreme";"HPC - Extremo";"6";"60";"5";"1";"manual";"5000";"1800";"600";"30";"1";"origin";"main";"git@github.com:CAGDOJ/PhotovoltaicFirst.git";"Belem";"-1.4537";"-48.5078";"monocrystalline";"bifacial";"30000";"0.24";"1";"0.24";"1.2";"1.2";"67";"0.3";"31.3";"11.7";"704.243";"332.843";"0.282454";"2820.39";"100";"1024";"1.25";"150";"75";"102.4";"12.5";"114.9";"28.725";"143.625";"1e+15";"200";"360000";"0.1";"1.8";"143.625";"143.625";"0";"0";"14362.5";"14362.5";"PHOTOVOLTAIC";"ON";"OFF"
"run_20260926_150137";"2026-09-26";"15:01:37";"2026-09-26 15:01:37";"269";"hpc_extreme";"HPC - Extremo";"6";"60";"5";"1";"manual";"5000";"1800";"600";"30";"1";"origin";"main";"git@github.com:CAGDOJ/PhotovoltaicFirst.git";"Belem";"-1.4537";"-48.5078";"monocrystalline";"bifacial";"30000";"0.24";"1";"0.24";"1.2";"1.2";"67";"0.3";"31.3";"11.7";"704.243";"332.843";"0.282454";"2820.39";"100";"1024";"1.25";"150";"75";"102.4";"12.5";"114.9";"28.725";"143.625";"1e+15";"200";"360000";"0.1";"1.8";"143.625";"143.625";"0";"0";"14362.5";"14362.5";"PHOTOVOLTAIC";"ON";"OFF"
"run_20260926_150149";"2026-09-26";"15:01:49";"2026-09-26 15:01:49";"269";"hpc_extreme";"HPC - Extremo";"6";"60";"5";"1";"manual";"5000";"1800";"600";"30";"1";"origin";"main";"git@github.com:CAGDOJ/PhotovoltaicFirst.git";"Belem";"-1.4537";"-48.5078";"monocrystalline";"bifacial";"30000";"0.24";"1";"0.24";"1.2";"1.2";"67";"0.3";"31.3";"11.7";"704.243";"332.843";"0.282454";"2820.39";"100";"1024";"1.25";"150";"75";"102.4";"12.5";"114.9";"28.725";"143.625";"1e+15";"200";"360000";"0.1";"1.8";"143.625";"143.625";"0";"0";"14362.5";"14362.5";"PHOTOVOLTAIC";"ON";"OFF"
"run_20260926_150306";"2026-09-26";"15:03:06";"2026-09-26 15:03:06";"269";"hpc_extreme";"HPC - Extremo";"6";"60";"5";"1";"manual";"5000";"1800";"600";"30";"1";"origin";"main";"git@github.com:CAGDOJ/PhotovoltaicFirst.git";"Belem";"-1.4537";"-48.5078";"monocrystalline";"bifacial";"30000";"0.24";"1";"0.24";"1.2";"1.2";"67";"0.3";"31.3";"11.7";"698.025";"329.904";"0.282454";"2795.49";"100";"1024";"1.25";"150";"75";"102.4";"12.5";"114.9";"28.725";"143.625";"1e+15";"200";"360000";"0.1";"1.8";"143.625";"143.625";"0";"0";"14362.5";"14362.5";"PHOTOVOLTAIC";"ON";"OFF"
"run_20260926_150310";"2026-09-26";"15:03:10";"2026-09-26 15:03:10";"269";"hpc_extreme";"HPC - Extremo";"6";"60";"5";"1";"manual";"5000";"1800";"600";"30";"1";"origin";"main";"git@github.com:CAGDOJ/PhotovoltaicFirst.git";"Belem";"-1.4537";"-48.5078";"monocrystalline";"bifacial";"30000";"0.24";"1";"0.24";"1.2";"1.2";"67";"0.3";"31.3";"11.7";"698.025";"329.904";"0.282454";"2795.49";"100";"1024";"1.25";"150";"75";"102.4";"12.5";"114.9";"28.725";"143.625";"1e+15";"200";"360000";"0.1";"1.8";"143.625";"143.625";"0";"0";"14362.5";"14362.5";"PHOTOVOLTAIC";"ON";"OFF"
"run_20260926_150318";"2026-09-26";"15:03:18";"2026-09-26 15:03:18";"269";"hpc_extreme";"HPC - Extremo";"6";"60";"5";"1";"manual";"5000";"1800";"600";"30";"1";"origin";"main";"git@github.com:CAGDOJ/PhotovoltaicFirst.git";"Belem";"-1.4537";"-48.5078";"monocrystalline";"bifacial";"30000";"0.24";"1";"0.24";"1.2";"1.2";"67";"0.3";"31.3";"11.7";"698.025";"329.904";"0.282454";"2795.49";"100";"1024";"1.25";"150";"75";"102.4";"12.5";"114.9";"28.725";"143.625";"1e+15";"200";"360000";"0.1";"1.8";"143.625";"143.625";"0";"0";"14362.5";"14362.5";"PHOTOVOLTAIC";"ON";"OFF"
"run_20260926_150435";"2026-09-26";"15:04:35";"2026-09-26 15:04:35";"269";"hpc_extreme";"HPC - Extremo";"6";"60";"5";"1";"manual";"5000";"1800";"600";"30";"1";"origin";"main";"git@github.com:CAGDOJ/PhotovoltaicFirst.git";"Belem";"-1.4537";"-48.5078";"monocrystalline";"bifacial";"30000";"0.24";"1";"0.24";"1.2";"1.2";"67";"0.3";"31.3";"11.7";"694.896";"328.425";"0.282454";"2782.96";"100";"1024";"1.25";"150";"75";"102.4";"12.5";"114.9";"28.725";"143.625";"1e+15";"200";"360000";"0.1";"1.8";"143.625";"143.625";"0";"0";"14362.5";"14362.5";"PHOTOVOLTAIC";"ON";"OFF"
"run_20260926_150436";"2026-09-26";"15:04:36";"2026-09-26 15:04:36";"269";"hpc_extreme";"HPC - Extremo";"6";"60";"5";"1";"manual";"5000";"1800";"600";"30";"1";"origin";"main";"git@github.com:CAGDOJ/PhotovoltaicFirst.git";"Belem";"-1.4537";"-48.5078";"monocrystalline";"bifacial";"30000";"0.24";"1";"0.24";"1.2";"1.2";"67";"0.3";"31.3";"11.7";"694.896";"328.425";"0.282454";"2782.96";"100";"1024";"1.25";"150";"75";"102.4";"12.5";"114.9";"28.725";"143.625";"1e+15";"200";"360000";"0.1";"1.8";"143.625";"143.625";"0";"0";"14362.5";"14362.5";"PHOTOVOLTAIC";"ON";"OFF"
"run_20260926_150447";"2026-09-26";"15:04:47";"2026-09-26 15:04:47";"269";"hpc_extreme";"HPC - Extremo";"6";"60";"5";"1";"manual";"5000";"1800";"600";"30";"1";"origin";"main";"git@github.com:CAGDOJ/PhotovoltaicFirst.git";"Belem";"-1.4537";"-48.5078";"monocrystalline";"bifacial";"30000";"0.24";"1";"0.24";"1.2";"1.2";"67";"0.3";"31.3";"11.7";"694.896";"328.425";"0.282454";"2782.96";"100";"1024";"1.25";"150";"75";"102.4";"12.5";"114.9";"28.725";"143.625";"1e+15";"200";"360000";"0.1";"1.8";"143.625";"143.625";"0";"0";"14362.5";"14362.5";"PHOTOVOLTAIC";"ON";"OFF"
"run_20260926_150602";"2026-09-26";"15:06:02";"2026-09-26 15:06:02";"269";"hpc_extreme";"HPC - Extremo";"6";"60";"5";"1";"manual";"5000";"1800";"600";"30";"1";"origin";"main";"git@github.com:CAGDOJ/PhotovoltaicFirst.git";"Belem";"-1.4537";"-48.5078";"monocrystalline";"bifacial";"30000";"0.24";"1";"0.24";"1.2";"1.2";"67";"0.3";"31.3";"11.7";"688.599";"325.449";"0.282454";"2757.74";"100";"1024";"1.25";"150";"75";"102.4";"12.5";"114.9";"28.725";"143.625";"1e+15";"200";"360000";"0.1";"1.8";"143.625";"143.625";"0";"0";"14362.5";"14362.5";"PHOTOVOLTAIC";"ON";"OFF"
"run_20260926_150604";"2026-09-26";"15:06:04";"2026-09-26 15:06:04";"269";"hpc_extreme";"HPC - Extremo";"6";"60";"5";"1";"manual";"5000";"1800";"600";"30";"1";"origin";"main";"git@github.com:CAGDOJ/PhotovoltaicFirst.git";"Belem";"-1.4537";"-48.5078";"monocrystalline";"bifacial";"30000";"0.24";"1";"0.24";"1.2";"1.2";"67";"0.3";"31.3";"11.7";"688.599";"325.449";"0.282454";"2757.74";"100";"1024";"1.25";"150";"75";"102.4";"12.5";"114.9";"28.725";"143.625";"1e+15";"200";"360000";"0.1";"1.8";"143.625";"143.625";"0";"0";"14362.5";"14362.5";"PHOTOVOLTAIC";"ON";"OFF"
"run_20260926_150617";"2026-09-26";"15:06:17";"2026-09-26 15:06:17";"269";"hpc_extreme";"HPC - Extremo";"6";"60";"5";"1";"manual";"5000";"1800";"600";"30";"1";"origin";"main";"git@github.com:CAGDOJ/PhotovoltaicFirst.git";"Belem";"-1.4537";"-48.5078";"monocrystalline";"bifacial";"30000";"0.24";"1";"0.24";"1.2";"1.2";"67";"0.3";"31.3";"11.7";"688.599";"325.449";"0.282454";"2757.74";"100";"1024";"1.25";"150";"75";"102.4";"12.5";"114.9";"28.725";"143.625";"1e+15";"200";"360000";"0.1";"1.8";"143.625";"143.625";"0";"0";"14362.5";"14362.5";"PHOTOVOLTAIC";"ON";"OFF"
"run_20260926_150732";"2026-09-26";"15:07:32";"2026-09-26 15:07:32";"269";"hpc_extreme";"HPC - Extremo";"6";"60";"5";"1";"manual";"5000";"1800";"600";"30";"1";"origin";"main";"git@github.com:CAGDOJ/PhotovoltaicFirst.git";"Belem";"-1.4537";"-48.5078";"monocrystalline";"bifacial";"30000";"0.24";"1";"0.24";"1.2";"1.2";"67";"0.3";"31.3";"11.7";"685.431";"323.952";"0.282454";"2745.05";"100";"1024";"1.25";"150";"75";"102.4";"12.5";"114.9";"28.725";"143.625";"1e+15";"200";"360000";"0.1";"1.8";"143.625";"143.625";"0";"0";"14362.5";"14362.5";"PHOTOVOLTAIC";"ON";"OFF"
"run_20260926_150733";"2026-09-26";"15:07:33";"2026-09-26 15:07:33";"269";"hpc_extreme";"HPC - Extremo";"6";"60";"5";"1";"manual";"5000";"1800";"600";"30";"1";"origin";"main";"git@github.com:CAGDOJ/PhotovoltaicFirst.git";"Belem";"-1.4537";"-48.5078";"monocrystalline";"bifacial";"30000";"0.24";"1";"0.24";"1.2";"1.2";"67";"0.3";"31.3";"11.7";"685.431";"323.952";"0.282454";"2745.05";"100";"1024";"1.25";"150";"75";"102.4";"12.5";"114.9";"28.725";"143.625";"1e+15";"200";"360000";"0.1";"1.8";"143.625";"143.625";"0";"0";"14362.5";"14362.5";"PHOTOVOLTAIC";"ON";"OFF"
"run_20260926_150744";"2026-09-26";"15:07:44";"2026-09-26 15:07:44";"269";"hpc_extreme";"HPC - Extremo";"6";"60";"5";"1";"manual";"5000";"1800";"600";"30";"1";"origin";"main";"git@github.com:CAGDOJ/PhotovoltaicFirst.git";"Belem";"-1.4537";"-48.5078";"monocrystalline";"bifacial";"30000";"0.24";"1";"0.24";"1.2";"1.2";"67";"0.3";"31.3";"11.7";"685.431";"323.952";"0.282454";"2745.05";"100";"1024";"1.25";"150";"75";"102.4";"12.5";"114.9";"28.725";"143.625";"1e+15";"200";"360000";"0.1";"1.8";"143.625";"143.625";"0";"0";"14362.5";"14362.5";"PHOTOVOLTAIC";"ON";"OFF"
"run_20260926_150900";"2026-09-26";"15:09:00";"2026-09-26 15:09:00";"269";"hpc_extreme";"HPC - Extremo";"6";"60";"5";"1";"manual";"5000";"1800";"600";"30";"1";"origin";"main";"git@github.com:CAGDOJ/PhotovoltaicFirst.git";"Belem";"-1.4537";"-48.5078";"monocrystalline";"bifacial";"30000";"0.24";"1";"0.24";"1.2";"1.2";"67";"0.3";"31.3";"11.7";"679.056";"320.939";"0.282454";"2719.52";"100";"1024";"1.25";"150";"75";"102.4";"12.5";"114.9";"28.725";"143.625";"1e+15";"200";"360000";"0.1";"1.8";"143.625";"143.625";"0";"0";"14362.5";"14362.5";"PHOTOVOLTAIC";"ON";"OFF"
"run_20260926_150902";"2026-09-26";"15:09:02";"2026-09-26 15:09:02";"269";"hpc_extreme";"HPC - Extremo";"6";"60";"5";"1";"manual";"5000";"1800";"600";"30";"1";"origin";"main";"git@github.com:CAGDOJ/PhotovoltaicFirst.git";"Belem";"-1.4537";"-48.5078";"monocrystalline";"bifacial";"30000";"0.24";"1";"0.24";"1.2";"1.2";"67";"0.3";"31.3";"11.7";"679.056";"320.939";"0.282454";"2719.52";"100";"1024";"1.25";"150";"75";"102.4";"12.5";"114.9";"28.725";"143.625";"1e+15";"200";"360000";"0.1";"1.8";"143.625";"143.625";"0";"0";"14362.5";"14362.5";"PHOTOVOLTAIC";"ON";"OFF"
"run_20260926_150913";"2026-09-26";"15:09:13";"2026-09-26 15:09:13";"269";"hpc_extreme";"HPC - Extremo";"6";"60";"5";"1";"manual";"5000";"1800";"600";"30";"1";"origin";"main";"git@github.com:CAGDOJ/PhotovoltaicFirst.git";"Belem";"-1.4537";"-48.5078";"monocrystalline";"bifacial";"30000";"0.24";"1";"0.24";"1.2";"1.2";"67";"0.3";"31.3";"11.7";"679.056";"320.939";"0.282454";"2719.52";"100";"1024";"1.25";"150";"75";"102.4";"12.5";"114.9";"28.725";"143.625";"1e+15";"200";"360000";"0.1";"1.8";"143.625";"143.625";"0";"0";"14362.5";"14362.5";"PHOTOVOLTAIC";"ON";"OFF"
"run_20260926_151027";"2026-09-26";"15:10:27";"2026-09-26 15:10:27";"269";"hpc_extreme";"HPC - Extremo";"6";"60";"5";"1";"manual";"5000";"1800";"600";"30";"1";"origin";"main";"git@github.com:CAGDOJ/PhotovoltaicFirst.git";"Belem";"-1.4537";"-48.5078";"monocrystalline";"bifacial";"30000";"0.24";"1";"0.24";"1.2";"1.2";"67";"0.3";"31.3";"11.7";"675.849";"319.423";"0.282454";"2706.67";"100";"1024";"1.25";"150";"75";"102.4";"12.5";"114.9";"28.725";"143.625";"1e+15";"200";"360000";"0.1";"1.8";"143.625";"143.625";"0";"0";"14362.5";"14362.5";"PHOTOVOLTAIC";"ON";"OFF"
"run_20260926_151029";"2026-09-26";"15:10:29";"2026-09-26 15:10:29";"269";"hpc_extreme";"HPC - Extremo";"6";"60";"5";"1";"manual";"5000";"1800";"600";"30";"1";"origin";"main";"git@github.com:CAGDOJ/PhotovoltaicFirst.git";"Belem";"-1.4537";"-48.5078";"monocrystalline";"bifacial";"30000";"0.24";"1";"0.24";"1.2";"1.2";"67";"0.3";"31.3";"11.7";"675.849";"319.423";"0.282454";"2706.67";"100";"1024";"1.25";"150";"75";"102.4";"12.5";"114.9";"28.725";"143.625";"1e+15";"200";"360000";"0.1";"1.8";"143.625";"143.625";"0";"0";"14362.5";"14362.5";"PHOTOVOLTAIC";"ON";"OFF"
"run_20260926_151039";"2026-09-26";"15:10:39";"2026-09-26 15:10:39";"269";"hpc_extreme";"HPC - Extremo";"6";"60";"5";"1";"manual";"5000";"1800";"600";"30";"1";"origin";"main";"git@github.com:CAGDOJ/PhotovoltaicFirst.git";"Belem";"-1.4537";"-48.5078";"monocrystalline";"bifacial";"30000";"0.24";"1";"0.24";"1.2";"1.2";"67";"0.3";"31.3";"11.7";"675.849";"319.423";"0.282454";"2706.67";"100";"1024";"1.25";"150";"75";"102.4";"12.5";"114.9";"28.725";"143.625";"1e+15";"200";"360000";"0.1";"1.8";"143.625";"143.625";"0";"0";"14362.5";"14362.5";"PHOTOVOLTAIC";"ON";"OFF"
"run_20260926_151157";"2026-09-26";"15:11:57";"2026-09-26 15:11:57";"269";"hpc_extreme";"HPC - Extremo";"6";"60";"5";"1";"manual";"5000";"1800";"600";"30";"1";"origin";"main";"git@github.com:CAGDOJ/PhotovoltaicFirst.git";"Belem";"-1.4537";"-48.5078";"monocrystalline";"bifacial";"30000";"0.24";"1";"0.24";"1.2";"1.2";"67";"0.3";"31.3";"11.7";"672.629";"317.901";"0.282454";"2693.78";"100";"1024";"1.25";"150";"75";"102.4";"12.5";"114.9";"28.725";"143.625";"1e+15";"200";"360000";"0.1";"1.8";"143.625";"143.625";"0";"0";"14362.5";"14362.5";"PHOTOVOLTAIC";"ON";"OFF"
"run_20260926_151159";"2026-09-26";"15:11:59";"2026-09-26 15:11:59";"269";"hpc_extreme";"HPC - Extremo";"6";"60";"5";"1";"manual";"5000";"1800";"600";"30";"1";"origin";"main";"git@github.com:CAGDOJ/PhotovoltaicFirst.git";"Belem";"-1.4537";"-48.5078";"monocrystalline";"bifacial";"30000";"0.24";"1";"0.24";"1.2";"1.2";"67";"0.3";"31.3";"11.7";"672.629";"317.901";"0.282454";"2693.78";"100";"1024";"1.25";"150";"75";"102.4";"12.5";"114.9";"28.725";"143.625";"1e+15";"200";"360000";"0.1";"1.8";"143.625";"143.625";"0";"0";"14362.5";"14362.5";"PHOTOVOLTAIC";"ON";"OFF"
"run_20260926_151211";"2026-09-26";"15:12:11";"2026-09-26 15:12:11";"269";"hpc_extreme";"HPC - Extremo";"6";"60";"5";"1";"manual";"5000";"1800";"600";"30";"1";"origin";"main";"git@github.com:CAGDOJ/PhotovoltaicFirst.git";"Belem";"-1.4537";"-48.5078";"monocrystalline";"bifacial";"30000";"0.24";"1";"0.24";"1.2";"1.2";"67";"0.3";"31.3";"11.7";"669.396";"316.373";"0.282454";"2680.83";"100";"1024";"1.25";"150";"75";"102.4";"12.5";"114.9";"28.725";"143.625";"1e+15";"200";"360000";"0.1";"1.8";"143.625";"143.625";"0";"0";"14362.5";"14362.5";"PHOTOVOLTAIC";"ON";"OFF"
"run_20260926_151325";"2026-09-26";"15:13:25";"2026-09-26 15:13:25";"269";"hpc_extreme";"HPC - Extremo";"6";"60";"5";"1";"manual";"5000";"1800";"600";"30";"1";"origin";"main";"git@github.com:CAGDOJ/PhotovoltaicFirst.git";"Belem";"-1.4537";"-48.5078";"monocrystalline";"bifacial";"30000";"0.24";"1";"0.24";"1.2";"1.2";"67";"0.3";"31.3";"11.7";"666.15";"314.839";"0.282454";"2667.83";"100";"1024";"1.25";"150";"75";"102.4";"12.5";"114.9";"28.725";"143.625";"1e+15";"200";"360000";"0.1";"1.8";"143.625";"143.625";"0";"0";"14362.5";"14362.5";"PHOTOVOLTAIC";"ON";"OFF"
"run_20260926_151327";"2026-09-26";"15:13:27";"2026-09-26 15:13:27";"269";"hpc_extreme";"HPC - Extremo";"6";"60";"5";"1";"manual";"5000";"1800";"600";"30";"1";"origin";"main";"git@github.com:CAGDOJ/PhotovoltaicFirst.git";"Belem";"-1.4537";"-48.5078";"monocrystalline";"bifacial";"30000";"0.24";"1";"0.24";"1.2";"1.2";"67";"0.3";"31.3";"11.7";"666.15";"314.839";"0.282454";"2667.83";"100";"1024";"1.25";"150";"75";"102.4";"12.5";"114.9";"28.725";"143.625";"1e+15";"200";"360000";"0.1";"1.8";"143.625";"143.625";"0";"0";"14362.5";"14362.5";"PHOTOVOLTAIC";"ON";"OFF"
"run_20260926_151340";"2026-09-26";"15:13:40";"2026-09-26 15:13:40";"269";"hpc_extreme";"HPC - Extremo";"6";"60";"5";"1";"manual";"5000";"1800";"600";"30";"1";"origin";"main";"git@github.com:CAGDOJ/PhotovoltaicFirst.git";"Belem";"-1.4537";"-48.5078";"monocrystalline";"bifacial";"30000";"0.24";"1";"0.24";"1.2";"1.2";"67";"0.3";"31.3";"11.7";"666.15";"314.839";"0.282454";"2667.83";"100";"1024";"1.25";"150";"75";"102.4";"12.5";"114.9";"28.725";"143.625";"1e+15";"200";"360000";"0.1";"1.8";"143.625";"143.625";"0";"0";"14362.5";"14362.5";"PHOTOVOLTAIC";"ON";"OFF"
"run_20260926_151453";"2026-09-26";"15:14:53";"2026-09-26 15:14:53";"269";"hpc_extreme";"HPC - Extremo";"6";"60";"5";"1";"manual";"5000";"1800";"600";"30";"1";"origin";"main";"git@github.com:CAGDOJ/PhotovoltaicFirst.git";"Belem";"-1.4537";"-48.5078";"monocrystalline";"bifacial";"30000";"0.24";"1";"0.24";"1.2";"1.2";"67";"0.3";"31.3";"11.7";"662.892";"313.299";"0.282454";"2654.79";"100";"1024";"1.25";"150";"75";"102.4";"12.5";"114.9";"28.725";"143.625";"1e+15";"200";"360000";"0.1";"1.8";"143.625";"143.625";"0";"0";"14362.5";"14362.5";"PHOTOVOLTAIC";"ON";"OFF"
"run_20260926_151454";"2026-09-26";"15:14:54";"2026-09-26 15:14:54";"269";"hpc_extreme";"HPC - Extremo";"6";"60";"5";"1";"manual";"5000";"1800";"600";"30";"1";"origin";"main";"git@github.com:CAGDOJ/PhotovoltaicFirst.git";"Belem";"-1.4537";"-48.5078";"monocrystalline";"bifacial";"30000";"0.24";"1";"0.24";"1.2";"1.2";"67";"0.3";"31.3";"11.7";"662.892";"313.299";"0.282454";"2654.79";"100";"1024";"1.25";"150";"75";"102.4";"12.5";"114.9";"28.725";"143.625";"1e+15";"200";"360000";"0.1";"1.8";"143.625";"143.625";"0";"0";"14362.5";"14362.5";"PHOTOVOLTAIC";"ON";"OFF"
"run_20260926_151510";"2026-09-26";"15:15:10";"2026-09-26 15:15:10";"269";"hpc_extreme";"HPC - Extremo";"6";"60";"5";"1";"manual";"5000";"1800";"600";"30";"1";"origin";"main";"git@github.com:CAGDOJ/PhotovoltaicFirst.git";"Belem";"-1.4537";"-48.5078";"monocrystalline";"bifacial";"30000";"0.24";"1";"0.24";"1.2";"1.2";"63";"0.1";"31";"12.1";"659.622";"330.553";"0.282937";"2805.76";"100";"1024";"1.25";"150";"75";"102.4";"12.5";"114.9";"28.725";"143.625";"1e+15";"200";"360000";"0.1";"1.8";"143.625";"143.625";"0";"0";"14362.5";"14362.5";"PHOTOVOLTAIC";"ON";"OFF"
"run_20260926_151623";"2026-09-26";"15:16:23";"2026-09-26 15:16:23";"269";"hpc_extreme";"HPC - Extremo";"6";"60";"5";"1";"manual";"5000";"1800";"600";"30";"1";"origin";"main";"git@github.com:CAGDOJ/PhotovoltaicFirst.git";"Belem";"-1.4537";"-48.5078";"monocrystalline";"bifacial";"30000";"0.24";"1";"0.24";"1.2";"1.2";"63";"0.1";"31";"12.1";"656.338";"328.908";"0.282937";"2791.8";"100";"1024";"1.25";"150";"75";"102.4";"12.5";"114.9";"28.725";"143.625";"1e+15";"200";"360000";"0.1";"1.8";"143.625";"143.625";"0";"0";"14362.5";"14362.5";"PHOTOVOLTAIC";"ON";"OFF"
"run_20260926_151625";"2026-09-26";"15:16:25";"2026-09-26 15:16:25";"269";"hpc_extreme";"HPC - Extremo";"6";"60";"5";"1";"manual";"5000";"1800";"600";"30";"1";"origin";"main";"git@github.com:CAGDOJ/PhotovoltaicFirst.git";"Belem";"-1.4537";"-48.5078";"monocrystalline";"bifacial";"30000";"0.24";"1";"0.24";"1.2";"1.2";"63";"0.1";"31";"12.1";"656.338";"328.908";"0.282937";"2791.8";"100";"1024";"1.25";"150";"75";"102.4";"12.5";"114.9";"28.725";"143.625";"1e+15";"200";"360000";"0.1";"1.8";"143.625";"143.625";"0";"0";"14362.5";"14362.5";"PHOTOVOLTAIC";"ON";"OFF"
"run_20260926_151640";"2026-09-26";"15:16:40";"2026-09-26 15:16:40";"269";"hpc_extreme";"HPC - Extremo";"6";"60";"5";"1";"manual";"5000";"1800";"600";"30";"1";"origin";"main";"git@github.com:CAGDOJ/PhotovoltaicFirst.git";"Belem";"-1.4537";"-48.5078";"monocrystalline";"bifacial";"30000";"0.24";"1";"0.24";"1.2";"1.2";"63";"0.1";"31";"12.1";"656.338";"328.908";"0.282937";"2791.8";"100";"1024";"1.25";"150";"75";"102.4";"12.5";"114.9";"28.725";"143.625";"1e+15";"200";"360000";"0.1";"1.8";"143.625";"143.625";"0";"0";"14362.5";"14362.5";"PHOTOVOLTAIC";"ON";"OFF"
"run_20260926_151753";"2026-09-26";"15:17:53";"2026-09-26 15:17:53";"269";"hpc_extreme";"HPC - Extremo";"6";"60";"5";"1";"manual";"5000";"1800";"600";"30";"1";"origin";"main";"git@github.com:CAGDOJ/PhotovoltaicFirst.git";"Belem";"-1.4537";"-48.5078";"monocrystalline";"bifacial";"30000";"0.24";"1";"0.24";"1.2";"1.2";"63";"0.1";"31";"12.1";"653.043";"327.256";"0.282937";"2777.78";"100";"1024";"1.25";"150";"75";"102.4";"12.5";"114.9";"28.725";"143.625";"1e+15";"200";"360000";"0.1";"1.8";"143.625";"143.625";"0";"0";"14362.5";"14362.5";"PHOTOVOLTAIC";"ON";"OFF"
"run_20260926_151755";"2026-09-26";"15:17:55";"2026-09-26 15:17:55";"269";"hpc_extreme";"HPC - Extremo";"6";"60";"5";"1";"manual";"5000";"1800";"600";"30";"1";"origin";"main";"git@github.com:CAGDOJ/PhotovoltaicFirst.git";"Belem";"-1.4537";"-48.5078";"monocrystalline";"bifacial";"30000";"0.24";"1";"0.24";"1.2";"1.2";"63";"0.1";"31";"12.1";"653.043";"327.256";"0.282937";"2777.78";"100";"1024";"1.25";"150";"75";"102.4";"12.5";"114.9";"28.725";"143.625";"1e+15";"200";"360000";"0.1";"1.8";"143.625";"143.625";"0";"0";"14362.5";"14362.5";"PHOTOVOLTAIC";"ON";"OFF"
"run_20260926_151807";"2026-09-26";"15:18:07";"2026-09-26 15:18:07";"269";"hpc_extreme";"HPC - Extremo";"6";"60";"5";"1";"manual";"5000";"1800";"600";"30";"1";"origin";"main";"git@github.com:CAGDOJ/PhotovoltaicFirst.git";"Belem";"-1.4537";"-48.5078";"monocrystalline";"bifacial";"30000";"0.24";"1";"0.24";"1.2";"1.2";"63";"0.1";"31";"12.1";"649.734";"325.598";"0.282937";"2763.71";"100";"1024";"1.25";"150";"75";"102.4";"12.5";"114.9";"28.725";"143.625";"1e+15";"200";"360000";"0.1";"1.8";"143.625";"143.625";"0";"0";"14362.5";"14362.5";"PHOTOVOLTAIC";"ON";"OFF"
"run_20260926_151927";"2026-09-26";"15:19:27";"2026-09-26 15:19:27";"269";"hpc_extreme";"HPC - Extremo";"6";"60";"5";"1";"manual";"5000";"1800";"600";"30";"1";"origin";"main";"git@github.com:CAGDOJ/PhotovoltaicFirst.git";"Belem";"-1.4537";"-48.5078";"monocrystalline";"bifacial";"30000";"0.24";"1";"0.24";"1.2";"1.2";"63";"0.1";"31";"12.1";"646.414";"323.934";"0.282937";"2749.58";"100";"1024";"1.25";"150";"75";"102.4";"12.5";"114.9";"28.725";"143.625";"1e+15";"200";"360000";"0.1";"1.8";"143.625";"143.625";"0";"0";"14362.5";"14362.5";"PHOTOVOLTAIC";"ON";"OFF"
"run_20260926_151936";"2026-09-26";"15:19:36";"2026-09-26 15:19:36";"269";"hpc_extreme";"HPC - Extremo";"6";"60";"5";"1";"manual";"5000";"1800";"600";"30";"1";"origin";"main";"git@github.com:CAGDOJ/PhotovoltaicFirst.git";"Belem";"-1.4537";"-48.5078";"monocrystalline";"bifacial";"30000";"0.24";"1";"0.24";"1.2";"1.2";"63";"0.1";"31";"12.1";"646.414";"323.934";"0.282937";"2749.58";"100";"1024";"1.25";"150";"75";"102.4";"12.5";"114.9";"28.725";"143.625";"1e+15";"200";"360000";"0.1";"1.8";"143.625";"143.625";"0";"0";"14362.5";"14362.5";"PHOTOVOLTAIC";"ON";"OFF"
"run_20260926_152059";"2026-09-26";"15:20:59";"2026-09-26 15:20:59";"269";"hpc_extreme";"HPC - Extremo";"6";"60";"5";"1";"manual";"5000";"1800";"600";"30";"1";"origin";"main";"git@github.com:CAGDOJ/PhotovoltaicFirst.git";"Belem";"-1.4537";"-48.5078";"monocrystalline";"bifacial";"30000";"0.24";"1";"0.24";"1.2";"1.2";"63";"0.1";"31";"12.1";"643.081";"322.264";"0.282937";"2735.41";"100";"1024";"1.25";"150";"75";"102.4";"12.5";"114.9";"28.725";"143.625";"1e+15";"200";"360000";"0.1";"1.8";"143.625";"143.625";"0";"0";"14362.5";"14362.5";"PHOTOVOLTAIC";"ON";"OFF"
"run_20260926_152105";"2026-09-26";"15:21:05";"2026-09-26 15:21:05";"269";"hpc_extreme";"HPC - Extremo";"6";"60";"5";"1";"manual";"5000";"1800";"600";"30";"1";"origin";"main";"git@github.com:CAGDOJ/PhotovoltaicFirst.git";"Belem";"-1.4537";"-48.5078";"monocrystalline";"bifacial";"30000";"0.24";"1";"0.24";"1.2";"1.2";"63";"0.1";"31";"12.1";"639.736";"320.588";"0.282937";"2721.18";"100";"1024";"1.25";"150";"75";"102.4";"12.5";"114.9";"28.725";"143.625";"1e+15";"200";"360000";"0.1";"1.8";"143.625";"143.625";"0";"0";"14362.5";"14362.5";"PHOTOVOLTAIC";"ON";"OFF"
"run_20260926_152110";"2026-09-26";"15:21:10";"2026-09-26 15:21:10";"269";"hpc_extreme";"HPC - Extremo";"6";"60";"5";"1";"manual";"5000";"1800";"600";"30";"1";"origin";"main";"git@github.com:CAGDOJ/PhotovoltaicFirst.git";"Belem";"-1.4537";"-48.5078";"monocrystalline";"bifacial";"30000";"0.24";"1";"0.24";"1.2";"1.2";"63";"0.1";"31";"12.1";"639.736";"320.588";"0.282937";"2721.18";"100";"1024";"1.25";"150";"75";"102.4";"12.5";"114.9";"28.725";"143.625";"1e+15";"200";"360000";"0.1";"1.8";"143.625";"143.625";"0";"0";"14362.5";"14362.5";"PHOTOVOLTAIC";"ON";"OFF"
"run_20260926_152233";"2026-09-26";"15:22:33";"2026-09-26 15:22:33";"269";"hpc_extreme";"HPC - Extremo";"6";"60";"5";"1";"manual";"5000";"1800";"600";"30";"1";"origin";"main";"git@github.com:CAGDOJ/PhotovoltaicFirst.git";"Belem";"-1.4537";"-48.5078";"monocrystalline";"bifacial";"30000";"0.24";"1";"0.24";"1.2";"1.2";"63";"0.1";"31";"12.1";"636.379";"318.905";"0.282937";"2706.9";"100";"1024";"1.25";"150";"75";"102.4";"12.5";"114.9";"28.725";"143.625";"1e+15";"200";"360000";"0.1";"1.8";"143.625";"143.625";"0";"0";"14362.5";"14362.5";"PHOTOVOLTAIC";"ON";"OFF"
"run_20260926_152240";"2026-09-26";"15:22:40";"2026-09-26 15:22:40";"269";"hpc_extreme";"HPC - Extremo";"6";"60";"5";"1";"manual";"5000";"1800";"600";"30";"1";"origin";"main";"git@github.com:CAGDOJ/PhotovoltaicFirst.git";"Belem";"-1.4537";"-48.5078";"monocrystalline";"bifacial";"30000";"0.24";"1";"0.24";"1.2";"1.2";"63";"0.1";"31";"12.1";"636.379";"318.905";"0.282937";"2706.9";"100";"1024";"1.25";"150";"75";"102.4";"12.5";"114.9";"28.725";"143.625";"1e+15";"200";"360000";"0.1";"1.8";"143.625";"143.625";"0";"0";"14362.5";"14362.5";"PHOTOVOLTAIC";"ON";"OFF"
"run_20260926_152242";"2026-09-26";"15:22:42";"2026-09-26 15:22:42";"269";"hpc_extreme";"HPC - Extremo";"6";"60";"5";"1";"manual";"5000";"1800";"600";"30";"1";"origin";"main";"git@github.com:CAGDOJ/PhotovoltaicFirst.git";"Belem";"-1.4537";"-48.5078";"monocrystalline";"bifacial";"30000";"0.24";"1";"0.24";"1.2";"1.2";"63";"0.1";"31";"12.1";"636.379";"318.905";"0.282937";"2706.9";"100";"1024";"1.25";"150";"75";"102.4";"12.5";"114.9";"28.725";"143.625";"1e+15";"200";"360000";"0.1";"1.8";"143.625";"143.625";"0";"0";"14362.5";"14362.5";"PHOTOVOLTAIC";"ON";"OFF"
"run_20260926_152408";"2026-09-26";"15:24:08";"2026-09-26 15:24:08";"269";"hpc_extreme";"HPC - Extremo";"6";"60";"5";"1";"manual";"5000";"1800";"600";"30";"1";"origin";"main";"git@github.com:CAGDOJ/PhotovoltaicFirst.git";"Belem";"-1.4537";"-48.5078";"monocrystalline";"bifacial";"30000";"0.24";"1";"0.24";"1.2";"1.2";"63";"0.1";"31";"12.1";"629.628";"315.522";"0.282937";"2678.19";"100";"1024";"1.25";"150";"75";"102.4";"12.5";"114.9";"28.725";"143.625";"1e+15";"200";"360000";"0.1";"1.8";"143.625";"143.625";"0";"0";"14362.5";"14362.5";"PHOTOVOLTAIC";"ON";"OFF"
"run_20260926_152412";"2026-09-26";"15:24:12";"2026-09-26 15:24:12";"269";"hpc_extreme";"HPC - Extremo";"6";"60";"5";"1";"manual";"5000";"1800";"600";"30";"1";"origin";"main";"git@github.com:CAGDOJ/PhotovoltaicFirst.git";"Belem";"-1.4537";"-48.5078";"monocrystalline";"bifacial";"30000";"0.24";"1";"0.24";"1.2";"1.2";"63";"0.1";"31";"12.1";"629.628";"315.522";"0.282937";"2678.19";"100";"1024";"1.25";"150";"75";"102.4";"12.5";"114.9";"28.725";"143.625";"1e+15";"200";"360000";"0.1";"1.8";"143.625";"143.625";"0";"0";"14362.5";"14362.5";"PHOTOVOLTAIC";"ON";"OFF"
"run_20260926_152415";"2026-09-26";"15:24:15";"2026-09-26 15:24:15";"269";"hpc_extreme";"HPC - Extremo";"6";"60";"5";"1";"manual";"5000";"1800";"600";"30";"1";"origin";"main";"git@github.com:CAGDOJ/PhotovoltaicFirst.git";"Belem";"-1.4537";"-48.5078";"monocrystalline";"bifacial";"30000";"0.24";"1";"0.24";"1.2";"1.2";"63";"0.1";"31";"12.1";"629.628";"315.522";"0.282937";"2678.19";"100";"1024";"1.25";"150";"75";"102.4";"12.5";"114.9";"28.725";"143.625";"1e+15";"200";"360000";"0.1";"1.8";"143.625";"143.625";"0";"0";"14362.5";"14362.5";"PHOTOVOLTAIC";"ON";"OFF"
"run_20260926_152542";"2026-09-26";"15:25:42";"2026-09-26 15:25:42";"269";"hpc_extreme";"HPC - Extremo";"6";"60";"5";"1";"manual";"5000";"1800";"600";"30";"1";"origin";"main";"git@github.com:CAGDOJ/PhotovoltaicFirst.git";"Belem";"-1.4537";"-48.5078";"monocrystalline";"bifacial";"30000";"0.24";"1";"0.24";"1.2";"1.2";"63";"0.1";"31";"12.1";"626.235";"313.822";"0.282937";"2663.75";"100";"1024";"1.25";"150";"75";"102.4";"12.5";"114.9";"28.725";"143.625";"1e+15";"200";"360000";"0.1";"1.8";"143.625";"143.625";"0";"0";"14362.5";"14362.5";"PHOTOVOLTAIC";"ON";"OFF"
"run_20260926_152543";"2026-09-26";"15:25:43";"2026-09-26 15:25:43";"269";"hpc_extreme";"HPC - Extremo";"6";"60";"5";"1";"manual";"5000";"1800";"600";"30";"1";"origin";"main";"git@github.com:CAGDOJ/PhotovoltaicFirst.git";"Belem";"-1.4537";"-48.5078";"monocrystalline";"bifacial";"30000";"0.24";"1";"0.24";"1.2";"1.2";"63";"0.1";"31";"12.1";"626.235";"313.822";"0.282937";"2663.75";"100";"1024";"1.25";"150";"75";"102.4";"12.5";"114.9";"28.725";"143.625";"1e+15";"200";"360000";"0.1";"1.8";"143.625";"143.625";"0";"0";"14362.5";"14362.5";"PHOTOVOLTAIC";"ON";"OFF"
"run_20260926_152545";"2026-09-26";"15:25:45";"2026-09-26 15:25:45";"269";"hpc_extreme";"HPC - Extremo";"6";"60";"5";"1";"manual";"5000";"1800";"600";"30";"1";"origin";"main";"git@github.com:CAGDOJ/PhotovoltaicFirst.git";"Belem";"-1.4537";"-48.5078";"monocrystalline";"bifacial";"30000";"0.24";"1";"0.24";"1.2";"1.2";"63";"0.1";"31";"12.1";"626.235";"313.822";"0.282937";"2663.75";"100";"1024";"1.25";"150";"75";"102.4";"12.5";"114.9";"28.725";"143.625";"1e+15";"200";"360000";"0.1";"1.8";"143.625";"143.625";"0";"0";"14362.5";"14362.5";"PHOTOVOLTAIC";"ON";"OFF"
"run_20260926_152716";"2026-09-26";"15:27:16";"2026-09-26 15:27:16";"269";"hpc_extreme";"HPC - Extremo";"6";"60";"5";"1";"manual";"5000";"1800";"600";"30";"1";"origin";"main";"git@github.com:CAGDOJ/PhotovoltaicFirst.git";"Belem";"-1.4537";"-48.5078";"monocrystalline";"bifacial";"30000";"0.24";"1";"0.24";"1.2";"1.2";"63";"0.1";"31";"12.1";"619.413";"310.403";"0.282937";"2634.73";"100";"1024";"1.25";"150";"75";"102.4";"12.5";"114.9";"28.725";"143.625";"1e+15";"200";"360000";"0.1";"1.8";"143.625";"143.625";"0";"0";"14362.5";"14362.5";"PHOTOVOLTAIC";"ON";"OFF"
"run_20260926_152718";"2026-09-26";"15:27:18";"2026-09-26 15:27:18";"269";"hpc_extreme";"HPC - Extremo";"6";"60";"5";"1";"manual";"5000";"1800";"600";"30";"1";"origin";"main";"git@github.com:CAGDOJ/PhotovoltaicFirst.git";"Belem";"-1.4537";"-48.5078";"monocrystalline";"bifacial";"30000";"0.24";"1";"0.24";"1.2";"1.2";"63";"0.1";"31";"12.1";"619.413";"310.403";"0.282937";"2634.73";"100";"1024";"1.25";"150";"75";"102.4";"12.5";"114.9";"28.725";"143.625";"1e+15";"200";"360000";"0.1";"1.8";"143.625";"143.625";"0";"0";"14362.5";"14362.5";"PHOTOVOLTAIC";"ON";"OFF"
"run_20260926_152849";"2026-09-26";"15:28:49";"2026-09-26 15:28:49";"269";"hpc_extreme";"HPC - Extremo";"6";"60";"5";"1";"manual";"5000";"1800";"600";"30";"1";"origin";"main";"git@github.com:CAGDOJ/PhotovoltaicFirst.git";"Belem";"-1.4537";"-48.5078";"monocrystalline";"bifacial";"30000";"0.24";"1";"0.24";"1.2";"1.2";"63";"0.1";"31";"12.1";"615.984";"308.685";"0.282937";"2620.15";"100";"1024";"1.25";"150";"75";"102.4";"12.5";"114.9";"28.725";"143.625";"1e+15";"200";"360000";"0.1";"1.8";"143.625";"143.625";"0";"0";"14362.5";"14362.5";"PHOTOVOLTAIC";"ON";"OFF"
"run_20260926_152850";"2026-09-26";"15:28:50";"2026-09-26 15:28:50";"269";"hpc_extreme";"HPC - Extremo";"6";"60";"5";"1";"manual";"5000";"1800";"600";"30";"1";"origin";"main";"git@github.com:CAGDOJ/PhotovoltaicFirst.git";"Belem";"-1.4537";"-48.5078";"monocrystalline";"bifacial";"30000";"0.24";"1";"0.24";"1.2";"1.2";"63";"0.1";"31";"12.1";"615.984";"308.685";"0.282937";"2620.15";"100";"1024";"1.25";"150";"75";"102.4";"12.5";"114.9";"28.725";"143.625";"1e+15";"200";"360000";"0.1";"1.8";"143.625";"143.625";"0";"0";"14362.5";"14362.5";"PHOTOVOLTAIC";"ON";"OFF"
"run_20260926_152851";"2026-09-26";"15:28:51";"2026-09-26 15:28:51";"269";"hpc_extreme";"HPC - Extremo";"6";"60";"5";"1";"manual";"5000";"1800";"600";"30";"1";"origin";"main";"git@github.com:CAGDOJ/PhotovoltaicFirst.git";"Belem";"-1.4537";"-48.5078";"monocrystalline";"bifacial";"30000";"0.24";"1";"0.24";"1.2";"1.2";"63";"0.1";"31";"12.1";"615.984";"308.685";"0.282937";"2620.15";"100";"1024";"1.25";"150";"75";"102.4";"12.5";"114.9";"28.725";"143.625";"1e+15";"200";"360000";"0.1";"1.8";"143.625";"143.625";"0";"0";"14362.5";"14362.5";"PHOTOVOLTAIC";"ON";"OFF"
"run_20260926_153021";"2026-09-26";"15:30:21";"2026-09-26 15:30:21";"269";"hpc_extreme";"HPC - Extremo";"6";"60";"5";"1";"manual";"5000";"1800";"600";"30";"1";"origin";"main";"git@github.com:CAGDOJ/PhotovoltaicFirst.git";"Belem";"-1.4537";"-48.5078";"monocrystalline";"bifacial";"30000";"0.24";"1";"0.24";"1.2";"1.2";"54";"0.1";"30.9";"12";"609.091";"344.289";"0.283045";"2923.48";"100";"1024";"1.25";"150";"75";"102.4";"12.5";"114.9";"28.725";"143.625";"1e+15";"200";"360000";"0.1";"1.8";"143.625";"143.625";"0";"0";"14362.5";"14362.5";"PHOTOVOLTAIC";"ON";"OFF"
"run_20260926_153024";"2026-09-26";"15:30:24";"2026-09-26 15:30:24";"269";"hpc_extreme";"HPC - Extremo";"6";"60";"5";"1";"manual";"5000";"1800";"600";"30";"1";"origin";"main";"git@github.com:CAGDOJ/PhotovoltaicFirst.git";"Belem";"-1.4537";"-48.5078";"monocrystalline";"bifacial";"30000";"0.24";"1";"0.24";"1.2";"1.2";"54";"0.1";"30.9";"12";"609.091";"344.289";"0.283045";"2923.48";"100";"1024";"1.25";"150";"75";"102.4";"12.5";"114.9";"28.725";"143.625";"1e+15";"200";"360000";"0.1";"1.8";"143.625";"143.625";"0";"0";"14362.5";"14362.5";"PHOTOVOLTAIC";"ON";"OFF"
"run_20260926_153149";"2026-09-26";"15:31:49";"2026-09-26 15:31:49";"269";"hpc_extreme";"HPC - Extremo";"6";"60";"5";"1";"manual";"5000";"1800";"600";"30";"1";"origin";"main";"git@github.com:CAGDOJ/PhotovoltaicFirst.git";"Belem";"-1.4537";"-48.5078";"monocrystalline";"bifacial";"30000";"0.24";"1";"0.24";"1.2";"1.2";"54";"0.1";"30.9";"12";"605.628";"342.331";"0.283045";"2906.85";"100";"1024";"1.25";"150";"75";"102.4";"12.5";"114.9";"28.725";"143.625";"1e+15";"200";"360000";"0.1";"1.8";"143.625";"143.625";"0";"0";"14362.5";"14362.5";"PHOTOVOLTAIC";"ON";"OFF"
"run_20260926_153151";"2026-09-26";"15:31:51";"2026-09-26 15:31:51";"269";"hpc_extreme";"HPC - Extremo";"6";"60";"5";"1";"manual";"5000";"1800";"600";"30";"1";"origin";"main";"git@github.com:CAGDOJ/PhotovoltaicFirst.git";"Belem";"-1.4537";"-48.5078";"monocrystalline";"bifacial";"30000";"0.24";"1";"0.24";"1.2";"1.2";"54";"0.1";"30.9";"12";"605.628";"342.331";"0.283045";"2906.85";"100";"1024";"1.25";"150";"75";"102.4";"12.5";"114.9";"28.725";"143.625";"1e+15";"200";"360000";"0.1";"1.8";"143.625";"143.625";"0";"0";"14362.5";"14362.5";"PHOTOVOLTAIC";"ON";"OFF"
"run_20260926_153152";"2026-09-26";"15:31:52";"2026-09-26 15:31:52";"269";"hpc_extreme";"HPC - Extremo";"6";"60";"5";"1";"manual";"5000";"1800";"600";"30";"1";"origin";"main";"git@github.com:CAGDOJ/PhotovoltaicFirst.git";"Belem";"-1.4537";"-48.5078";"monocrystalline";"bifacial";"30000";"0.24";"1";"0.24";"1.2";"1.2";"54";"0.1";"30.9";"12";"605.628";"342.331";"0.283045";"2906.85";"100";"1024";"1.25";"150";"75";"102.4";"12.5";"114.9";"28.725";"143.625";"1e+15";"200";"360000";"0.1";"1.8";"143.625";"143.625";"0";"0";"14362.5";"14362.5";"PHOTOVOLTAIC";"ON";"OFF"
"run_20260926_153321";"2026-09-26";"15:33:21";"2026-09-26 15:33:21";"269";"hpc_extreme";"HPC - Extremo";"6";"60";"5";"1";"manual";"5000";"1800";"600";"30";"1";"origin";"main";"git@github.com:CAGDOJ/PhotovoltaicFirst.git";"Belem";"-1.4537";"-48.5078";"monocrystalline";"bifacial";"30000";"0.24";"1";"0.24";"1.2";"1.2";"54";"0.1";"30.9";"12";"598.666";"338.396";"0.283045";"2873.44";"100";"1024";"1.25";"150";"75";"102.4";"12.5";"114.9";"28.725";"143.625";"1e+15";"200";"360000";"0.1";"1.8";"143.625";"143.625";"0";"0";"14362.5";"14362.5";"PHOTOVOLTAIC";"ON";"OFF"
"run_20260926_153323";"2026-09-26";"15:33:23";"2026-09-26 15:33:23";"269";"hpc_extreme";"HPC - Extremo";"6";"60";"5";"1";"manual";"5000";"1800";"600";"30";"1";"origin";"main";"git@github.com:CAGDOJ/PhotovoltaicFirst.git";"Belem";"-1.4537";"-48.5078";"monocrystalline";"bifacial";"30000";"0.24";"1";"0.24";"1.2";"1.2";"54";"0.1";"30.9";"12";"598.666";"338.396";"0.283045";"2873.44";"100";"1024";"1.25";"150";"75";"102.4";"12.5";"114.9";"28.725";"143.625";"1e+15";"200";"360000";"0.1";"1.8";"143.625";"143.625";"0";"0";"14362.5";"14362.5";"PHOTOVOLTAIC";"ON";"OFF"
"run_20260926_153451";"2026-09-26";"15:34:51";"2026-09-26 15:34:51";"269";"hpc_extreme";"HPC - Extremo";"6";"60";"5";"1";"manual";"5000";"1800";"600";"30";"1";"origin";"main";"git@github.com:CAGDOJ/PhotovoltaicFirst.git";"Belem";"-1.4537";"-48.5078";"monocrystalline";"bifacial";"30000";"0.24";"1";"0.24";"1.2";"1.2";"54";"0.1";"30.9";"12";"595.168";"336.419";"0.283045";"2856.65";"100";"1024";"1.25";"150";"75";"102.4";"12.5";"114.9";"28.725";"143.625";"1e+15";"200";"360000";"0.1";"1.8";"143.625";"143.625";"0";"0";"14362.5";"14362.5";"PHOTOVOLTAIC";"ON";"OFF"
"run_20260926_153453";"2026-09-26";"15:34:53";"2026-09-26 15:34:53";"269";"hpc_extreme";"HPC - Extremo";"6";"60";"5";"1";"manual";"5000";"1800";"600";"30";"1";"origin";"main";"git@github.com:CAGDOJ/PhotovoltaicFirst.git";"Belem";"-1.4537";"-48.5078";"monocrystalline";"bifacial";"30000";"0.24";"1";"0.24";"1.2";"1.2";"54";"0.1";"30.9";"12";"595.168";"336.419";"0.283045";"2856.65";"100";"1024";"1.25";"150";"75";"102.4";"12.5";"114.9";"28.725";"143.625";"1e+15";"200";"360000";"0.1";"1.8";"143.625";"143.625";"0";"0";"14362.5";"14362.5";"PHOTOVOLTAIC";"ON";"OFF"
"run_20260926_153622";"2026-09-26";"15:36:22";"2026-09-26 15:36:22";"269";"hpc_extreme";"HPC - Extremo";"6";"60";"5";"1";"manual";"5000";"1800";"600";"30";"1";"origin";"main";"git@github.com:CAGDOJ/PhotovoltaicFirst.git";"Belem";"-1.4537";"-48.5078";"monocrystalline";"bifacial";"30000";"0.24";"1";"0.24";"1.2";"1.2";"54";"0.1";"30.9";"12";"588.138";"332.445";"0.283045";"2822.91";"100";"1024";"1.25";"150";"75";"102.4";"12.5";"114.9";"28.725";"143.625";"1e+15";"200";"360000";"0.1";"1.8";"143.625";"143.625";"0";"0";"14362.5";"14362.5";"PHOTOVOLTAIC";"ON";"OFF"
"run_20260926_153624";"2026-09-26";"15:36:24";"2026-09-26 15:36:24";"269";"hpc_extreme";"HPC - Extremo";"6";"60";"5";"1";"manual";"5000";"1800";"600";"30";"1";"origin";"main";"git@github.com:CAGDOJ/PhotovoltaicFirst.git";"Belem";"-1.4537";"-48.5078";"monocrystalline";"bifacial";"30000";"0.24";"1";"0.24";"1.2";"1.2";"54";"0.1";"30.9";"12";"588.138";"332.445";"0.283045";"2822.91";"100";"1024";"1.25";"150";"75";"102.4";"12.5";"114.9";"28.725";"143.625";"1e+15";"200";"360000";"0.1";"1.8";"143.625";"143.625";"0";"0";"14362.5";"14362.5";"PHOTOVOLTAIC";"ON";"OFF"
"run_20260926_153627";"2026-09-26";"15:36:27";"2026-09-26 15:36:27";"269";"hpc_extreme";"HPC - Extremo";"6";"60";"5";"1";"manual";"5000";"1800";"600";"30";"1";"origin";"main";"git@github.com:CAGDOJ/PhotovoltaicFirst.git";"Belem";"-1.4537";"-48.5078";"monocrystalline";"bifacial";"30000";"0.24";"1";"0.24";"1.2";"1.2";"54";"0.1";"30.9";"12";"588.138";"332.445";"0.283045";"2822.91";"100";"1024";"1.25";"150";"75";"102.4";"12.5";"114.9";"28.725";"143.625";"1e+15";"200";"360000";"0.1";"1.8";"143.625";"143.625";"0";"0";"14362.5";"14362.5";"PHOTOVOLTAIC";"ON";"OFF"
"run_20260926_153750";"2026-09-26";"15:37:50";"2026-09-26 15:37:50";"269";"hpc_extreme";"HPC - Extremo";"6";"60";"5";"1";"manual";"5000";"1800";"600";"30";"1";"origin";"main";"git@github.com:CAGDOJ/PhotovoltaicFirst.git";"Belem";"-1.4537";"-48.5078";"monocrystalline";"bifacial";"30000";"0.24";"1";"0.24";"1.2";"1.2";"54";"0.1";"30.9";"12";"584.606";"330.448";"0.283045";"2805.95";"100";"1024";"1.25";"150";"75";"102.4";"12.5";"114.9";"28.725";"143.625";"1e+15";"200";"360000";"0.1";"1.8";"143.625";"143.625";"0";"0";"14362.5";"14362.5";"PHOTOVOLTAIC";"ON";"OFF"
"run_20260926_153751";"2026-09-26";"15:37:51";"2026-09-26 15:37:51";"269";"hpc_extreme";"HPC - Extremo";"6";"60";"5";"1";"manual";"5000";"1800";"600";"30";"1";"origin";"main";"git@github.com:CAGDOJ/PhotovoltaicFirst.git";"Belem";"-1.4537";"-48.5078";"monocrystalline";"bifacial";"30000";"0.24";"1";"0.24";"1.2";"1.2";"54";"0.1";"30.9";"12";"584.606";"330.448";"0.283045";"2805.95";"100";"1024";"1.25";"150";"75";"102.4";"12.5";"114.9";"28.725";"143.625";"1e+15";"200";"360000";"0.1";"1.8";"143.625";"143.625";"0";"0";"14362.5";"14362.5";"PHOTOVOLTAIC";"ON";"OFF"
"run_20260926_153753";"2026-09-26";"15:37:53";"2026-09-26 15:37:53";"269";"hpc_extreme";"HPC - Extremo";"6";"60";"5";"1";"manual";"5000";"1800";"600";"30";"1";"origin";"main";"git@github.com:CAGDOJ/PhotovoltaicFirst.git";"Belem";"-1.4537";"-48.5078";"monocrystalline";"bifacial";"30000";"0.24";"1";"0.24";"1.2";"1.2";"54";"0.1";"30.9";"12";"584.606";"330.448";"0.283045";"2805.95";"100";"1024";"1.25";"150";"75";"102.4";"12.5";"114.9";"28.725";"143.625";"1e+15";"200";"360000";"0.1";"1.8";"143.625";"143.625";"0";"0";"14362.5";"14362.5";"PHOTOVOLTAIC";"ON";"OFF"
"run_20260926_153923";"2026-09-26";"15:39:23";"2026-09-26 15:39:23";"269";"hpc_extreme";"HPC - Extremo";"6";"60";"5";"1";"manual";"5000";"1800";"600";"30";"1";"origin";"main";"git@github.com:CAGDOJ/PhotovoltaicFirst.git";"Belem";"-1.4537";"-48.5078";"monocrystalline";"bifacial";"30000";"0.24";"1";"0.24";"1.2";"1.2";"54";"0.1";"30.9";"12";"577.509";"326.437";"0.283045";"2771.89";"100";"1024";"1.25";"150";"75";"102.4";"12.5";"114.9";"28.725";"143.625";"1e+15";"200";"360000";"0.1";"1.8";"143.625";"143.625";"0";"0";"14362.5";"14362.5";"PHOTOVOLTAIC";"ON";"OFF"
"run_20260926_153925";"2026-09-26";"15:39:25";"2026-09-26 15:39:25";"269";"hpc_extreme";"HPC - Extremo";"6";"60";"5";"1";"manual";"5000";"1800";"600";"30";"1";"origin";"main";"git@github.com:CAGDOJ/PhotovoltaicFirst.git";"Belem";"-1.4537";"-48.5078";"monocrystalline";"bifacial";"30000";"0.24";"1";"0.24";"1.2";"1.2";"54";"0.1";"30.9";"12";"577.509";"326.437";"0.283045";"2771.89";"100";"1024";"1.25";"150";"75";"102.4";"12.5";"114.9";"28.725";"143.625";"1e+15";"200";"360000";"0.1";"1.8";"143.625";"143.625";"0";"0";"14362.5";"14362.5";"PHOTOVOLTAIC";"ON";"OFF"
"run_20260926_154055";"2026-09-26";"15:40:55";"2026-09-26 15:40:55";"269";"hpc_extreme";"HPC - Extremo";"6";"60";"5";"1";"manual";"5000";"1800";"600";"30";"1";"origin";"main";"git@github.com:CAGDOJ/PhotovoltaicFirst.git";"Belem";"-1.4537";"-48.5078";"monocrystalline";"bifacial";"30000";"0.24";"1";"0.24";"1.2";"1.2";"54";"0.1";"30.9";"12";"573.944";"324.422";"0.283045";"2754.78";"100";"1024";"1.25";"150";"75";"102.4";"12.5";"114.9";"28.725";"143.625";"1e+15";"200";"360000";"0.1";"1.8";"143.625";"143.625";"0";"0";"14362.5";"14362.5";"PHOTOVOLTAIC";"ON";"OFF"
"run_20260926_154056";"2026-09-26";"15:40:56";"2026-09-26 15:40:56";"269";"hpc_extreme";"HPC - Extremo";"6";"60";"5";"1";"manual";"5000";"1800";"600";"30";"1";"origin";"main";"git@github.com:CAGDOJ/PhotovoltaicFirst.git";"Belem";"-1.4537";"-48.5078";"monocrystalline";"bifacial";"30000";"0.24";"1";"0.24";"1.2";"1.2";"54";"0.1";"30.9";"12";"573.944";"324.422";"0.283045";"2754.78";"100";"1024";"1.25";"150";"75";"102.4";"12.5";"114.9";"28.725";"143.625";"1e+15";"200";"360000";"0.1";"1.8";"143.625";"143.625";"0";"0";"14362.5";"14362.5";"PHOTOVOLTAIC";"ON";"OFF"
"run_20260926_154058";"2026-09-26";"15:40:58";"2026-09-26 15:40:58";"269";"hpc_extreme";"HPC - Extremo";"6";"60";"5";"1";"manual";"5000";"1800";"600";"30";"1";"origin";"main";"git@github.com:CAGDOJ/PhotovoltaicFirst.git";"Belem";"-1.4537";"-48.5078";"monocrystalline";"bifacial";"30000";"0.24";"1";"0.24";"1.2";"1.2";"54";"0.1";"30.9";"12";"573.944";"324.422";"0.283045";"2754.78";"100";"1024";"1.25";"150";"75";"102.4";"12.5";"114.9";"28.725";"143.625";"1e+15";"200";"360000";"0.1";"1.8";"143.625";"143.625";"0";"0";"14362.5";"14362.5";"PHOTOVOLTAIC";"ON";"OFF"
"run_20260926_154230";"2026-09-26";"15:42:30";"2026-09-26 15:42:30";"269";"hpc_extreme";"HPC - Extremo";"6";"60";"5";"1";"manual";"5000";"1800";"600";"30";"1";"origin";"main";"git@github.com:CAGDOJ/PhotovoltaicFirst.git";"Belem";"-1.4537";"-48.5078";"monocrystalline";"bifacial";"30000";"0.24";"1";"0.24";"1.2";"1.2";"54";"0.1";"30.9";"12";"566.781";"320.373";"0.283045";"2720.4";"100";"1024";"1.25";"150";"75";"102.4";"12.5";"114.9";"28.725";"143.625";"1e+15";"200";"360000";"0.1";"1.8";"143.625";"143.625";"0";"0";"14362.5";"14362.5";"PHOTOVOLTAIC";"ON";"OFF"
"run_20260926_154232";"2026-09-26";"15:42:32";"2026-09-26 15:42:32";"269";"hpc_extreme";"HPC - Extremo";"6";"60";"5";"1";"manual";"5000";"1800";"600";"30";"1";"origin";"main";"git@github.com:CAGDOJ/PhotovoltaicFirst.git";"Belem";"-1.4537";"-48.5078";"monocrystalline";"bifacial";"30000";"0.24";"1";"0.24";"1.2";"1.2";"54";"0.1";"30.9";"12";"566.781";"320.373";"0.283045";"2720.4";"100";"1024";"1.25";"150";"75";"102.4";"12.5";"114.9";"28.725";"143.625";"1e+15";"200";"360000";"0.1";"1.8";"143.625";"143.625";"0";"0";"14362.5";"14362.5";"PHOTOVOLTAIC";"ON";"OFF"
"run_20260926_154235";"2026-09-26";"15:42:35";"2026-09-26 15:42:35";"269";"hpc_extreme";"HPC - Extremo";"6";"60";"5";"1";"manual";"5000";"1800";"600";"30";"1";"origin";"main";"git@github.com:CAGDOJ/PhotovoltaicFirst.git";"Belem";"-1.4537";"-48.5078";"monocrystalline";"bifacial";"30000";"0.24";"1";"0.24";"1.2";"1.2";"54";"0.1";"30.9";"12";"566.781";"320.373";"0.283045";"2720.4";"100";"1024";"1.25";"150";"75";"102.4";"12.5";"114.9";"28.725";"143.625";"1e+15";"200";"360000";"0.1";"1.8";"143.625";"143.625";"0";"0";"14362.5";"14362.5";"PHOTOVOLTAIC";"ON";"OFF"
"run_20260926_154404";"2026-09-26";"15:44:04";"2026-09-26 15:44:04";"269";"hpc_extreme";"HPC - Extremo";"6";"60";"5";"1";"manual";"5000";"1800";"600";"30";"1";"origin";"main";"git@github.com:CAGDOJ/PhotovoltaicFirst.git";"Belem";"-1.4537";"-48.5078";"monocrystalline";"bifacial";"30000";"0.24";"1";"0.24";"1.2";"1.2";"54";"0.1";"30.9";"12";"559.576";"316.3";"0.283045";"2685.82";"100";"1024";"1.25";"150";"75";"102.4";"12.5";"114.9";"28.725";"143.625";"1e+15";"200";"360000";"0.1";"1.8";"143.625";"143.625";"0";"0";"14362.5";"14362.5";"PHOTOVOLTAIC";"ON";"OFF"
"run_20260926_154405";"2026-09-26";"15:44:05";"2026-09-26 15:44:05";"269";"hpc_extreme";"HPC - Extremo";"6";"60";"5";"1";"manual";"5000";"1800";"600";"30";"1";"origin";"main";"git@github.com:CAGDOJ/PhotovoltaicFirst.git";"Belem";"-1.4537";"-48.5078";"monocrystalline";"bifacial";"30000";"0.24";"1";"0.24";"1.2";"1.2";"54";"0.1";"30.9";"12";"559.576";"316.3";"0.283045";"2685.82";"100";"1024";"1.25";"150";"75";"102.4";"12.5";"114.9";"28.725";"143.625";"1e+15";"200";"360000";"0.1";"1.8";"143.625";"143.625";"0";"0";"14362.5";"14362.5";"PHOTOVOLTAIC";"ON";"OFF"
"run_20260926_154409";"2026-09-26";"15:44:09";"2026-09-26 15:44:09";"269";"hpc_extreme";"HPC - Extremo";"6";"60";"5";"1";"manual";"5000";"1800";"600";"30";"1";"origin";"main";"git@github.com:CAGDOJ/PhotovoltaicFirst.git";"Belem";"-1.4537";"-48.5078";"monocrystalline";"bifacial";"30000";"0.24";"1";"0.24";"1.2";"1.2";"54";"0.1";"30.9";"12";"559.576";"316.3";"0.283045";"2685.82";"100";"1024";"1.25";"150";"75";"102.4";"12.5";"114.9";"28.725";"143.625";"1e+15";"200";"360000";"0.1";"1.8";"143.625";"143.625";"0";"0";"14362.5";"14362.5";"PHOTOVOLTAIC";"ON";"OFF"
"run_20260926_154621";"2026-09-26";"15:46:21";"2026-09-26 15:46:21";"269";"hpc_extreme";"HPC - Extremo";"6";"60";"5";"1";"manual";"5000";"1800";"600";"30";"1";"origin";"main";"git@github.com:CAGDOJ/PhotovoltaicFirst.git";"Belem";"-1.4537";"-48.5078";"monocrystalline";"bifacial";"30000";"0.24";"1";"0.24";"1.2";"1.2";"43";"0.1";"30.7";"11.6";"552.328";"355.492";"0.283217";"3020.44";"100";"1024";"1.25";"150";"75";"102.4";"12.5";"114.9";"28.725";"143.625";"1e+15";"200";"360000";"0.1";"1.8";"143.625";"143.625";"0";"0";"14362.5";"14362.5";"PHOTOVOLTAIC";"ON";"OFF"
"run_20260926_154642";"2026-09-26";"15:46:42";"2026-09-26 15:46:42";"269";"hpc_extreme";"HPC - Extremo";"6";"60";"5";"1";"manual";"5000";"1800";"600";"30";"1";"origin";"main";"git@github.com:CAGDOJ/PhotovoltaicFirst.git";"Belem";"-1.4537";"-48.5078";"monocrystalline";"bifacial";"30000";"0.24";"1";"0.24";"1.2";"1.2";"43";"0.1";"30.7";"11.6";"552.328";"355.492";"0.283217";"3020.44";"100";"1024";"1.25";"150";"75";"102.4";"12.5";"114.9";"28.725";"143.625";"1e+15";"200";"360000";"0.1";"1.8";"143.625";"143.625";"0";"0";"14362.5";"14362.5";"PHOTOVOLTAIC";"ON";"OFF"
"run_20260926_154646";"2026-09-26";"15:46:46";"2026-09-26 15:46:46";"269";"hpc_extreme";"HPC - Extremo";"6";"60";"5";"1";"manual";"5000";"1800";"600";"30";"1";"origin";"main";"git@github.com:CAGDOJ/PhotovoltaicFirst.git";"Belem";"-1.4537";"-48.5078";"monocrystalline";"bifacial";"30000";"0.24";"1";"0.24";"1.2";"1.2";"43";"0.1";"30.7";"11.6";"552.328";"355.492";"0.283217";"3020.44";"100";"1024";"1.25";"150";"75";"102.4";"12.5";"114.9";"28.725";"143.625";"1e+15";"200";"360000";"0.1";"1.8";"143.625";"143.625";"0";"0";"14362.5";"14362.5";"PHOTOVOLTAIC";"ON";"OFF"
"run_20260926_154754";"2026-09-26";"15:47:54";"2026-09-26 15:47:54";"269";"hpc_extreme";"HPC - Extremo";"6";"60";"5";"1";"manual";"5000";"1800";"600";"30";"1";"origin";"main";"git@github.com:CAGDOJ/PhotovoltaicFirst.git";"Belem";"-1.4537";"-48.5078";"monocrystalline";"bifacial";"30000";"0.24";"1";"0.24";"1.2";"1.2";"43";"0.1";"30.7";"11.6";"548.688";"353.149";"0.283217";"3000.53";"100";"1024";"1.25";"150";"75";"102.4";"12.5";"114.9";"28.725";"143.625";"1e+15";"200";"360000";"0.1";"1.8";"143.625";"143.625";"0";"0";"14362.5";"14362.5";"PHOTOVOLTAIC";"ON";"OFF"
"run_20260926_154819";"2026-09-26";"15:48:19";"2026-09-26 15:48:19";"269";"hpc_extreme";"HPC - Extremo";"6";"60";"5";"1";"manual";"5000";"1800";"600";"30";"1";"origin";"main";"git@github.com:CAGDOJ/PhotovoltaicFirst.git";"Belem";"-1.4537";"-48.5078";"monocrystalline";"bifacial";"30000";"0.24";"1";"0.24";"1.2";"1.2";"43";"0.1";"30.7";"11.6";"545.038";"350.8";"0.283217";"2980.57";"100";"1024";"1.25";"150";"75";"102.4";"12.5";"114.9";"28.725";"143.625";"1e+15";"200";"360000";"0.1";"1.8";"143.625";"143.625";"0";"0";"14362.5";"14362.5";"PHOTOVOLTAIC";"ON";"OFF"
"run_20260926_154822";"2026-09-26";"15:48:22";"2026-09-26 15:48:22";"269";"hpc_extreme";"HPC - Extremo";"6";"60";"5";"1";"manual";"5000";"1800";"600";"30";"1";"origin";"main";"git@github.com:CAGDOJ/PhotovoltaicFirst.git";"Belem";"-1.4537";"-48.5078";"monocrystalline";"bifacial";"30000";"0.24";"1";"0.24";"1.2";"1.2";"43";"0.1";"30.7";"11.6";"545.038";"350.8";"0.283217";"2980.57";"100";"1024";"1.25";"150";"75";"102.4";"12.5";"114.9";"28.725";"143.625";"1e+15";"200";"360000";"0.1";"1.8";"143.625";"143.625";"0";"0";"14362.5";"14362.5";"PHOTOVOLTAIC";"ON";"OFF"
"run_20260926_154932";"2026-09-26";"15:49:32";"2026-09-26 15:49:32";"269";"hpc_extreme";"HPC - Extremo";"6";"60";"5";"1";"manual";"5000";"1800";"600";"30";"1";"origin";"main";"git@github.com:CAGDOJ/PhotovoltaicFirst.git";"Belem";"-1.4537";"-48.5078";"monocrystalline";"bifacial";"30000";"0.24";"1";"0.24";"1.2";"1.2";"43";"0.1";"30.7";"11.6";"541.377";"348.444";"0.283217";"2960.55";"100";"1024";"1.25";"150";"75";"102.4";"12.5";"114.9";"28.725";"143.625";"1e+15";"200";"360000";"0.1";"1.8";"143.625";"143.625";"0";"0";"14362.5";"14362.5";"PHOTOVOLTAIC";"ON";"OFF"
"run_20260926_154952";"2026-09-26";"15:49:52";"2026-09-26 15:49:52";"269";"hpc_extreme";"HPC - Extremo";"6";"60";"5";"1";"manual";"5000";"1800";"600";"30";"1";"origin";"main";"git@github.com:CAGDOJ/PhotovoltaicFirst.git";"Belem";"-1.4537";"-48.5078";"monocrystalline";"bifacial";"30000";"0.24";"1";"0.24";"1.2";"1.2";"43";"0.1";"30.7";"11.6";"541.377";"348.444";"0.283217";"2960.55";"100";"1024";"1.25";"150";"75";"102.4";"12.5";"114.9";"28.725";"143.625";"1e+15";"200";"360000";"0.1";"1.8";"143.625";"143.625";"0";"0";"14362.5";"14362.5";"PHOTOVOLTAIC";"ON";"OFF"
"run_20260926_154953";"2026-09-26";"15:49:53";"2026-09-26 15:49:53";"269";"hpc_extreme";"HPC - Extremo";"6";"60";"5";"1";"manual";"5000";"1800";"600";"30";"1";"origin";"main";"git@github.com:CAGDOJ/PhotovoltaicFirst.git";"Belem";"-1.4537";"-48.5078";"monocrystalline";"bifacial";"30000";"0.24";"1";"0.24";"1.2";"1.2";"43";"0.1";"30.7";"11.6";"541.377";"348.444";"0.283217";"2960.55";"100";"1024";"1.25";"150";"75";"102.4";"12.5";"114.9";"28.725";"143.625";"1e+15";"200";"360000";"0.1";"1.8";"143.625";"143.625";"0";"0";"14362.5";"14362.5";"PHOTOVOLTAIC";"ON";"OFF"
"run_20260926_155105";"2026-09-26";"15:51:05";"2026-09-26 15:51:05";"269";"hpc_extreme";"HPC - Extremo";"6";"60";"5";"1";"manual";"5000";"1800";"600";"30";"1";"origin";"main";"git@github.com:CAGDOJ/PhotovoltaicFirst.git";"Belem";"-1.4537";"-48.5078";"monocrystalline";"bifacial";"30000";"0.24";"1";"0.24";"1.2";"1.2";"39";"0";"30.7";"11.6";"534.025";"377.823";"0.283217";"3210.17";"100";"1024";"1.25";"150";"75";"102.4";"12.5";"114.9";"28.725";"143.625";"1e+15";"200";"360000";"0.1";"1.8";"143.625";"143.625";"0";"0";"14362.5";"14362.5";"PHOTOVOLTAIC";"ON";"OFF"
"run_20260926_155128";"2026-09-26";"15:51:28";"2026-09-26 15:51:28";"269";"hpc_extreme";"HPC - Extremo";"6";"60";"5";"1";"manual";"5000";"1800";"600";"30";"1";"origin";"main";"git@github.com:CAGDOJ/PhotovoltaicFirst.git";"Belem";"-1.4537";"-48.5078";"monocrystalline";"bifacial";"30000";"0.24";"1";"0.24";"1.2";"1.2";"39";"0";"30.7";"11.6";"534.025";"377.823";"0.283217";"3210.17";"100";"1024";"1.25";"150";"75";"102.4";"12.5";"114.9";"28.725";"143.625";"1e+15";"200";"360000";"0.1";"1.8";"143.625";"143.625";"0";"0";"14362.5";"14362.5";"PHOTOVOLTAIC";"ON";"OFF"
"run_20260926_155132";"2026-09-26";"15:51:32";"2026-09-26 15:51:32";"269";"hpc_extreme";"HPC - Extremo";"6";"60";"5";"1";"manual";"5000";"1800";"600";"30";"1";"origin";"main";"git@github.com:CAGDOJ/PhotovoltaicFirst.git";"Belem";"-1.4537";"-48.5078";"monocrystalline";"bifacial";"30000";"0.24";"1";"0.24";"1.2";"1.2";"39";"0";"30.7";"11.6";"534.025";"377.823";"0.283217";"3210.17";"100";"1024";"1.25";"150";"75";"102.4";"12.5";"114.9";"28.725";"143.625";"1e+15";"200";"360000";"0.1";"1.8";"143.625";"143.625";"0";"0";"14362.5";"14362.5";"PHOTOVOLTAIC";"ON";"OFF"
"run_20260926_155242";"2026-09-26";"15:52:42";"2026-09-26 15:52:42";"269";"hpc_extreme";"HPC - Extremo";"6";"60";"5";"1";"manual";"5000";"1800";"600";"30";"1";"origin";"main";"git@github.com:CAGDOJ/PhotovoltaicFirst.git";"Belem";"-1.4537";"-48.5078";"monocrystalline";"bifacial";"30000";"0.24";"1";"0.24";"1.2";"1.2";"39";"0";"30.7";"11.6";"530.334";"375.211";"0.283217";"3187.98";"100";"1024";"1.25";"150";"75";"102.4";"12.5";"114.9";"28.725";"143.625";"1e+15";"200";"360000";"0.1";"1.8";"143.625";"143.625";"0";"0";"14362.5";"14362.5";"PHOTOVOLTAIC";"ON";"OFF"
"run_20260926_155301";"2026-09-26";"15:53:01";"2026-09-26 15:53:01";"269";"hpc_extreme";"HPC - Extremo";"6";"60";"5";"1";"manual";"5000";"1800";"600";"30";"1";"origin";"main";"git@github.com:CAGDOJ/PhotovoltaicFirst.git";"Belem";"-1.4537";"-48.5078";"monocrystalline";"bifacial";"30000";"0.24";"1";"0.24";"1.2";"1.2";"39";"0";"30.7";"11.6";"526.632";"372.592";"0.283217";"3165.73";"100";"1024";"1.25";"150";"75";"102.4";"12.5";"114.9";"28.725";"143.625";"1e+15";"200";"360000";"0.1";"1.8";"143.625";"143.625";"0";"0";"14362.5";"14362.5";"PHOTOVOLTAIC";"ON";"OFF"
"run_20260926_155304";"2026-09-26";"15:53:04";"2026-09-26 15:53:04";"269";"hpc_extreme";"HPC - Extremo";"6";"60";"5";"1";"manual";"5000";"1800";"600";"30";"1";"origin";"main";"git@github.com:CAGDOJ/PhotovoltaicFirst.git";"Belem";"-1.4537";"-48.5078";"monocrystalline";"bifacial";"30000";"0.24";"1";"0.24";"1.2";"1.2";"39";"0";"30.7";"11.6";"526.632";"372.592";"0.283217";"3165.73";"100";"1024";"1.25";"150";"75";"102.4";"12.5";"114.9";"28.725";"143.625";"1e+15";"200";"360000";"0.1";"1.8";"143.625";"143.625";"0";"0";"14362.5";"14362.5";"PHOTOVOLTAIC";"ON";"OFF"
"run_20260926_155416";"2026-09-26";"15:54:16";"2026-09-26 15:54:16";"269";"hpc_extreme";"HPC - Extremo";"6";"60";"5";"1";"manual";"5000";"1800";"600";"30";"1";"origin";"main";"git@github.com:CAGDOJ/PhotovoltaicFirst.git";"Belem";"-1.4537";"-48.5078";"monocrystalline";"bifacial";"30000";"0.24";"1";"0.24";"1.2";"1.2";"39";"0";"30.7";"11.6";"522.921";"369.966";"0.283217";"3143.42";"100";"1024";"1.25";"150";"75";"102.4";"12.5";"114.9";"28.725";"143.625";"1e+15";"200";"360000";"0.1";"1.8";"143.625";"143.625";"0";"0";"14362.5";"14362.5";"PHOTOVOLTAIC";"ON";"OFF"
"run_20260926_155434";"2026-09-26";"15:54:34";"2026-09-26 15:54:34";"269";"hpc_extreme";"HPC - Extremo";"6";"60";"5";"1";"manual";"5000";"1800";"600";"30";"1";"origin";"main";"git@github.com:CAGDOJ/PhotovoltaicFirst.git";"Belem";"-1.4537";"-48.5078";"monocrystalline";"bifacial";"30000";"0.24";"1";"0.24";"1.2";"1.2";"39";"0";"30.7";"11.6";"522.921";"369.966";"0.283217";"3143.42";"100";"1024";"1.25";"150";"75";"102.4";"12.5";"114.9";"28.725";"143.625";"1e+15";"200";"360000";"0.1";"1.8";"143.625";"143.625";"0";"0";"14362.5";"14362.5";"PHOTOVOLTAIC";"ON";"OFF"
"run_20260926_155435";"2026-09-26";"15:54:35";"2026-09-26 15:54:35";"269";"hpc_extreme";"HPC - Extremo";"6";"60";"5";"1";"manual";"5000";"1800";"600";"30";"1";"origin";"main";"git@github.com:CAGDOJ/PhotovoltaicFirst.git";"Belem";"-1.4537";"-48.5078";"monocrystalline";"bifacial";"30000";"0.24";"1";"0.24";"1.2";"1.2";"39";"0";"30.7";"11.6";"522.921";"369.966";"0.283217";"3143.42";"100";"1024";"1.25";"150";"75";"102.4";"12.5";"114.9";"28.725";"143.625";"1e+15";"200";"360000";"0.1";"1.8";"143.625";"143.625";"0";"0";"14362.5";"14362.5";"PHOTOVOLTAIC";"ON";"OFF"
"run_20260926_155549";"2026-09-26";"15:55:49";"2026-09-26 15:55:49";"269";"hpc_extreme";"HPC - Extremo";"6";"60";"5";"1";"manual";"5000";"1800";"600";"30";"1";"origin";"main";"git@github.com:CAGDOJ/PhotovoltaicFirst.git";"Belem";"-1.4537";"-48.5078";"monocrystalline";"bifacial";"30000";"0.24";"1";"0.24";"1.2";"1.2";"39";"0";"30.7";"11.6";"519.199";"367.334";"0.283217";"3121.05";"100";"1024";"1.25";"150";"75";"102.4";"12.5";"114.9";"28.725";"143.625";"1e+15";"200";"360000";"0.1";"1.8";"143.625";"143.625";"0";"0";"14362.5";"14362.5";"PHOTOVOLTAIC";"ON";"OFF"
"run_20260926_155606";"2026-09-26";"15:56:06";"2026-09-26 15:56:06";"269";"hpc_extreme";"HPC - Extremo";"6";"60";"5";"1";"manual";"5000";"1800";"600";"30";"1";"origin";"main";"git@github.com:CAGDOJ/PhotovoltaicFirst.git";"Belem";"-1.4537";"-48.5078";"monocrystalline";"bifacial";"30000";"0.24";"1";"0.24";"1.2";"1.2";"39";"0";"30.7";"11.6";"515.468";"364.694";"0.283217";"3098.62";"100";"1024";"1.25";"150";"75";"102.4";"12.5";"114.9";"28.725";"143.625";"1e+15";"200";"360000";"0.1";"1.8";"143.625";"143.625";"0";"0";"14362.5";"14362.5";"PHOTOVOLTAIC";"ON";"OFF"
"run_20260926_155608";"2026-09-26";"15:56:08";"2026-09-26 15:56:08";"269";"hpc_extreme";"HPC - Extremo";"6";"60";"5";"1";"manual";"5000";"1800";"600";"30";"1";"origin";"main";"git@github.com:CAGDOJ/PhotovoltaicFirst.git";"Belem";"-1.4537";"-48.5078";"monocrystalline";"bifacial";"30000";"0.24";"1";"0.24";"1.2";"1.2";"39";"0";"30.7";"11.6";"515.468";"364.694";"0.283217";"3098.62";"100";"1024";"1.25";"150";"75";"102.4";"12.5";"114.9";"28.725";"143.625";"1e+15";"200";"360000";"0.1";"1.8";"143.625";"143.625";"0";"0";"14362.5";"14362.5";"PHOTOVOLTAIC";"ON";"OFF"
"run_20260926_155723";"2026-09-26";"15:57:23";"2026-09-26 15:57:23";"269";"hpc_extreme";"HPC - Extremo";"6";"60";"5";"1";"manual";"5000";"1800";"600";"30";"1";"origin";"main";"git@github.com:CAGDOJ/PhotovoltaicFirst.git";"Belem";"-1.4537";"-48.5078";"monocrystalline";"bifacial";"30000";"0.24";"1";"0.24";"1.2";"1.2";"39";"0";"30.7";"11.6";"511.727";"362.047";"0.283217";"3076.14";"100";"1024";"1.25";"150";"75";"102.4";"12.5";"114.9";"28.725";"143.625";"1e+15";"200";"360000";"0.1";"1.8";"143.625";"143.625";"0";"0";"14362.5";"14362.5";"PHOTOVOLTAIC";"ON";"OFF"
"run_20260926_155742";"2026-09-26";"15:57:42";"2026-09-26 15:57:42";"269";"hpc_extreme";"HPC - Extremo";"6";"60";"5";"1";"manual";"5000";"1800";"600";"30";"1";"origin";"main";"git@github.com:CAGDOJ/PhotovoltaicFirst.git";"Belem";"-1.4537";"-48.5078";"monocrystalline";"bifacial";"30000";"0.24";"1";"0.24";"1.2";"1.2";"39";"0";"30.7";"11.6";"511.727";"362.047";"0.283217";"3076.14";"100";"1024";"1.25";"150";"75";"102.4";"12.5";"114.9";"28.725";"143.625";"1e+15";"200";"360000";"0.1";"1.8";"143.625";"143.625";"0";"0";"14362.5";"14362.5";"PHOTOVOLTAIC";"ON";"OFF"
"run_20260926_155745";"2026-09-26";"15:57:45";"2026-09-26 15:57:45";"269";"hpc_extreme";"HPC - Extremo";"6";"60";"5";"1";"manual";"5000";"1800";"600";"30";"1";"origin";"main";"git@github.com:CAGDOJ/PhotovoltaicFirst.git";"Belem";"-1.4537";"-48.5078";"monocrystalline";"bifacial";"30000";"0.24";"1";"0.24";"1.2";"1.2";"39";"0";"30.7";"11.6";"511.727";"362.047";"0.283217";"3076.14";"100";"1024";"1.25";"150";"75";"102.4";"12.5";"114.9";"28.725";"143.625";"1e+15";"200";"360000";"0.1";"1.8";"143.625";"143.625";"0";"0";"14362.5";"14362.5";"PHOTOVOLTAIC";"ON";"OFF"
"run_20260926_155901";"2026-09-26";"15:59:01";"2026-09-26 15:59:01";"269";"hpc_extreme";"HPC - Extremo";"6";"60";"5";"1";"manual";"5000";"1800";"600";"30";"1";"origin";"main";"git@github.com:CAGDOJ/PhotovoltaicFirst.git";"Belem";"-1.4537";"-48.5078";"monocrystalline";"bifacial";"30000";"0.24";"1";"0.24";"1.2";"1.2";"39";"0";"30.7";"11.6";"504.216";"356.733";"0.283217";"3030.98";"100";"1024";"1.25";"150";"75";"102.4";"12.5";"114.9";"28.725";"143.625";"1e+15";"200";"360000";"0.1";"1.8";"143.625";"143.625";"0";"0";"14362.5";"14362.5";"PHOTOVOLTAIC";"ON";"OFF"
"run_20260926_155920";"2026-09-26";"15:59:20";"2026-09-26 15:59:20";"269";"hpc_extreme";"HPC - Extremo";"6";"60";"5";"1";"manual";"5000";"1800";"600";"30";"1";"origin";"main";"git@github.com:CAGDOJ/PhotovoltaicFirst.git";"Belem";"-1.4537";"-48.5078";"monocrystalline";"bifacial";"30000";"0.24";"1";"0.24";"1.2";"1.2";"39";"0";"30.7";"11.6";"504.216";"356.733";"0.283217";"3030.98";"100";"1024";"1.25";"150";"75";"102.4";"12.5";"114.9";"28.725";"143.625";"1e+15";"200";"360000";"0.1";"1.8";"143.625";"143.625";"0";"0";"14362.5";"14362.5";"PHOTOVOLTAIC";"ON";"OFF"
"run_20260926_155921";"2026-09-26";"15:59:21";"2026-09-26 15:59:21";"269";"hpc_extreme";"HPC - Extremo";"6";"60";"5";"1";"manual";"5000";"1800";"600";"30";"1";"origin";"main";"git@github.com:CAGDOJ/PhotovoltaicFirst.git";"Belem";"-1.4537";"-48.5078";"monocrystalline";"bifacial";"30000";"0.24";"1";"0.24";"1.2";"1.2";"39";"0";"30.7";"11.6";"504.216";"356.733";"0.283217";"3030.98";"100";"1024";"1.25";"150";"75";"102.4";"12.5";"114.9";"28.725";"143.625";"1e+15";"200";"360000";"0.1";"1.8";"143.625";"143.625";"0";"0";"14362.5";"14362.5";"PHOTOVOLTAIC";"ON";"OFF"
"run_20260926_160037";"2026-09-26";"16:00:37";"2026-09-26 16:00:37";"269";"hpc_extreme";"HPC - Extremo";"6";"60";"5";"1";"manual";"5000";"1800";"600";"30";"1";"origin";"main";"git@github.com:CAGDOJ/PhotovoltaicFirst.git";"Belem";"-1.4537";"-48.5078";"monocrystalline";"bifacial";"30000";"0.24";"1";"0.24";"1.2";"1.2";"36";"0";"30.6";"11.5";"500.446";"365.326";"0.283325";"3105.18";"100";"1024";"1.25";"150";"75";"102.4";"12.5";"114.9";"28.725";"143.625";"1e+15";"200";"360000";"0.1";"1.8";"143.625";"143.625";"0";"0";"14362.5";"14362.5";"PHOTOVOLTAIC";"ON";"OFF"
"run_20260926_160050";"2026-09-26";"16:00:50";"2026-09-26 16:00:50";"269";"hpc_extreme";"HPC - Extremo";"6";"60";"5";"1";"manual";"5000";"1800";"600";"30";"1";"origin";"main";"git@github.com:CAGDOJ/PhotovoltaicFirst.git";"Belem";"-1.4537";"-48.5078";"monocrystalline";"bifacial";"30000";"0.24";"1";"0.24";"1.2";"1.2";"36";"0";"30.6";"11.5";"500.446";"365.326";"0.283325";"3105.18";"100";"1024";"1.25";"150";"75";"102.4";"12.5";"114.9";"28.725";"143.625";"1e+15";"200";"360000";"0.1";"1.8";"143.625";"143.625";"0";"0";"14362.5";"14362.5";"PHOTOVOLTAIC";"ON";"OFF"
"run_20260926_160053";"2026-09-26";"16:00:53";"2026-09-26 16:00:53";"269";"hpc_extreme";"HPC - Extremo";"6";"60";"5";"1";"manual";"5000";"1800";"600";"30";"1";"origin";"main";"git@github.com:CAGDOJ/PhotovoltaicFirst.git";"Belem";"-1.4537";"-48.5078";"monocrystalline";"bifacial";"30000";"0.24";"1";"0.24";"1.2";"1.2";"36";"0";"30.6";"11.5";"500.446";"365.326";"0.283325";"3105.18";"100";"1024";"1.25";"150";"75";"102.4";"12.5";"114.9";"28.725";"143.625";"1e+15";"200";"360000";"0.1";"1.8";"143.625";"143.625";"0";"0";"14362.5";"14362.5";"PHOTOVOLTAIC";"ON";"OFF"
"run_20260926_160214";"2026-09-26";"16:02:14";"2026-09-26 16:02:14";"269";"hpc_extreme";"HPC - Extremo";"6";"60";"5";"1";"manual";"5000";"1800";"600";"30";"1";"origin";"main";"git@github.com:CAGDOJ/PhotovoltaicFirst.git";"Belem";"-1.4537";"-48.5078";"monocrystalline";"bifacial";"30000";"0.24";"1";"0.24";"1.2";"1.2";"36";"0";"30.6";"11.5";"492.878";"359.801";"0.283325";"3058.22";"100";"1024";"1.25";"150";"75";"102.4";"12.5";"114.9";"28.725";"143.625";"1e+15";"200";"360000";"0.1";"1.8";"143.625";"143.625";"0";"0";"14362.5";"14362.5";"PHOTOVOLTAIC";"ON";"OFF"
"run_20260926_160228";"2026-09-26";"16:02:28";"2026-09-26 16:02:28";"269";"hpc_extreme";"HPC - Extremo";"6";"60";"5";"1";"manual";"5000";"1800";"600";"30";"1";"origin";"main";"git@github.com:CAGDOJ/PhotovoltaicFirst.git";"Belem";"-1.4537";"-48.5078";"monocrystalline";"bifacial";"30000";"0.24";"1";"0.24";"1.2";"1.2";"36";"0";"30.6";"11.5";"492.878";"359.801";"0.283325";"3058.22";"100";"1024";"1.25";"150";"75";"102.4";"12.5";"114.9";"28.725";"143.625";"1e+15";"200";"360000";"0.1";"1.8";"143.625";"143.625";"0";"0";"14362.5";"14362.5";"PHOTOVOLTAIC";"ON";"OFF"
"run_20260926_160230";"2026-09-26";"16:02:30";"2026-09-26 16:02:30";"269";"hpc_extreme";"HPC - Extremo";"6";"60";"5";"1";"manual";"5000";"1800";"600";"30";"1";"origin";"main";"git@github.com:CAGDOJ/PhotovoltaicFirst.git";"Belem";"-1.4537";"-48.5078";"monocrystalline";"bifacial";"30000";"0.24";"1";"0.24";"1.2";"1.2";"36";"0";"30.6";"11.5";"492.878";"359.801";"0.283325";"3058.22";"100";"1024";"1.25";"150";"75";"102.4";"12.5";"114.9";"28.725";"143.625";"1e+15";"200";"360000";"0.1";"1.8";"143.625";"143.625";"0";"0";"14362.5";"14362.5";"PHOTOVOLTAIC";"ON";"OFF"
"run_20260926_160350";"2026-09-26";"16:03:50";"2026-09-26 16:03:50";"269";"hpc_extreme";"HPC - Extremo";"6";"60";"5";"1";"manual";"5000";"1800";"600";"30";"1";"origin";"main";"git@github.com:CAGDOJ/PhotovoltaicFirst.git";"Belem";"-1.4537";"-48.5078";"monocrystalline";"bifacial";"30000";"0.24";"1";"0.24";"1.2";"1.2";"36";"0";"30.6";"11.5";"489.08";"357.028";"0.283325";"3034.65";"100";"1024";"1.25";"150";"75";"102.4";"12.5";"114.9";"28.725";"143.625";"1e+15";"200";"360000";"0.1";"1.8";"143.625";"143.625";"0";"0";"14362.5";"14362.5";"PHOTOVOLTAIC";"ON";"OFF"
"run_20260926_160401";"2026-09-26";"16:04:01";"2026-09-26 16:04:01";"269";"hpc_extreme";"HPC - Extremo";"6";"60";"5";"1";"manual";"5000";"1800";"600";"30";"1";"origin";"main";"git@github.com:CAGDOJ/PhotovoltaicFirst.git";"Belem";"-1.4537";"-48.5078";"monocrystalline";"bifacial";"30000";"0.24";"1";"0.24";"1.2";"1.2";"36";"0";"30.6";"11.5";"485.272";"354.249";"0.283325";"3011.03";"100";"1024";"1.25";"150";"75";"102.4";"12.5";"114.9";"28.725";"143.625";"1e+15";"200";"360000";"0.1";"1.8";"143.625";"143.625";"0";"0";"14362.5";"14362.5";"PHOTOVOLTAIC";"ON";"OFF"
"run_20260926_160404";"2026-09-26";"16:04:04";"2026-09-26 16:04:04";"269";"hpc_extreme";"HPC - Extremo";"6";"60";"5";"1";"manual";"5000";"1800";"600";"30";"1";"origin";"main";"git@github.com:CAGDOJ/PhotovoltaicFirst.git";"Belem";"-1.4537";"-48.5078";"monocrystalline";"bifacial";"30000";"0.24";"1";"0.24";"1.2";"1.2";"36";"0";"30.6";"11.5";"485.272";"354.249";"0.283325";"3011.03";"100";"1024";"1.25";"150";"75";"102.4";"12.5";"114.9";"28.725";"143.625";"1e+15";"200";"360000";"0.1";"1.8";"143.625";"143.625";"0";"0";"14362.5";"14362.5";"PHOTOVOLTAIC";"ON";"OFF"
"run_20260926_160522";"2026-09-26";"16:05:22";"2026-09-26 16:05:22";"269";"hpc_extreme";"HPC - Extremo";"6";"60";"5";"1";"manual";"5000";"1800";"600";"30";"1";"origin";"main";"git@github.com:CAGDOJ/PhotovoltaicFirst.git";"Belem";"-1.4537";"-48.5078";"monocrystalline";"bifacial";"30000";"0.24";"1";"0.24";"1.2";"1.2";"36";"0";"30.6";"11.5";"481.455";"351.462";"0.283325";"2987.35";"100";"1024";"1.25";"150";"75";"102.4";"12.5";"114.9";"28.725";"143.625";"1e+15";"200";"360000";"0.1";"1.8";"143.625";"143.625";"0";"0";"14362.5";"14362.5";"PHOTOVOLTAIC";"ON";"OFF"
"run_20260926_160536";"2026-09-26";"16:05:36";"2026-09-26 16:05:36";"269";"hpc_extreme";"HPC - Extremo";"6";"60";"5";"1";"manual";"5000";"1800";"600";"30";"1";"origin";"main";"git@github.com:CAGDOJ/PhotovoltaicFirst.git";"Belem";"-1.4537";"-48.5078";"monocrystalline";"bifacial";"30000";"0.24";"1";"0.24";"1.2";"1.2";"36";"0";"30.5";"11.5";"481.455";"351.462";"0.283456";"2988.72";"100";"1024";"1.25";"150";"75";"102.4";"12.5";"114.9";"28.725";"143.625";"1e+15";"200";"360000";"0.1";"1.8";"143.625";"143.625";"0";"0";"14362.5";"14362.5";"PHOTOVOLTAIC";"ON";"OFF"
"run_20260926_160553";"2026-09-26";"16:05:53";"2026-09-26 16:05:53";"269";"hpc_extreme";"HPC - Extremo";"6";"60";"5";"1";"manual";"5000";"1800";"600";"30";"1";"origin";"main";"git@github.com:CAGDOJ/PhotovoltaicFirst.git";"Belem";"-1.4537";"-48.5078";"monocrystalline";"bifacial";"30000";"0.24";"1";"0.24";"1.2";"1.2";"36";"0";"30.5";"11.5";"481.455";"351.462";"0.283456";"2988.72";"100";"1024";"1.25";"150";"75";"102.4";"12.5";"114.9";"28.725";"143.625";"1e+15";"200";"360000";"0.1";"1.8";"143.625";"143.625";"0";"0";"14362.5";"14362.5";"PHOTOVOLTAIC";"ON";"OFF"
"run_20260926_160658";"2026-09-26";"16:06:58";"2026-09-26 16:06:58";"269";"hpc_extreme";"HPC - Extremo";"6";"60";"5";"1";"manual";"5000";"1800";"600";"30";"1";"origin";"main";"git@github.com:CAGDOJ/PhotovoltaicFirst.git";"Belem";"-1.4537";"-48.5078";"monocrystalline";"bifacial";"30000";"0.24";"1";"0.24";"1.2";"1.2";"36";"0";"30.5";"11.5";"477.63";"348.67";"0.283456";"2964.97";"100";"1024";"1.25";"150";"75";"102.4";"12.5";"114.9";"28.725";"143.625";"1e+15";"200";"360000";"0.1";"1.8";"143.625";"143.625";"0";"0";"14362.5";"14362.5";"PHOTOVOLTAIC";"ON";"OFF"
"run_20260926_160712";"2026-09-26";"16:07:12";"2026-09-26 16:07:12";"269";"hpc_extreme";"HPC - Extremo";"6";"60";"5";"1";"manual";"5000";"1800";"600";"30";"1";"origin";"main";"git@github.com:CAGDOJ/PhotovoltaicFirst.git";"Belem";"-1.4537";"-48.5078";"monocrystalline";"bifacial";"30000";"0.24";"1";"0.24";"1.2";"1.2";"36";"0";"30.5";"11.5";"473.795";"345.87";"0.283456";"2941.17";"100";"1024";"1.25";"150";"75";"102.4";"12.5";"114.9";"28.725";"143.625";"1e+15";"200";"360000";"0.1";"1.8";"143.625";"143.625";"0";"0";"14362.5";"14362.5";"PHOTOVOLTAIC";"ON";"OFF"
"run_20260926_160728";"2026-09-26";"16:07:28";"2026-09-26 16:07:28";"269";"hpc_extreme";"HPC - Extremo";"6";"60";"5";"1";"manual";"5000";"1800";"600";"30";"1";"origin";"main";"git@github.com:CAGDOJ/PhotovoltaicFirst.git";"Belem";"-1.4537";"-48.5078";"monocrystalline";"bifacial";"30000";"0.24";"1";"0.24";"1.2";"1.2";"36";"0";"30.5";"11.5";"473.795";"345.87";"0.283456";"2941.17";"100";"1024";"1.25";"150";"75";"102.4";"12.5";"114.9";"28.725";"143.625";"1e+15";"200";"360000";"0.1";"1.8";"143.625";"143.625";"0";"0";"14362.5";"14362.5";"PHOTOVOLTAIC";"ON";"OFF"
"run_20260926_160831";"2026-09-26";"16:08:31";"2026-09-26 16:08:31";"269";"hpc_extreme";"HPC - Extremo";"6";"60";"5";"1";"manual";"5000";"1800";"600";"30";"1";"origin";"main";"git@github.com:CAGDOJ/PhotovoltaicFirst.git";"Belem";"-1.4537";"-48.5078";"monocrystalline";"bifacial";"30000";"0.24";"1";"0.24";"1.2";"1.2";"36";"0";"30.5";"12.1";"469.951";"343.064";"0.283591";"2918.69";"100";"1024";"1.25";"150";"75";"102.4";"12.5";"114.9";"28.725";"143.625";"1e+15";"200";"360000";"0.1";"1.8";"143.625";"143.625";"0";"0";"14362.5";"14362.5";"PHOTOVOLTAIC";"ON";"OFF"
"run_20260926_160847";"2026-09-26";"16:08:47";"2026-09-26 16:08:47";"269";"hpc_extreme";"HPC - Extremo";"6";"60";"5";"1";"manual";"5000";"1800";"600";"30";"1";"origin";"main";"git@github.com:CAGDOJ/PhotovoltaicFirst.git";"Belem";"-1.4537";"-48.5078";"monocrystalline";"bifacial";"30000";"0.24";"1";"0.24";"1.2";"1.2";"36";"0";"30.5";"12.1";"469.951";"343.064";"0.283591";"2918.69";"100";"1024";"1.25";"150";"75";"102.4";"12.5";"114.9";"28.725";"143.625";"1e+15";"200";"360000";"0.1";"1.8";"143.625";"143.625";"0";"0";"14362.5";"14362.5";"PHOTOVOLTAIC";"ON";"OFF"
"run_20260926_160904";"2026-09-26";"16:09:04";"2026-09-26 16:09:04";"269";"hpc_extreme";"HPC - Extremo";"6";"60";"5";"1";"manual";"5000";"1800";"600";"30";"1";"origin";"main";"git@github.com:CAGDOJ/PhotovoltaicFirst.git";"Belem";"-1.4537";"-48.5078";"monocrystalline";"bifacial";"30000";"0.24";"1";"0.24";"1.2";"1.2";"36";"0";"30.5";"12.1";"466.098";"340.251";"0.283591";"2894.76";"100";"1024";"1.25";"150";"75";"102.4";"12.5";"114.9";"28.725";"143.625";"1e+15";"200";"360000";"0.1";"1.8";"143.625";"143.625";"0";"0";"14362.5";"14362.5";"PHOTOVOLTAIC";"ON";"OFF"
"run_20260926_161002";"2026-09-26";"16:10:02";"2026-09-26 16:10:02";"269";"hpc_extreme";"HPC - Extremo";"6";"60";"5";"1";"manual";"5000";"1800";"600";"30";"1";"origin";"main";"git@github.com:CAGDOJ/PhotovoltaicFirst.git";"Belem";"-1.4537";"-48.5078";"monocrystalline";"bifacial";"30000";"0.24";"1";"0.24";"1.2";"1.2";"36";"0";"30.5";"12.1";"462.236";"337.432";"0.283591";"2870.78";"100";"1024";"1.25";"150";"75";"102.4";"12.5";"114.9";"28.725";"143.625";"1e+15";"200";"360000";"0.1";"1.8";"143.625";"143.625";"0";"0";"14362.5";"14362.5";"PHOTOVOLTAIC";"ON";"OFF"
"run_20260926_161022";"2026-09-26";"16:10:22";"2026-09-26 16:10:22";"269";"hpc_extreme";"HPC - Extremo";"6";"60";"5";"1";"manual";"5000";"1800";"600";"30";"1";"origin";"main";"git@github.com:CAGDOJ/PhotovoltaicFirst.git";"Belem";"-1.4537";"-48.5078";"monocrystalline";"bifacial";"30000";"0.24";"1";"0.24";"1.2";"1.2";"36";"0";"30.5";"12.1";"462.236";"337.432";"0.283591";"2870.78";"100";"1024";"1.25";"150";"75";"102.4";"12.5";"114.9";"28.725";"143.625";"1e+15";"200";"360000";"0.1";"1.8";"143.625";"143.625";"0";"0";"14362.5";"14362.5";"PHOTOVOLTAIC";"ON";"OFF"
"run_20260926_161037";"2026-09-26";"16:10:37";"2026-09-26 16:10:37";"269";"hpc_extreme";"HPC - Extremo";"6";"60";"5";"1";"manual";"5000";"1800";"600";"30";"1";"origin";"main";"git@github.com:CAGDOJ/PhotovoltaicFirst.git";"Belem";"-1.4537";"-48.5078";"monocrystalline";"bifacial";"30000";"0.24";"1";"0.24";"1.2";"1.2";"36";"0";"30.5";"12.1";"462.236";"337.432";"0.283591";"2870.78";"100";"1024";"1.25";"150";"75";"102.4";"12.5";"114.9";"28.725";"143.625";"1e+15";"200";"360000";"0.1";"1.8";"143.625";"143.625";"0";"0";"14362.5";"14362.5";"PHOTOVOLTAIC";"ON";"OFF"
"run_20260926_161132";"2026-09-26";"16:11:32";"2026-09-26 16:11:32";"269";"hpc_extreme";"HPC - Extremo";"6";"60";"5";"1";"manual";"5000";"1800";"600";"30";"1";"origin";"main";"git@github.com:CAGDOJ/PhotovoltaicFirst.git";"Belem";"-1.4537";"-48.5078";"monocrystalline";"bifacial";"30000";"0.24";"1";"0.24";"1.2";"1.2";"36";"0";"30.5";"12.1";"458.365";"334.607";"0.283591";"2846.74";"100";"1024";"1.25";"150";"75";"102.4";"12.5";"114.9";"28.725";"143.625";"1e+15";"200";"360000";"0.1";"1.8";"143.625";"143.625";"0";"0";"14362.5";"14362.5";"PHOTOVOLTAIC";"ON";"OFF"
"run_20260926_161152";"2026-09-26";"16:11:52";"2026-09-26 16:11:52";"269";"hpc_extreme";"HPC - Extremo";"6";"60";"5";"1";"manual";"5000";"1800";"600";"30";"1";"origin";"main";"git@github.com:CAGDOJ/PhotovoltaicFirst.git";"Belem";"-1.4537";"-48.5078";"monocrystalline";"bifacial";"30000";"0.24";"1";"0.24";"1.2";"1.2";"36";"0";"30.5";"12.1";"458.365";"334.607";"0.283591";"2846.74";"100";"1024";"1.25";"150";"75";"102.4";"12.5";"114.9";"28.725";"143.625";"1e+15";"200";"360000";"0.1";"1.8";"143.625";"143.625";"0";"0";"14362.5";"14362.5";"PHOTOVOLTAIC";"ON";"OFF"
"run_20260926_161207";"2026-09-26";"16:12:07";"2026-09-26 16:12:07";"269";"hpc_extreme";"HPC - Extremo";"6";"60";"5";"1";"manual";"5000";"1800";"600";"30";"1";"origin";"main";"git@github.com:CAGDOJ/PhotovoltaicFirst.git";"Belem";"-1.4537";"-48.5078";"monocrystalline";"bifacial";"30000";"0.24";"1";"0.24";"1.2";"1.2";"36";"0";"30.5";"12.1";"454.486";"331.775";"0.283591";"2822.65";"100";"1024";"1.25";"150";"75";"102.4";"12.5";"114.9";"28.725";"143.625";"1e+15";"200";"360000";"0.1";"1.8";"143.625";"143.625";"0";"0";"14362.5";"14362.5";"PHOTOVOLTAIC";"ON";"OFF"
"run_20260926_161302";"2026-09-26";"16:13:02";"2026-09-26 16:13:02";"269";"hpc_extreme";"HPC - Extremo";"6";"60";"5";"1";"manual";"5000";"1800";"600";"30";"1";"origin";"main";"git@github.com:CAGDOJ/PhotovoltaicFirst.git";"Belem";"-1.4537";"-48.5078";"monocrystalline";"bifacial";"30000";"0.24";"1";"0.24";"1.2";"1.2";"36";"0";"30.5";"12.1";"450.598";"328.937";"0.283591";"2798.5";"100";"1024";"1.25";"150";"75";"102.4";"12.5";"114.9";"28.725";"143.625";"1e+15";"200";"360000";"0.1";"1.8";"143.625";"143.625";"0";"0";"14362.5";"14362.5";"PHOTOVOLTAIC";"ON";"OFF"
"run_20260926_161324";"2026-09-26";"16:13:24";"2026-09-26 16:13:24";"269";"hpc_extreme";"HPC - Extremo";"6";"60";"5";"1";"manual";"5000";"1800";"600";"30";"1";"origin";"main";"git@github.com:CAGDOJ/PhotovoltaicFirst.git";"Belem";"-1.4537";"-48.5078";"monocrystalline";"bifacial";"30000";"0.24";"1";"0.24";"1.2";"1.2";"36";"0";"30.5";"12.1";"450.598";"328.937";"0.283591";"2798.5";"100";"1024";"1.25";"150";"75";"102.4";"12.5";"114.9";"28.725";"143.625";"1e+15";"200";"360000";"0.1";"1.8";"143.625";"143.625";"0";"0";"14362.5";"14362.5";"PHOTOVOLTAIC";"ON";"OFF"
"run_20260926_161337";"2026-09-26";"16:13:37";"2026-09-26 16:13:37";"269";"hpc_extreme";"HPC - Extremo";"6";"60";"5";"1";"manual";"5000";"1800";"600";"30";"1";"origin";"main";"git@github.com:CAGDOJ/PhotovoltaicFirst.git";"Belem";"-1.4537";"-48.5078";"monocrystalline";"bifacial";"30000";"0.24";"1";"0.24";"1.2";"1.2";"36";"0";"30.5";"12.1";"450.598";"328.937";"0.283591";"2798.5";"100";"1024";"1.25";"150";"75";"102.4";"12.5";"114.9";"28.725";"143.625";"1e+15";"200";"360000";"0.1";"1.8";"143.625";"143.625";"0";"0";"14362.5";"14362.5";"PHOTOVOLTAIC";"ON";"OFF"
"run_20260926_161432";"2026-09-26";"16:14:32";"2026-09-26 16:14:32";"269";"hpc_extreme";"HPC - Extremo";"6";"60";"5";"1";"manual";"5000";"1800";"600";"30";"1";"origin";"main";"git@github.com:CAGDOJ/PhotovoltaicFirst.git";"Belem";"-1.4537";"-48.5078";"monocrystalline";"bifacial";"30000";"0.24";"1";"0.24";"1.2";"1.2";"36";"0";"30.5";"12.1";"446.702";"326.092";"0.283591";"2774.3";"100";"1024";"1.25";"150";"75";"102.4";"12.5";"114.9";"28.725";"143.625";"1e+15";"200";"360000";"0.1";"1.8";"143.625";"143.625";"0";"0";"14362.5";"14362.5";"PHOTOVOLTAIC";"ON";"OFF"
"run_20260926_161455";"2026-09-26";"16:14:55";"2026-09-26 16:14:55";"269";"hpc_extreme";"HPC - Extremo";"6";"60";"5";"1";"manual";"5000";"1800";"600";"30";"1";"origin";"main";"git@github.com:CAGDOJ/PhotovoltaicFirst.git";"Belem";"-1.4537";"-48.5078";"monocrystalline";"bifacial";"30000";"0.24";"1";"0.24";"1.2";"1.2";"36";"0";"30.5";"12.1";"446.702";"326.092";"0.283591";"2774.3";"100";"1024";"1.25";"150";"75";"102.4";"12.5";"114.9";"28.725";"143.625";"1e+15";"200";"360000";"0.1";"1.8";"143.625";"143.625";"0";"0";"14362.5";"14362.5";"PHOTOVOLTAIC";"ON";"OFF"
"run_20260926_161505";"2026-09-26";"16:15:05";"2026-09-26 16:15:05";"269";"hpc_extreme";"HPC - Extremo";"6";"60";"5";"1";"manual";"5000";"1800";"600";"30";"1";"origin";"main";"git@github.com:CAGDOJ/PhotovoltaicFirst.git";"Belem";"-1.4537";"-48.5078";"monocrystalline";"bifacial";"30000";"0.24";"1";"0.24";"1.2";"1.2";"32";"0";"30.4";"11.6";"442.797";"336.526";"0.283609";"2863.25";"100";"1024";"1.25";"150";"75";"102.4";"12.5";"114.9";"28.725";"143.625";"1e+15";"200";"360000";"0.1";"1.8";"143.625";"143.625";"0";"0";"14362.5";"14362.5";"PHOTOVOLTAIC";"ON";"OFF"
"run_20260926_161600";"2026-09-26";"16:16:00";"2026-09-26 16:16:00";"269";"hpc_extreme";"HPC - Extremo";"6";"60";"5";"1";"manual";"5000";"1800";"600";"30";"1";"origin";"main";"git@github.com:CAGDOJ/PhotovoltaicFirst.git";"Belem";"-1.4537";"-48.5078";"monocrystalline";"bifacial";"30000";"0.24";"1";"0.24";"1.2";"1.2";"32";"0";"30.4";"11.6";"438.883";"333.551";"0.283609";"2837.95";"100";"1024";"1.25";"150";"75";"102.4";"12.5";"114.9";"28.725";"143.625";"1e+15";"200";"360000";"0.1";"1.8";"143.625";"143.625";"0";"0";"14362.5";"14362.5";"PHOTOVOLTAIC";"ON";"OFF"
"run_20260926_161624";"2026-09-26";"16:16:24";"2026-09-26 16:16:24";"269";"hpc_extreme";"HPC - Extremo";"6";"60";"5";"1";"manual";"5000";"1800";"600";"30";"1";"origin";"main";"git@github.com:CAGDOJ/PhotovoltaicFirst.git";"Belem";"-1.4537";"-48.5078";"monocrystalline";"bifacial";"30000";"0.24";"1";"0.24";"1.2";"1.2";"32";"0";"30.4";"11.6";"438.883";"333.551";"0.283609";"2837.95";"100";"1024";"1.25";"150";"75";"102.4";"12.5";"114.9";"28.725";"143.625";"1e+15";"200";"360000";"0.1";"1.8";"143.625";"143.625";"0";"0";"14362.5";"14362.5";"PHOTOVOLTAIC";"ON";"OFF"
"run_20260926_161639";"2026-09-26";"16:16:39";"2026-09-26 16:16:39";"269";"hpc_extreme";"HPC - Extremo";"6";"60";"5";"1";"manual";"5000";"1800";"600";"30";"1";"origin";"main";"git@github.com:CAGDOJ/PhotovoltaicFirst.git";"Belem";"-1.4537";"-48.5078";"monocrystalline";"bifacial";"30000";"0.24";"1";"0.24";"1.2";"1.2";"32";"0";"30.4";"11.6";"438.883";"333.551";"0.283609";"2837.95";"100";"1024";"1.25";"150";"75";"102.4";"12.5";"114.9";"28.725";"143.625";"1e+15";"200";"360000";"0.1";"1.8";"143.625";"143.625";"0";"0";"14362.5";"14362.5";"PHOTOVOLTAIC";"ON";"OFF"
"run_20260926_161729";"2026-09-26";"16:17:29";"2026-09-26 16:17:29";"269";"hpc_extreme";"HPC - Extremo";"6";"60";"5";"1";"manual";"5000";"1800";"600";"30";"1";"origin";"main";"git@github.com:CAGDOJ/PhotovoltaicFirst.git";"Belem";"-1.4537";"-48.5078";"monocrystalline";"bifacial";"30000";"0.24";"1";"0.24";"1.2";"1.2";"32";"0";"30.4";"11.6";"434.962";"330.571";"0.283609";"2812.59";"100";"1024";"1.25";"150";"75";"102.4";"12.5";"114.9";"28.725";"143.625";"1e+15";"200";"360000";"0.1";"1.8";"143.625";"143.625";"0";"0";"14362.5";"14362.5";"PHOTOVOLTAIC";"ON";"OFF"
"run_20260926_161754";"2026-09-26";"16:17:54";"2026-09-26 16:17:54";"269";"hpc_extreme";"HPC - Extremo";"6";"60";"5";"1";"manual";"5000";"1800";"600";"30";"1";"origin";"main";"git@github.com:CAGDOJ/PhotovoltaicFirst.git";"Belem";"-1.4537";"-48.5078";"monocrystalline";"bifacial";"30000";"0.24";"1";"0.24";"1.2";"1.2";"32";"0";"30.4";"11.6";"434.962";"330.571";"0.283609";"2812.59";"100";"1024";"1.25";"150";"75";"102.4";"12.5";"114.9";"28.725";"143.625";"1e+15";"200";"360000";"0.1";"1.8";"143.625";"143.625";"0";"0";"14362.5";"14362.5";"PHOTOVOLTAIC";"ON";"OFF"
"run_20260926_161808";"2026-09-26";"16:18:08";"2026-09-26 16:18:08";"269";"hpc_extreme";"HPC - Extremo";"6";"60";"5";"1";"manual";"5000";"1800";"600";"30";"1";"origin";"main";"git@github.com:CAGDOJ/PhotovoltaicFirst.git";"Belem";"-1.4537";"-48.5078";"monocrystalline";"bifacial";"30000";"0.24";"1";"0.24";"1.2";"1.2";"32";"0";"30.4";"11.6";"431.032";"327.584";"0.283609";"2787.18";"100";"1024";"1.25";"150";"75";"102.4";"12.5";"114.9";"28.725";"143.625";"1e+15";"200";"360000";"0.1";"1.8";"143.625";"143.625";"0";"0";"14362.5";"14362.5";"PHOTOVOLTAIC";"ON";"OFF"
"run_20260926_161859";"2026-09-26";"16:18:59";"2026-09-26 16:18:59";"269";"hpc_extreme";"HPC - Extremo";"6";"60";"5";"1";"manual";"5000";"1800";"600";"30";"1";"origin";"main";"git@github.com:CAGDOJ/PhotovoltaicFirst.git";"Belem";"-1.4537";"-48.5078";"monocrystalline";"bifacial";"30000";"0.24";"1";"0.24";"1.2";"1.2";"32";"0";"30.4";"11.6";"431.032";"327.584";"0.283609";"2787.18";"100";"1024";"1.25";"150";"75";"102.4";"12.5";"114.9";"28.725";"143.625";"1e+15";"200";"360000";"0.1";"1.8";"143.625";"143.625";"0";"0";"14362.5";"14362.5";"PHOTOVOLTAIC";"ON";"OFF"
"run_20260926_161923";"2026-09-26";"16:19:23";"2026-09-26 16:19:23";"269";"hpc_extreme";"HPC - Extremo";"6";"60";"5";"1";"manual";"5000";"1800";"600";"30";"1";"origin";"main";"git@github.com:CAGDOJ/PhotovoltaicFirst.git";"Belem";"-1.4537";"-48.5078";"monocrystalline";"bifacial";"30000";"0.24";"1";"0.24";"1.2";"1.2";"32";"0";"30.4";"11.6";"427.094";"324.591";"0.283609";"2761.71";"100";"1024";"1.25";"150";"75";"102.4";"12.5";"114.9";"28.725";"143.625";"1e+15";"200";"360000";"0.1";"1.8";"143.625";"143.625";"0";"0";"14362.5";"14362.5";"PHOTOVOLTAIC";"ON";"OFF"
"run_20260926_161940";"2026-09-26";"16:19:40";"2026-09-26 16:19:40";"269";"hpc_extreme";"HPC - Extremo";"6";"60";"5";"1";"manual";"5000";"1800";"600";"30";"1";"origin";"main";"git@github.com:CAGDOJ/PhotovoltaicFirst.git";"Belem";"-1.4537";"-48.5078";"monocrystalline";"bifacial";"30000";"0.24";"1";"0.24";"1.2";"1.2";"32";"0";"30.4";"11.6";"427.094";"324.591";"0.283609";"2761.71";"100";"1024";"1.25";"150";"75";"102.4";"12.5";"114.9";"28.725";"143.625";"1e+15";"200";"360000";"0.1";"1.8";"143.625";"143.625";"0";"0";"14362.5";"14362.5";"PHOTOVOLTAIC";"ON";"OFF"
"run_20260926_162029";"2026-09-26";"16:20:29";"2026-09-26 16:20:29";"269";"hpc_extreme";"HPC - Extremo";"6";"60";"5";"1";"manual";"5000";"1800";"600";"30";"1";"origin";"main";"git@github.com:CAGDOJ/PhotovoltaicFirst.git";"Belem";"-1.4537";"-48.5078";"monocrystalline";"bifacial";"30000";"0.24";"1";"0.24";"1.2";"1.2";"32";"0";"30.4";"11.6";"423.147";"321.592";"0.283609";"2736.19";"100";"1024";"1.25";"150";"75";"102.4";"12.5";"114.9";"28.725";"143.625";"1e+15";"200";"360000";"0.1";"1.8";"143.625";"143.625";"0";"0";"14362.5";"14362.5";"PHOTOVOLTAIC";"ON";"OFF"
"run_20260926_162053";"2026-09-26";"16:20:53";"2026-09-26 16:20:53";"269";"hpc_extreme";"HPC - Extremo";"6";"60";"5";"1";"manual";"5000";"1800";"600";"30";"1";"origin";"main";"git@github.com:CAGDOJ/PhotovoltaicFirst.git";"Belem";"-1.4537";"-48.5078";"monocrystalline";"bifacial";"30000";"0.24";"1";"0.24";"1.2";"1.2";"32";"0";"30.4";"11.6";"423.147";"321.592";"0.283609";"2736.19";"100";"1024";"1.25";"150";"75";"102.4";"12.5";"114.9";"28.725";"143.625";"1e+15";"200";"360000";"0.1";"1.8";"143.625";"143.625";"0";"0";"14362.5";"14362.5";"PHOTOVOLTAIC";"ON";"OFF"
"run_20260926_162109";"2026-09-26";"16:21:09";"2026-09-26 16:21:09";"269";"hpc_extreme";"HPC - Extremo";"6";"60";"5";"1";"manual";"5000";"1800";"600";"30";"1";"origin";"main";"git@github.com:CAGDOJ/PhotovoltaicFirst.git";"Belem";"-1.4537";"-48.5078";"monocrystalline";"bifacial";"30000";"0.24";"1";"0.24";"1.2";"1.2";"32";"0";"30.4";"11.6";"419.193";"318.587";"0.283609";"2710.62";"100";"1024";"1.25";"150";"75";"102.4";"12.5";"114.9";"28.725";"143.625";"1e+15";"200";"360000";"0.1";"1.8";"143.625";"143.625";"0";"0";"14362.5";"14362.5";"PHOTOVOLTAIC";"ON";"OFF"
"run_20260926_162200";"2026-09-26";"16:22:00";"2026-09-26 16:22:00";"269";"hpc_extreme";"HPC - Extremo";"6";"60";"5";"1";"manual";"5000";"1800";"600";"30";"1";"origin";"main";"git@github.com:CAGDOJ/PhotovoltaicFirst.git";"Belem";"-1.4537";"-48.5078";"monocrystalline";"bifacial";"30000";"0.24";"1";"0.24";"1.2";"1.2";"32";"0";"30.4";"11.6";"415.231";"315.575";"0.283609";"2685";"100";"1024";"1.25";"150";"75";"102.4";"12.5";"114.9";"28.725";"143.625";"1e+15";"200";"360000";"0.1";"1.8";"143.625";"143.625";"0";"0";"14362.5";"14362.5";"PHOTOVOLTAIC";"ON";"OFF"
"run_20260926_162224";"2026-09-26";"16:22:24";"2026-09-26 16:22:24";"269";"hpc_extreme";"HPC - Extremo";"6";"60";"5";"1";"manual";"5000";"1800";"600";"30";"1";"origin";"main";"git@github.com:CAGDOJ/PhotovoltaicFirst.git";"Belem";"-1.4537";"-48.5078";"monocrystalline";"bifacial";"30000";"0.24";"1";"0.24";"1.2";"1.2";"32";"0";"30.4";"11.6";"415.231";"315.575";"0.283609";"2685";"100";"1024";"1.25";"150";"75";"102.4";"12.5";"114.9";"28.725";"143.625";"1e+15";"200";"360000";"0.1";"1.8";"143.625";"143.625";"0";"0";"14362.5";"14362.5";"PHOTOVOLTAIC";"ON";"OFF"
"run_20260926_162239";"2026-09-26";"16:22:39";"2026-09-26 16:22:39";"269";"hpc_extreme";"HPC - Extremo";"6";"60";"5";"1";"manual";"5000";"1800";"600";"30";"1";"origin";"main";"git@github.com:CAGDOJ/PhotovoltaicFirst.git";"Belem";"-1.4537";"-48.5078";"monocrystalline";"bifacial";"30000";"0.24";"1";"0.24";"1.2";"1.2";"32";"0";"30.4";"11.6";"415.231";"315.575";"0.283609";"2685";"100";"1024";"1.25";"150";"75";"102.4";"12.5";"114.9";"28.725";"143.625";"1e+15";"200";"360000";"0.1";"1.8";"143.625";"143.625";"0";"0";"14362.5";"14362.5";"PHOTOVOLTAIC";"ON";"OFF"
"run_20260926_162332";"2026-09-26";"16:23:32";"2026-09-26 16:23:32";"269";"hpc_extreme";"HPC - Extremo";"6";"60";"5";"1";"manual";"5000";"1800";"600";"30";"1";"origin";"main";"git@github.com:CAGDOJ/PhotovoltaicFirst.git";"Belem";"-1.4537";"-48.5078";"monocrystalline";"bifacial";"30000";"0.24";"1";"0.24";"1.2";"1.2";"32";"0";"30.4";"11.6";"411.261";"312.558";"0.283609";"2659.33";"100";"1024";"1.25";"150";"75";"102.4";"12.5";"114.9";"28.725";"143.625";"1e+15";"200";"360000";"0.1";"1.8";"143.625";"143.625";"0";"0";"14362.5";"14362.5";"PHOTOVOLTAIC";"ON";"OFF"
"run_20260926_162355";"2026-09-26";"16:23:55";"2026-09-26 16:23:55";"269";"hpc_extreme";"HPC - Extremo";"6";"60";"5";"1";"manual";"5000";"1800";"600";"30";"1";"origin";"main";"git@github.com:CAGDOJ/PhotovoltaicFirst.git";"Belem";"-1.4537";"-48.5078";"monocrystalline";"bifacial";"30000";"0.24";"1";"0.24";"1.2";"1.2";"32";"0";"30.4";"11.6";"411.261";"312.558";"0.283609";"2659.33";"100";"1024";"1.25";"150";"75";"102.4";"12.5";"114.9";"28.725";"143.625";"1e+15";"200";"360000";"0.1";"1.8";"143.625";"143.625";"0";"0";"14362.5";"14362.5";"PHOTOVOLTAIC";"ON";"OFF"
"run_20260926_162410";"2026-09-26";"16:24:10";"2026-09-26 16:24:10";"269";"hpc_extreme";"HPC - Extremo";"6";"60";"5";"1";"manual";"5000";"1800";"600";"30";"1";"origin";"main";"git@github.com:CAGDOJ/PhotovoltaicFirst.git";"Belem";"-1.4537";"-48.5078";"monocrystalline";"bifacial";"30000";"0.24";"1";"0.24";"1.2";"1.2";"32";"0";"30.4";"11.6";"407.283";"309.535";"0.283609";"2633.61";"100";"1024";"1.25";"150";"75";"102.4";"12.5";"114.9";"28.725";"143.625";"1e+15";"200";"360000";"0.1";"1.8";"143.625";"143.625";"0";"0";"14362.5";"14362.5";"PHOTOVOLTAIC";"ON";"OFF"
"run_20260926_162503";"2026-09-26";"16:25:03";"2026-09-26 16:25:03";"269";"hpc_extreme";"HPC - Extremo";"6";"60";"5";"1";"manual";"5000";"1800";"600";"30";"1";"origin";"main";"git@github.com:CAGDOJ/PhotovoltaicFirst.git";"Belem";"-1.4537";"-48.5078";"monocrystalline";"bifacial";"30000";"0.24";"1";"0.24";"1.2";"1.2";"32";"0";"30.4";"11.6";"403.297";"306.506";"0.283609";"2607.84";"100";"1024";"1.25";"150";"75";"102.4";"12.5";"114.9";"28.725";"143.625";"1e+15";"200";"360000";"0.1";"1.8";"143.625";"143.625";"0";"0";"14362.5";"14362.5";"PHOTOVOLTAIC";"ON";"OFF"
"run_20260926_162525";"2026-09-26";"16:25:25";"2026-09-26 16:25:25";"269";"hpc_extreme";"HPC - Extremo";"6";"60";"5";"1";"manual";"5000";"1800";"600";"30";"1";"origin";"main";"git@github.com:CAGDOJ/PhotovoltaicFirst.git";"Belem";"-1.4537";"-48.5078";"monocrystalline";"bifacial";"30000";"0.24";"1";"0.24";"1.2";"1.2";"32";"0";"30.4";"11.6";"403.297";"306.506";"0.283609";"2607.84";"100";"1024";"1.25";"150";"75";"102.4";"12.5";"114.9";"28.725";"143.625";"1e+15";"200";"360000";"0.1";"1.8";"143.625";"143.625";"0";"0";"14362.5";"14362.5";"PHOTOVOLTAIC";"ON";"OFF"
"run_20260926_162539";"2026-09-26";"16:25:39";"2026-09-26 16:25:39";"269";"hpc_extreme";"HPC - Extremo";"6";"60";"5";"1";"manual";"5000";"1800";"600";"30";"1";"origin";"main";"git@github.com:CAGDOJ/PhotovoltaicFirst.git";"Belem";"-1.4537";"-48.5078";"monocrystalline";"bifacial";"30000";"0.24";"1";"0.24";"1.2";"1.2";"32";"0";"30.4";"11.6";"403.297";"306.506";"0.283609";"2607.84";"100";"1024";"1.25";"150";"75";"102.4";"12.5";"114.9";"28.725";"143.625";"1e+15";"200";"360000";"0.1";"1.8";"143.625";"143.625";"0";"0";"14362.5";"14362.5";"PHOTOVOLTAIC";"ON";"OFF"
"run_20260926_162634";"2026-09-26";"16:26:34";"2026-09-26 16:26:34";"269";"hpc_extreme";"HPC - Extremo";"6";"60";"5";"1";"manual";"5000";"1800";"600";"30";"1";"origin";"main";"git@github.com:CAGDOJ/PhotovoltaicFirst.git";"Belem";"-1.4537";"-48.5078";"monocrystalline";"bifacial";"30000";"0.24";"1";"0.24";"1.2";"1.2";"32";"0";"30.4";"11.6";"399.304";"303.471";"0.283609";"2582.01";"100";"1024";"1.25";"150";"75";"102.4";"12.5";"114.9";"28.725";"143.625";"1e+15";"200";"360000";"0.1";"1.8";"143.625";"143.445";"0.179753";"17.9753";"14362.5";"14344.5";"PHOTOVOLTAIC+GRID";"ON";"ON"
"run_20260926_162656";"2026-09-26";"16:26:56";"2026-09-26 16:26:56";"269";"hpc_extreme";"HPC - Extremo";"6";"60";"5";"1";"manual";"5000";"1800";"600";"30";"1";"origin";"main";"git@github.com:CAGDOJ/PhotovoltaicFirst.git";"Belem";"-1.4537";"-48.5078";"monocrystalline";"bifacial";"30000";"0.24";"1";"0.24";"1.2";"1.2";"32";"0";"30.4";"11.6";"399.304";"303.471";"0.283609";"2582.01";"100";"1024";"1.25";"150";"75";"102.4";"12.5";"114.9";"28.725";"143.625";"1e+15";"200";"360000";"0.1";"1.8";"143.625";"143.445";"0.179753";"17.9753";"14362.5";"14344.5";"PHOTOVOLTAIC+GRID";"ON";"ON"
"run_20260926_162709";"2026-09-26";"16:27:09";"2026-09-26 16:27:09";"269";"hpc_extreme";"HPC - Extremo";"6";"60";"5";"1";"manual";"5000";"1800";"600";"30";"1";"origin";"main";"git@github.com:CAGDOJ/PhotovoltaicFirst.git";"Belem";"-1.4537";"-48.5078";"monocrystalline";"bifacial";"30000";"0.24";"1";"0.24";"1.2";"1.2";"32";"0";"30.4";"11.6";"395.303";"300.43";"0.283609";"2556.14";"100";"1024";"1.25";"150";"75";"102.4";"12.5";"114.9";"28.725";"143.625";"1e+15";"200";"360000";"0.1";"1.8";"143.625";"142.008";"1.61704";"161.704";"14362.5";"14200.8";"PHOTOVOLTAIC+GRID";"ON";"ON"
"run_20260926_162803";"2026-09-26";"16:28:03";"2026-09-26 16:28:03";"269";"hpc_extreme";"HPC - Extremo";"6";"60";"5";"1";"manual";"5000";"1800";"600";"30";"1";"origin";"main";"git@github.com:CAGDOJ/PhotovoltaicFirst.git";"Belem";"-1.4537";"-48.5078";"monocrystalline";"bifacial";"30000";"0.24";"1";"0.24";"1.2";"1.2";"32";"0";"30.4";"11.6";"391.294";"297.384";"0.283609";"2530.22";"100";"1024";"1.25";"150";"75";"102.4";"12.5";"114.9";"28.725";"143.625";"1e+15";"200";"360000";"0.1";"1.8";"143.625";"140.568";"3.05702";"305.702";"14362.5";"14056.8";"PHOTOVOLTAIC+GRID";"ON";"ON"
"run_20260926_162825";"2026-09-26";"16:28:25";"2026-09-26 16:28:25";"269";"hpc_extreme";"HPC - Extremo";"6";"60";"5";"1";"manual";"5000";"1800";"600";"30";"1";"origin";"main";"git@github.com:CAGDOJ/PhotovoltaicFirst.git";"Belem";"-1.4537";"-48.5078";"monocrystalline";"bifacial";"30000";"0.24";"1";"0.24";"1.2";"1.2";"32";"0";"30.4";"11.6";"391.294";"297.384";"0.283609";"2530.22";"100";"1024";"1.25";"150";"75";"102.4";"12.5";"114.9";"28.725";"143.625";"1e+15";"200";"360000";"0.1";"1.8";"143.625";"140.568";"3.05702";"305.702";"14362.5";"14056.8";"PHOTOVOLTAIC+GRID";"ON";"ON"
"run_20260926_162837";"2026-09-26";"16:28:37";"2026-09-26 16:28:37";"269";"hpc_extreme";"HPC - Extremo";"6";"60";"5";"1";"manual";"5000";"1800";"600";"30";"1";"origin";"main";"git@github.com:CAGDOJ/PhotovoltaicFirst.git";"Belem";"-1.4537";"-48.5078";"monocrystalline";"bifacial";"30000";"0.24";"1";"0.24";"1.2";"1.2";"32";"0";"30.4";"11.6";"391.294";"297.384";"0.283609";"2530.22";"100";"1024";"1.25";"150";"75";"102.4";"12.5";"114.9";"28.725";"143.625";"1e+15";"200";"360000";"0.1";"1.8";"143.625";"140.568";"3.05702";"305.702";"14362.5";"14056.8";"PHOTOVOLTAIC+GRID";"ON";"ON"
"run_20260926_162933";"2026-09-26";"16:29:33";"2026-09-26 16:29:33";"269";"hpc_extreme";"HPC - Extremo";"6";"60";"5";"1";"manual";"5000";"1800";"600";"30";"1";"origin";"main";"git@github.com:CAGDOJ/PhotovoltaicFirst.git";"Belem";"-1.4537";"-48.5078";"monocrystalline";"bifacial";"30000";"0.24";"1";"0.24";"1.2";"1.2";"32";"0";"30.4";"11.6";"387.278";"294.332";"0.283609";"2504.26";"100";"1024";"1.25";"150";"75";"102.4";"12.5";"114.9";"28.725";"143.625";"1e+15";"200";"360000";"0.1";"1.8";"143.625";"139.125";"4.49968";"449.968";"14362.5";"13912.5";"PHOTOVOLTAIC+GRID";"ON";"ON"
"run_20260926_162955";"2026-09-26";"16:29:55";"2026-09-26 16:29:55";"269";"hpc_extreme";"HPC - Extremo";"6";"60";"5";"1";"manual";"5000";"1800";"600";"30";"1";"origin";"main";"git@github.com:CAGDOJ/PhotovoltaicFirst.git";"Belem";"-1.4537";"-48.5078";"monocrystalline";"bifacial";"30000";"0.24";"1";"0.24";"1.2";"1.2";"32";"0";"30.4";"11.6";"387.278";"294.332";"0.283609";"2504.26";"100";"1024";"1.25";"150";"75";"102.4";"12.5";"114.9";"28.725";"143.625";"1e+15";"200";"360000";"0.1";"1.8";"143.625";"139.125";"4.49968";"449.968";"14362.5";"13912.5";"PHOTOVOLTAIC+GRID";"ON";"ON"
"run_20260926_163007";"2026-09-26";"16:30:07";"2026-09-26 16:30:07";"269";"hpc_extreme";"HPC - Extremo";"6";"60";"5";"1";"manual";"5000";"1800";"600";"30";"1";"origin";"main";"git@github.com:CAGDOJ/PhotovoltaicFirst.git";"Belem";"-1.4537";"-48.5078";"monocrystalline";"bifacial";"30000";"0.24";"1";"0.24";"1.2";"1.2";"26";"0";"30.3";"11.2";"383.255";"308.52";"0.28365";"2625.36";"100";"1024";"1.25";"150";"75";"102.4";"12.5";"114.9";"28.725";"143.625";"1e+15";"200";"360000";"0.1";"1.8";"143.625";"143.625";"0";"0";"14362.5";"14362.5";"PHOTOVOLTAIC";"ON";"OFF"
"run_20260926_163110";"2026-09-26";"16:31:10";"2026-09-26 16:31:10";"269";"hpc_extreme";"HPC - Extremo";"6";"60";"5";"1";"manual";"5000";"1800";"600";"30";"1";"origin";"main";"git@github.com:CAGDOJ/PhotovoltaicFirst.git";"Belem";"-1.4537";"-48.5078";"monocrystalline";"bifacial";"30000";"0.24";"1";"0.24";"1.2";"1.2";"26";"0";"30.3";"11.2";"379.225";"305.276";"0.28365";"2597.75";"100";"1024";"1.25";"150";"75";"102.4";"12.5";"114.9";"28.725";"143.625";"1e+15";"200";"360000";"0.1";"1.8";"143.625";"143.625";"0";"0";"14362.5";"14362.5";"PHOTOVOLTAIC";"ON";"OFF"
"run_20260926_163131";"2026-09-26";"16:31:31";"2026-09-26 16:31:31";"269";"hpc_extreme";"HPC - Extremo";"6";"60";"5";"1";"manual";"5000";"1800";"600";"30";"1";"origin";"main";"git@github.com:CAGDOJ/PhotovoltaicFirst.git";"Belem";"-1.4537";"-48.5078";"monocrystalline";"bifacial";"30000";"0.24";"1";"0.24";"1.2";"1.2";"26";"0";"30.3";"11.2";"379.225";"305.276";"0.28365";"2597.75";"100";"1024";"1.25";"150";"75";"102.4";"12.5";"114.9";"28.725";"143.625";"1e+15";"200";"360000";"0.1";"1.8";"143.625";"143.625";"0";"0";"14362.5";"14362.5";"PHOTOVOLTAIC";"ON";"OFF"
"run_20260926_163148";"2026-09-26";"16:31:48";"2026-09-26 16:31:48";"269";"hpc_extreme";"HPC - Extremo";"6";"60";"5";"1";"manual";"5000";"1800";"600";"30";"1";"origin";"main";"git@github.com:CAGDOJ/PhotovoltaicFirst.git";"Belem";"-1.4537";"-48.5078";"monocrystalline";"bifacial";"30000";"0.24";"1";"0.24";"1.2";"1.2";"26";"0";"30.3";"11.2";"379.225";"305.276";"0.28365";"2597.75";"100";"1024";"1.25";"150";"75";"102.4";"12.5";"114.9";"28.725";"143.625";"1e+15";"200";"360000";"0.1";"1.8";"143.625";"143.625";"0";"0";"14362.5";"14362.5";"PHOTOVOLTAIC";"ON";"OFF"
"run_20260926_163245";"2026-09-26";"16:32:45";"2026-09-26 16:32:45";"269";"hpc_extreme";"HPC - Extremo";"6";"60";"5";"1";"manual";"5000";"1800";"600";"30";"1";"origin";"main";"git@github.com:CAGDOJ/PhotovoltaicFirst.git";"Belem";"-1.4537";"-48.5078";"monocrystalline";"bifacial";"30000";"0.24";"1";"0.24";"1.2";"1.2";"26";"0";"30.3";"11.2";"375.187";"302.026";"0.28365";"2570.09";"100";"1024";"1.25";"150";"75";"102.4";"12.5";"114.9";"28.725";"143.625";"1e+15";"200";"360000";"0.1";"1.8";"143.625";"142.783";"0.842328";"84.2328";"14362.5";"14278.3";"PHOTOVOLTAIC+GRID";"ON";"ON"
"run_20260926_163305";"2026-09-26";"16:33:05";"2026-09-26 16:33:05";"269";"hpc_extreme";"HPC - Extremo";"6";"60";"5";"1";"manual";"5000";"1800";"600";"30";"1";"origin";"main";"git@github.com:CAGDOJ/PhotovoltaicFirst.git";"Belem";"-1.4537";"-48.5078";"monocrystalline";"bifacial";"30000";"0.24";"1";"0.24";"1.2";"1.2";"26";"0";"30.3";"11.2";"371.142";"298.77";"0.28365";"2542.38";"100";"1024";"1.25";"150";"75";"102.4";"12.5";"114.9";"28.725";"143.625";"1e+15";"200";"360000";"0.1";"1.8";"143.625";"141.243";"2.38164";"238.164";"14362.5";"14124.3";"PHOTOVOLTAIC+GRID";"ON";"ON"
"run_20260926_163322";"2026-09-26";"16:33:22";"2026-09-26 16:33:22";"269";"hpc_extreme";"HPC - Extremo";"6";"60";"5";"1";"manual";"5000";"1800";"600";"30";"1";"origin";"main";"git@github.com:CAGDOJ/PhotovoltaicFirst.git";"Belem";"-1.4537";"-48.5078";"monocrystalline";"bifacial";"30000";"0.24";"1";"0.24";"1.2";"1.2";"26";"0";"30.3";"11.2";"371.142";"298.77";"0.28365";"2542.38";"100";"1024";"1.25";"150";"75";"102.4";"12.5";"114.9";"28.725";"143.625";"1e+15";"200";"360000";"0.1";"1.8";"143.625";"141.243";"2.38164";"238.164";"14362.5";"14124.3";"PHOTOVOLTAIC+GRID";"ON";"ON"
"run_20260926_163419";"2026-09-26";"16:34:19";"2026-09-26 16:34:19";"269";"hpc_extreme";"HPC - Extremo";"6";"60";"5";"1";"manual";"5000";"1800";"600";"30";"1";"origin";"main";"git@github.com:CAGDOJ/PhotovoltaicFirst.git";"Belem";"-1.4537";"-48.5078";"monocrystalline";"bifacial";"30000";"0.24";"1";"0.24";"1.2";"1.2";"26";"0";"30.3";"11.2";"367.09";"295.508";"0.28365";"2514.62";"100";"1024";"1.25";"150";"75";"102.4";"12.5";"114.9";"28.725";"143.625";"1e+15";"200";"360000";"0.1";"1.8";"143.625";"139.701";"3.92364";"392.364";"14362.5";"13970.1";"PHOTOVOLTAIC+GRID";"ON";"ON"
"run_20260926_163440";"2026-09-26";"16:34:40";"2026-09-26 16:34:40";"269";"hpc_extreme";"HPC - Extremo";"6";"60";"5";"1";"manual";"5000";"1800";"600";"30";"1";"origin";"main";"git@github.com:CAGDOJ/PhotovoltaicFirst.git";"Belem";"-1.4537";"-48.5078";"monocrystalline";"bifacial";"30000";"0.24";"1";"0.24";"1.2";"1.2";"26";"0";"30.3";"11.2";"367.09";"295.508";"0.28365";"2514.62";"100";"1024";"1.25";"150";"75";"102.4";"12.5";"114.9";"28.725";"143.625";"1e+15";"200";"360000";"0.1";"1.8";"143.625";"139.701";"3.92364";"392.364";"14362.5";"13970.1";"PHOTOVOLTAIC+GRID";"ON";"ON"
"run_20260926_163458";"2026-09-26";"16:34:58";"2026-09-26 16:34:58";"269";"hpc_extreme";"HPC - Extremo";"6";"60";"5";"1";"manual";"5000";"1800";"600";"30";"1";"origin";"main";"git@github.com:CAGDOJ/PhotovoltaicFirst.git";"Belem";"-1.4537";"-48.5078";"monocrystalline";"bifacial";"30000";"0.24";"1";"0.24";"1.2";"1.2";"26";"0";"30.3";"11.2";"367.09";"295.508";"0.28365";"2514.62";"100";"1024";"1.25";"150";"75";"102.4";"12.5";"114.9";"28.725";"143.625";"1e+15";"200";"360000";"0.1";"1.8";"143.625";"139.701";"3.92364";"392.364";"14362.5";"13970.1";"PHOTOVOLTAIC+GRID";"ON";"ON"
"run_20260926_163555";"2026-09-26";"16:35:55";"2026-09-26 16:35:55";"269";"hpc_extreme";"HPC - Extremo";"6";"60";"5";"1";"manual";"5000";"1800";"600";"30";"1";"origin";"main";"git@github.com:CAGDOJ/PhotovoltaicFirst.git";"Belem";"-1.4537";"-48.5078";"monocrystalline";"bifacial";"30000";"0.24";"1";"0.24";"1.2";"1.2";"26";"0";"30.3";"11.2";"363.032";"292.24";"0.28365";"2486.82";"100";"1024";"1.25";"150";"75";"102.4";"12.5";"114.9";"28.725";"143.625";"1e+15";"200";"360000";"0.1";"1.8";"143.625";"138.157";"5.46829";"546.829";"14362.5";"13815.7";"PHOTOVOLTAIC+GRID";"ON";"ON"
"run_20260926_163614";"2026-09-26";"16:36:14";"2026-09-26 16:36:14";"269";"hpc_extreme";"HPC - Extremo";"6";"60";"5";"1";"manual";"5000";"1800";"600";"30";"1";"origin";"main";"git@github.com:CAGDOJ/PhotovoltaicFirst.git";"Belem";"-1.4537";"-48.5078";"monocrystalline";"bifacial";"30000";"0.24";"1";"0.24";"1.2";"1.2";"26";"0";"30.3";"11.2";"358.966";"288.967";"0.28365";"2458.97";"100";"1024";"1.25";"150";"75";"102.4";"12.5";"114.9";"28.725";"143.625";"1e+15";"200";"360000";"0.1";"1.8";"143.625";"136.609";"7.01556";"701.556";"14362.5";"13660.9";"PHOTOVOLTAIC+GRID";"ON";"ON"
"run_20260926_163634";"2026-09-26";"16:36:34";"2026-09-26 16:36:34";"269";"hpc_extreme";"HPC - Extremo";"6";"60";"5";"1";"manual";"5000";"1800";"600";"30";"1";"origin";"main";"git@github.com:CAGDOJ/PhotovoltaicFirst.git";"Belem";"-1.4537";"-48.5078";"monocrystalline";"bifacial";"30000";"0.24";"1";"0.24";"1.2";"1.2";"26";"0";"30.3";"11.2";"358.966";"288.967";"0.28365";"2458.97";"100";"1024";"1.25";"150";"75";"102.4";"12.5";"114.9";"28.725";"143.625";"1e+15";"200";"360000";"0.1";"1.8";"143.625";"136.609";"7.01556";"701.556";"14362.5";"13660.9";"PHOTOVOLTAIC+GRID";"ON";"ON"
"run_20260926_163734";"2026-09-26";"16:37:34";"2026-09-26 16:37:34";"269";"hpc_extreme";"HPC - Extremo";"6";"60";"5";"1";"manual";"5000";"1800";"600";"30";"1";"origin";"main";"git@github.com:CAGDOJ/PhotovoltaicFirst.git";"Belem";"-1.4537";"-48.5078";"monocrystalline";"bifacial";"30000";"0.24";"1";"0.24";"1.2";"1.2";"26";"0";"30.3";"11.2";"354.893";"285.689";"0.28365";"2431.07";"100";"1024";"1.25";"150";"75";"102.4";"12.5";"114.9";"28.725";"143.625";"1e+15";"200";"360000";"0.1";"1.8";"143.625";"135.06";"8.56542";"856.542";"14362.5";"13506";"PHOTOVOLTAIC+GRID";"ON";"ON"
"run_20260926_163752";"2026-09-26";"16:37:52";"2026-09-26 16:37:52";"269";"hpc_extreme";"HPC - Extremo";"6";"60";"5";"1";"manual";"5000";"1800";"600";"30";"1";"origin";"main";"git@github.com:CAGDOJ/PhotovoltaicFirst.git";"Belem";"-1.4537";"-48.5078";"monocrystalline";"bifacial";"30000";"0.24";"1";"0.24";"1.2";"1.2";"26";"0";"30.3";"11.2";"354.893";"285.689";"0.28365";"2431.07";"100";"1024";"1.25";"150";"75";"102.4";"12.5";"114.9";"28.725";"143.625";"1e+15";"200";"360000";"0.1";"1.8";"143.625";"135.06";"8.56542";"856.542";"14362.5";"13506";"PHOTOVOLTAIC+GRID";"ON";"ON"
"run_20260926_163810";"2026-09-26";"16:38:10";"2026-09-26 16:38:10";"269";"hpc_extreme";"HPC - Extremo";"6";"60";"5";"1";"manual";"5000";"1800";"600";"30";"1";"origin";"main";"git@github.com:CAGDOJ/PhotovoltaicFirst.git";"Belem";"-1.4537";"-48.5078";"monocrystalline";"bifacial";"30000";"0.24";"1";"0.24";"1.2";"1.2";"26";"0";"30.3";"11.2";"350.814";"282.405";"0.28365";"2403.13";"100";"1024";"1.25";"150";"75";"102.4";"12.5";"114.9";"28.725";"143.625";"1e+15";"200";"360000";"0.1";"1.8";"143.625";"133.507";"10.1179";"1011.79";"14362.5";"13350.7";"PHOTOVOLTAIC+GRID";"ON";"ON"
"run_20260926_163910";"2026-09-26";"16:39:10";"2026-09-26 16:39:10";"269";"hpc_extreme";"HPC - Extremo";"6";"60";"5";"1";"manual";"5000";"1800";"600";"30";"1";"origin";"main";"git@github.com:CAGDOJ/PhotovoltaicFirst.git";"Belem";"-1.4537";"-48.5078";"monocrystalline";"bifacial";"30000";"0.24";"1";"0.24";"1.2";"1.2";"26";"0";"30.3";"11.2";"346.728";"279.116";"0.28365";"2375.14";"100";"1024";"1.25";"150";"75";"102.4";"12.5";"114.9";"28.725";"143.625";"1e+15";"200";"360000";"0.1";"1.8";"143.625";"131.952";"11.6728";"1167.28";"14362.5";"13195.2";"PHOTOVOLTAIC+GRID";"ON";"ON"
"run_20260926_163931";"2026-09-26";"16:39:31";"2026-09-26 16:39:31";"269";"hpc_extreme";"HPC - Extremo";"6";"60";"5";"1";"manual";"5000";"1800";"600";"30";"1";"origin";"main";"git@github.com:CAGDOJ/PhotovoltaicFirst.git";"Belem";"-1.4537";"-48.5078";"monocrystalline";"bifacial";"30000";"0.24";"1";"0.24";"1.2";"1.2";"26";"0";"30.3";"11.2";"346.728";"279.116";"0.28365";"2375.14";"100";"1024";"1.25";"150";"75";"102.4";"12.5";"114.9";"28.725";"143.625";"1e+15";"200";"360000";"0.1";"1.8";"143.625";"131.952";"11.6728";"1167.28";"14362.5";"13195.2";"PHOTOVOLTAIC+GRID";"ON";"ON"
"run_20260926_163951";"2026-09-26";"16:39:51";"2026-09-26 16:39:51";"269";"hpc_extreme";"HPC - Extremo";"6";"60";"5";"1";"manual";"5000";"1800";"600";"30";"1";"origin";"main";"git@github.com:CAGDOJ/PhotovoltaicFirst.git";"Belem";"-1.4537";"-48.5078";"monocrystalline";"bifacial";"30000";"0.24";"1";"0.24";"1.2";"1.2";"26";"0";"30.3";"11.2";"346.728";"279.116";"0.28365";"2375.14";"100";"1024";"1.25";"150";"75";"102.4";"12.5";"114.9";"28.725";"143.625";"1e+15";"200";"360000";"0.1";"1.8";"143.625";"131.952";"11.6728";"1167.28";"14362.5";"13195.2";"PHOTOVOLTAIC+GRID";"ON";"ON"
"run_20260926_164046";"2026-09-26";"16:40:46";"2026-09-26 16:40:46";"269";"hpc_extreme";"HPC - Extremo";"6";"60";"5";"1";"manual";"5000";"1800";"600";"30";"1";"origin";"main";"git@github.com:CAGDOJ/PhotovoltaicFirst.git";"Belem";"-1.4537";"-48.5078";"monocrystalline";"bifacial";"30000";"0.24";"1";"0.24";"1.2";"1.2";"26";"0";"30.3";"11.2";"342.636";"275.822";"0.28365";"2347.1";"100";"1024";"1.25";"150";"75";"102.4";"12.5";"114.9";"28.725";"143.625";"1e+15";"200";"360000";"0.1";"1.8";"143.625";"130.395";"13.2303";"1323.03";"14362.5";"13039.5";"PHOTOVOLTAIC+GRID";"ON";"ON"
"run_20260926_164111";"2026-09-26";"16:41:11";"2026-09-26 16:41:11";"269";"hpc_extreme";"HPC - Extremo";"6";"60";"5";"1";"manual";"5000";"1800";"600";"30";"1";"origin";"main";"git@github.com:CAGDOJ/PhotovoltaicFirst.git";"Belem";"-1.4537";"-48.5078";"monocrystalline";"bifacial";"30000";"0.24";"1";"0.24";"1.2";"1.2";"26";"0";"30.3";"11.2";"338.536";"272.522";"0.28365";"2319.03";"100";"1024";"1.25";"150";"75";"102.4";"12.5";"114.9";"28.725";"143.625";"1e+15";"200";"360000";"0.1";"1.8";"143.625";"128.835";"14.7902";"1479.02";"14362.5";"12883.5";"PHOTOVOLTAIC+GRID";"ON";"ON"
"run_20260926_164124";"2026-09-26";"16:41:24";"2026-09-26 16:41:24";"269";"hpc_extreme";"HPC - Extremo";"6";"60";"5";"1";"manual";"5000";"1800";"600";"30";"1";"origin";"main";"git@github.com:CAGDOJ/PhotovoltaicFirst.git";"Belem";"-1.4537";"-48.5078";"monocrystalline";"bifacial";"30000";"0.24";"1";"0.24";"1.2";"1.2";"26";"0";"30.3";"11.2";"338.536";"272.522";"0.28365";"2319.03";"100";"1024";"1.25";"150";"75";"102.4";"12.5";"114.9";"28.725";"143.625";"1e+15";"200";"360000";"0.1";"1.8";"143.625";"128.835";"14.7902";"1479.02";"14362.5";"12883.5";"PHOTOVOLTAIC+GRID";"ON";"ON"
"run_20260926_164212";"2026-09-26";"16:42:12";"2026-09-26 16:42:12";"269";"hpc_extreme";"HPC - Extremo";"6";"60";"5";"1";"manual";"5000";"1800";"600";"30";"1";"origin";"main";"git@github.com:CAGDOJ/PhotovoltaicFirst.git";"Belem";"-1.4537";"-48.5078";"monocrystalline";"bifacial";"30000";"0.24";"1";"0.24";"1.2";"1.2";"26";"0";"30.3";"11.2";"334.431";"269.217";"0.28365";"2290.9";"100";"1024";"1.25";"150";"75";"102.4";"12.5";"114.9";"28.725";"143.625";"1e+15";"200";"360000";"0.1";"1.8";"143.625";"127.272";"16.3526";"1635.26";"14362.5";"12727.2";"PHOTOVOLTAIC+GRID";"ON";"ON"
"run_20260926_164242";"2026-09-26";"16:42:42";"2026-09-26 16:42:42";"269";"hpc_extreme";"HPC - Extremo";"6";"60";"5";"1";"manual";"5000";"1800";"600";"30";"1";"origin";"main";"git@github.com:CAGDOJ/PhotovoltaicFirst.git";"Belem";"-1.4537";"-48.5078";"monocrystalline";"bifacial";"30000";"0.24";"1";"0.24";"1.2";"1.2";"26";"0";"30.3";"11.2";"334.431";"269.217";"0.28365";"2290.9";"100";"1024";"1.25";"150";"75";"102.4";"12.5";"114.9";"28.725";"143.625";"1e+15";"200";"360000";"0.1";"1.8";"143.625";"127.272";"16.3526";"1635.26";"14362.5";"12727.2";"PHOTOVOLTAIC+GRID";"ON";"ON"
"run_20260926_164255";"2026-09-26";"16:42:55";"2026-09-26 16:42:55";"269";"hpc_extreme";"HPC - Extremo";"6";"60";"5";"1";"manual";"5000";"1800";"600";"30";"1";"origin";"main";"git@github.com:CAGDOJ/PhotovoltaicFirst.git";"Belem";"-1.4537";"-48.5078";"monocrystalline";"bifacial";"30000";"0.24";"1";"0.24";"1.2";"1.2";"26";"0";"30.3";"11.2";"334.431";"269.217";"0.28365";"2290.9";"100";"1024";"1.25";"150";"75";"102.4";"12.5";"114.9";"28.725";"143.625";"1e+15";"200";"360000";"0.1";"1.8";"143.625";"127.272";"16.3526";"1635.26";"14362.5";"12727.2";"PHOTOVOLTAIC+GRID";"ON";"ON"
"run_20260926_164339";"2026-09-26";"16:43:39";"2026-09-26 16:43:39";"269";"hpc_extreme";"HPC - Extremo";"6";"60";"5";"1";"manual";"5000";"1800";"600";"30";"1";"origin";"main";"git@github.com:CAGDOJ/PhotovoltaicFirst.git";"Belem";"-1.4537";"-48.5078";"monocrystalline";"bifacial";"30000";"0.24";"1";"0.24";"1.2";"1.2";"26";"0";"30.3";"11.2";"330.319";"265.907";"0.28365";"2262.74";"100";"1024";"1.25";"150";"75";"102.4";"12.5";"114.9";"28.725";"143.625";"1e+15";"200";"360000";"0.1";"1.8";"143.625";"125.708";"17.9174";"1791.74";"14362.5";"12570.8";"PHOTOVOLTAIC+GRID";"ON";"ON"
"run_20260926_164412";"2026-09-26";"16:44:12";"2026-09-26 16:44:12";"269";"hpc_extreme";"HPC - Extremo";"6";"60";"5";"1";"manual";"5000";"1800";"600";"30";"1";"origin";"main";"git@github.com:CAGDOJ/PhotovoltaicFirst.git";"Belem";"-1.4537";"-48.5078";"monocrystalline";"bifacial";"30000";"0.24";"1";"0.24";"1.2";"1.2";"26";"0";"30.3";"11.2";"326.201";"262.592";"0.28365";"2234.53";"100";"1024";"1.25";"150";"75";"102.4";"12.5";"114.9";"28.725";"143.625";"1e+15";"200";"360000";"0.1";"1.8";"143.625";"124.14";"19.4846";"1948.46";"14362.5";"12414";"PHOTOVOLTAIC+GRID";"ON";"ON"
"run_20260926_164423";"2026-09-26";"16:44:23";"2026-09-26 16:44:23";"269";"hpc_extreme";"HPC - Extremo";"6";"60";"5";"1";"manual";"5000";"1800";"600";"30";"1";"origin";"main";"git@github.com:CAGDOJ/PhotovoltaicFirst.git";"Belem";"-1.4537";"-48.5078";"monocrystalline";"bifacial";"30000";"0.24";"1";"0.24";"1.2";"1.2";"26";"0";"30.3";"11.2";"326.201";"262.592";"0.28365";"2234.53";"100";"1024";"1.25";"150";"75";"102.4";"12.5";"114.9";"28.725";"143.625";"1e+15";"200";"360000";"0.1";"1.8";"143.625";"124.14";"19.4846";"1948.46";"14362.5";"12414";"PHOTOVOLTAIC+GRID";"ON";"ON"
"run_20260926_164505";"2026-09-26";"16:45:05";"2026-09-26 16:45:05";"269";"hpc_extreme";"HPC - Extremo";"6";"60";"5";"1";"manual";"5000";"1800";"600";"30";"1";"origin";"main";"git@github.com:CAGDOJ/PhotovoltaicFirst.git";"Belem";"-1.4537";"-48.5078";"monocrystalline";"bifacial";"30000";"0.24";"1";"0.24";"1.2";"1.2";"21";"0";"30.1";"10.8";"322.077";"271.35";"0.283822";"2310.45";"100";"1024";"1.25";"150";"75";"102.4";"12.5";"114.9";"28.725";"143.625";"1e+15";"200";"360000";"0.1";"1.8";"143.625";"128.358";"15.2668";"1526.68";"14362.5";"12835.8";"PHOTOVOLTAIC+GRID";"ON";"ON"
"run_20260926_164539";"2026-09-26";"16:45:39";"2026-09-26 16:45:39";"269";"hpc_extreme";"HPC - Extremo";"6";"60";"5";"1";"manual";"5000";"1800";"600";"30";"1";"origin";"main";"git@github.com:CAGDOJ/PhotovoltaicFirst.git";"Belem";"-1.4537";"-48.5078";"monocrystalline";"bifacial";"30000";"0.24";"1";"0.24";"1.2";"1.2";"21";"0";"30.1";"10.8";"322.077";"271.35";"0.283822";"2310.45";"100";"1024";"1.25";"150";"75";"102.4";"12.5";"114.9";"28.725";"143.625";"1e+15";"200";"360000";"0.1";"1.8";"143.625";"128.358";"15.2668";"1526.68";"14362.5";"12835.8";"PHOTOVOLTAIC+GRID";"ON";"ON"
"run_20260926_164548";"2026-09-26";"16:45:48";"2026-09-26 16:45:48";"269";"hpc_extreme";"HPC - Extremo";"6";"60";"5";"1";"manual";"5000";"1800";"600";"30";"1";"origin";"main";"git@github.com:CAGDOJ/PhotovoltaicFirst.git";"Belem";"-1.4537";"-48.5078";"monocrystalline";"bifacial";"30000";"0.24";"1";"0.24";"1.2";"1.2";"21";"0";"30.1";"10.8";"322.077";"271.35";"0.283822";"2310.45";"100";"1024";"1.25";"150";"75";"102.4";"12.5";"114.9";"28.725";"143.625";"1e+15";"200";"360000";"0.1";"1.8";"143.625";"128.358";"15.2668";"1526.68";"14362.5";"12835.8";"PHOTOVOLTAIC+GRID";"ON";"ON"
"run_20260926_164633";"2026-09-26";"16:46:33";"2026-09-26 16:46:33";"269";"hpc_extreme";"HPC - Extremo";"6";"60";"5";"1";"manual";"5000";"1800";"600";"30";"1";"origin";"main";"git@github.com:CAGDOJ/PhotovoltaicFirst.git";"Belem";"-1.4537";"-48.5078";"monocrystalline";"bifacial";"30000";"0.24";"1";"0.24";"1.2";"1.2";"21";"0";"30.1";"10.8";"317.946";"267.87";"0.283822";"2280.82";"100";"1024";"1.25";"150";"75";"102.4";"12.5";"114.9";"28.725";"143.625";"1e+15";"200";"360000";"0.1";"1.8";"143.625";"126.712";"16.9129";"1691.29";"14362.5";"12671.2";"PHOTOVOLTAIC+GRID";"ON";"ON"
"run_20260926_164708";"2026-09-26";"16:47:08";"2026-09-26 16:47:08";"269";"hpc_extreme";"HPC - Extremo";"6";"60";"5";"1";"manual";"5000";"1800";"600";"30";"1";"origin";"main";"git@github.com:CAGDOJ/PhotovoltaicFirst.git";"Belem";"-1.4537";"-48.5078";"monocrystalline";"bifacial";"30000";"0.24";"1";"0.24";"1.2";"1.2";"21";"0";"30.1";"10.8";"313.81";"264.385";"0.283822";"2251.14";"100";"1024";"1.25";"150";"75";"102.4";"12.5";"114.9";"28.725";"143.625";"1e+15";"200";"360000";"0.1";"1.8";"143.625";"125.064";"18.5614";"1856.14";"14362.5";"12506.4";"PHOTOVOLTAIC+GRID";"ON";"ON"
"run_20260926_164716";"2026-09-26";"16:47:16";"2026-09-26 16:47:16";"269";"hpc_extreme";"HPC - Extremo";"6";"60";"5";"1";"manual";"5000";"1800";"600";"30";"1";"origin";"main";"git@github.com:CAGDOJ/PhotovoltaicFirst.git";"Belem";"-1.4537";"-48.5078";"monocrystalline";"bifacial";"30000";"0.24";"1";"0.24";"1.2";"1.2";"21";"0";"30.1";"10.8";"313.81";"264.385";"0.283822";"2251.14";"100";"1024";"1.25";"150";"75";"102.4";"12.5";"114.9";"28.725";"143.625";"1e+15";"200";"360000";"0.1";"1.8";"143.625";"125.064";"18.5614";"1856.14";"14362.5";"12506.4";"PHOTOVOLTAIC+GRID";"ON";"ON"
"run_20260926_164758";"2026-09-26";"16:47:58";"2026-09-26 16:47:58";"269";"hpc_extreme";"HPC - Extremo";"6";"60";"5";"1";"manual";"5000";"1800";"600";"30";"1";"origin";"main";"git@github.com:CAGDOJ/PhotovoltaicFirst.git";"Belem";"-1.4537";"-48.5078";"monocrystalline";"bifacial";"30000";"0.24";"1";"0.24";"1.2";"1.2";"21";"0";"30.1";"10.8";"313.81";"264.385";"0.283822";"2251.14";"100";"1024";"1.25";"150";"75";"102.4";"12.5";"114.9";"28.725";"143.625";"1e+15";"200";"360000";"0.1";"1.8";"143.625";"125.064";"18.5614";"1856.14";"14362.5";"12506.4";"PHOTOVOLTAIC+GRID";"ON";"ON"
"run_20260926_164837";"2026-09-26";"16:48:37";"2026-09-26 16:48:37";"269";"hpc_extreme";"HPC - Extremo";"6";"60";"5";"1";"manual";"5000";"1800";"600";"30";"1";"origin";"main";"git@github.com:CAGDOJ/PhotovoltaicFirst.git";"Belem";"-1.4537";"-48.5078";"monocrystalline";"bifacial";"30000";"0.24";"1";"0.24";"1.2";"1.2";"21";"0";"30.1";"10.8";"309.668";"260.895";"0.283822";"2221.43";"100";"1024";"1.25";"150";"75";"102.4";"12.5";"114.9";"28.725";"143.625";"1e+15";"200";"360000";"0.1";"1.8";"143.625";"123.413";"20.2123";"2021.23";"14362.5";"12341.3";"PHOTOVOLTAIC+GRID";"ON";"ON"
"run_20260926_164839";"2026-09-26";"16:48:39";"2026-09-26 16:48:39";"269";"hpc_extreme";"HPC - Extremo";"6";"60";"5";"1";"manual";"5000";"1800";"600";"30";"1";"origin";"main";"git@github.com:CAGDOJ/PhotovoltaicFirst.git";"Belem";"-1.4537";"-48.5078";"monocrystalline";"bifacial";"30000";"0.24";"1";"0.24";"1.2";"1.2";"21";"0";"30.1";"10.8";"309.668";"260.895";"0.283822";"2221.43";"100";"1024";"1.25";"150";"75";"102.4";"12.5";"114.9";"28.725";"143.625";"1e+15";"200";"360000";"0.1";"1.8";"143.625";"123.413";"20.2123";"2021.23";"14362.5";"12341.3";"PHOTOVOLTAIC+GRID";"ON";"ON"
"run_20260926_164924";"2026-09-26";"16:49:24";"2026-09-26 16:49:24";"269";"hpc_extreme";"HPC - Extremo";"6";"60";"5";"1";"manual";"5000";"1800";"600";"30";"1";"origin";"main";"git@github.com:CAGDOJ/PhotovoltaicFirst.git";"Belem";"-1.4537";"-48.5078";"monocrystalline";"bifacial";"30000";"0.24";"1";"0.24";"1.2";"1.2";"21";"0";"30.1";"10.8";"305.519";"257.4";"0.283822";"2191.67";"100";"1024";"1.25";"150";"75";"102.4";"12.5";"114.9";"28.725";"143.625";"1e+15";"200";"360000";"0.1";"1.8";"143.625";"121.76";"21.8655";"2186.55";"14362.5";"12176";"PHOTOVOLTAIC+GRID";"ON";"ON"
"run_20260926_165008";"2026-09-26";"16:50:08";"2026-09-26 16:50:08";"269";"hpc_extreme";"HPC - Extremo";"6";"60";"5";"1";"manual";"5000";"1800";"600";"30";"1";"origin";"main";"git@github.com:CAGDOJ/PhotovoltaicFirst.git";"Belem";"-1.4537";"-48.5078";"monocrystalline";"bifacial";"30000";"0.24";"1";"0.24";"1.2";"1.2";"21";"0";"30.1";"10.8";"301.365";"253.9";"0.283822";"2161.87";"100";"1024";"1.25";"150";"75";"102.4";"12.5";"114.9";"28.725";"143.625";"1e+15";"200";"360000";"0.1";"1.8";"143.625";"120.104";"23.521";"2352.1";"14362.5";"12010.4";"PHOTOVOLTAIC+GRID";"ON";"ON"
"run_20260926_165009";"2026-09-26";"16:50:09";"2026-09-26 16:50:09";"269";"hpc_extreme";"HPC - Extremo";"6";"60";"5";"1";"manual";"5000";"1800";"600";"30";"1";"origin";"main";"git@github.com:CAGDOJ/PhotovoltaicFirst.git";"Belem";"-1.4537";"-48.5078";"monocrystalline";"bifacial";"30000";"0.24";"1";"0.24";"1.2";"1.2";"21";"0";"30.1";"10.8";"301.365";"253.9";"0.283822";"2161.87";"100";"1024";"1.25";"150";"75";"102.4";"12.5";"114.9";"28.725";"143.625";"1e+15";"200";"360000";"0.1";"1.8";"143.625";"120.104";"23.521";"2352.1";"14362.5";"12010.4";"PHOTOVOLTAIC+GRID";"ON";"ON"
"run_20260926_165049";"2026-09-26";"16:50:49";"2026-09-26 16:50:49";"269";"hpc_extreme";"HPC - Extremo";"6";"60";"5";"1";"manual";"5000";"1800";"600";"30";"1";"origin";"main";"git@github.com:CAGDOJ/PhotovoltaicFirst.git";"Belem";"-1.4537";"-48.5078";"monocrystalline";"bifacial";"30000";"0.24";"1";"0.24";"1.2";"1.2";"21";"0";"30.1";"10.8";"301.365";"253.9";"0.283822";"2161.87";"100";"1024";"1.25";"150";"75";"102.4";"12.5";"114.9";"28.725";"143.625";"1e+15";"200";"360000";"0.1";"1.8";"143.625";"120.104";"23.521";"2352.1";"14362.5";"12010.4";"PHOTOVOLTAIC+GRID";"ON";"ON"
"run_20260926_165135";"2026-09-26";"16:51:35";"2026-09-26 16:51:35";"269";"hpc_extreme";"HPC - Extremo";"6";"60";"5";"1";"manual";"5000";"1800";"600";"30";"1";"origin";"main";"git@github.com:CAGDOJ/PhotovoltaicFirst.git";"Belem";"-1.4537";"-48.5078";"monocrystalline";"bifacial";"30000";"0.24";"1";"0.24";"1.2";"1.2";"21";"0";"30.1";"10.8";"297.206";"250.396";"0.283822";"2132.03";"100";"1024";"1.25";"150";"75";"102.4";"12.5";"114.9";"28.725";"143.625";"1e+15";"200";"360000";"0.1";"1.8";"143.625";"118.446";"25.1788";"2517.88";"14362.5";"11844.6";"PHOTOVOLTAIC+GRID";"ON";"ON"
"run_20260926_165137";"2026-09-26";"16:51:37";"2026-09-26 16:51:37";"269";"hpc_extreme";"HPC - Extremo";"6";"60";"5";"1";"manual";"5000";"1800";"600";"30";"1";"origin";"main";"git@github.com:CAGDOJ/PhotovoltaicFirst.git";"Belem";"-1.4537";"-48.5078";"monocrystalline";"bifacial";"30000";"0.24";"1";"0.24";"1.2";"1.2";"21";"0";"30.1";"10.8";"297.206";"250.396";"0.283822";"2132.03";"100";"1024";"1.25";"150";"75";"102.4";"12.5";"114.9";"28.725";"143.625";"1e+15";"200";"360000";"0.1";"1.8";"143.625";"118.446";"25.1788";"2517.88";"14362.5";"11844.6";"PHOTOVOLTAIC+GRID";"ON";"ON"
"run_20260926_165216";"2026-09-26";"16:52:16";"2026-09-26 16:52:16";"269";"hpc_extreme";"HPC - Extremo";"6";"60";"5";"1";"manual";"5000";"1800";"600";"30";"1";"origin";"main";"git@github.com:CAGDOJ/PhotovoltaicFirst.git";"Belem";"-1.4537";"-48.5078";"monocrystalline";"bifacial";"30000";"0.24";"1";"0.24";"1.2";"1.2";"21";"0";"30.1";"10.8";"293.04";"246.886";"0.283822";"2102.15";"100";"1024";"1.25";"150";"75";"102.4";"12.5";"114.9";"28.725";"143.625";"1e+15";"200";"360000";"0.1";"1.8";"143.625";"116.786";"26.8389";"2683.89";"14362.5";"11678.6";"PHOTOVOLTAIC+GRID";"ON";"ON"
"run_20260926_165304";"2026-09-26";"16:53:04";"2026-09-26 16:53:04";"269";"hpc_extreme";"HPC - Extremo";"6";"60";"5";"1";"manual";"5000";"1800";"600";"30";"1";"origin";"main";"git@github.com:CAGDOJ/PhotovoltaicFirst.git";"Belem";"-1.4537";"-48.5078";"monocrystalline";"bifacial";"30000";"0.24";"1";"0.24";"1.2";"1.2";"21";"0";"30.1";"10.8";"288.869";"243.372";"0.283822";"2072.23";"100";"1024";"1.25";"150";"75";"102.4";"12.5";"114.9";"28.725";"143.625";"1e+15";"200";"360000";"0.1";"1.8";"143.625";"115.124";"28.5011";"2850.11";"14362.5";"11512.4";"PHOTOVOLTAIC+GRID";"ON";"ON"
"run_20260926_165307";"2026-09-26";"16:53:07";"2026-09-26 16:53:07";"269";"hpc_extreme";"HPC - Extremo";"6";"60";"5";"1";"manual";"5000";"1800";"600";"30";"1";"origin";"main";"git@github.com:CAGDOJ/PhotovoltaicFirst.git";"Belem";"-1.4537";"-48.5078";"monocrystalline";"bifacial";"30000";"0.24";"1";"0.24";"1.2";"1.2";"21";"0";"30.1";"10.8";"288.869";"243.372";"0.283822";"2072.23";"100";"1024";"1.25";"150";"75";"102.4";"12.5";"114.9";"28.725";"143.625";"1e+15";"200";"360000";"0.1";"1.8";"143.625";"115.124";"28.5011";"2850.11";"14362.5";"11512.4";"PHOTOVOLTAIC+GRID";"ON";"ON"
"run_20260926_165343";"2026-09-26";"16:53:43";"2026-09-26 16:53:43";"269";"hpc_extreme";"HPC - Extremo";"6";"60";"5";"1";"manual";"5000";"1800";"600";"30";"1";"origin";"main";"git@github.com:CAGDOJ/PhotovoltaicFirst.git";"Belem";"-1.4537";"-48.5078";"monocrystalline";"bifacial";"30000";"0.24";"1";"0.24";"1.2";"1.2";"21";"0";"30.1";"10.8";"288.869";"243.372";"0.283822";"2072.23";"100";"1024";"1.25";"150";"75";"102.4";"12.5";"114.9";"28.725";"143.625";"1e+15";"200";"360000";"0.1";"1.8";"143.625";"115.124";"28.5011";"2850.11";"14362.5";"11512.4";"PHOTOVOLTAIC+GRID";"ON";"ON"
"run_20260926_165432";"2026-09-26";"16:54:32";"2026-09-26 16:54:32";"269";"hpc_extreme";"HPC - Extremo";"6";"60";"5";"1";"manual";"5000";"1800";"600";"30";"1";"origin";"main";"git@github.com:CAGDOJ/PhotovoltaicFirst.git";"Belem";"-1.4537";"-48.5078";"monocrystalline";"bifacial";"30000";"0.24";"1";"0.24";"1.2";"1.2";"21";"0";"30.1";"10.8";"284.693";"239.854";"0.283822";"2042.27";"100";"1024";"1.25";"150";"75";"102.4";"12.5";"114.9";"28.725";"143.625";"1e+15";"200";"360000";"0.1";"1.8";"143.625";"113.459";"30.1656";"3016.56";"14362.5";"11345.9";"PHOTOVOLTAIC+GRID";"ON";"ON"
"run_20260926_165434";"2026-09-26";"16:54:34";"2026-09-26 16:54:34";"269";"hpc_extreme";"HPC - Extremo";"6";"60";"5";"1";"manual";"5000";"1800";"600";"30";"1";"origin";"main";"git@github.com:CAGDOJ/PhotovoltaicFirst.git";"Belem";"-1.4537";"-48.5078";"monocrystalline";"bifacial";"30000";"0.24";"1";"0.24";"1.2";"1.2";"21";"0";"30.1";"10.8";"284.693";"239.854";"0.283822";"2042.27";"100";"1024";"1.25";"150";"75";"102.4";"12.5";"114.9";"28.725";"143.625";"1e+15";"200";"360000";"0.1";"1.8";"143.625";"113.459";"30.1656";"3016.56";"14362.5";"11345.9";"PHOTOVOLTAIC+GRID";"ON";"ON"
"run_20260926_165508";"2026-09-26";"16:55:08";"2026-09-26 16:55:08";"269";"hpc_extreme";"HPC - Extremo";"6";"60";"5";"1";"manual";"5000";"1800";"600";"30";"1";"origin";"main";"git@github.com:CAGDOJ/PhotovoltaicFirst.git";"Belem";"-1.4537";"-48.5078";"monocrystalline";"bifacial";"30000";"0.24";"1";"0.24";"1.2";"1.2";"21";"0";"30.1";"10.8";"280.511";"236.33";"0.283822";"2012.27";"100";"1024";"1.25";"150";"75";"102.4";"12.5";"114.9";"28.725";"143.625";"1e+15";"200";"360000";"0.1";"1.8";"143.625";"111.793";"31.8322";"3183.22";"14362.5";"11179.3";"PHOTOVOLTAIC+GRID";"ON";"ON"
"run_20260926_165555";"2026-09-26";"16:55:55";"2026-09-26 16:55:55";"269";"hpc_extreme";"HPC - Extremo";"6";"60";"5";"1";"manual";"5000";"1800";"600";"30";"1";"origin";"main";"git@github.com:CAGDOJ/PhotovoltaicFirst.git";"Belem";"-1.4537";"-48.5078";"monocrystalline";"bifacial";"30000";"0.24";"1";"0.24";"1.2";"1.2";"21";"0";"30.1";"10.8";"280.511";"236.33";"0.283822";"2012.27";"100";"1024";"1.25";"150";"75";"102.4";"12.5";"114.9";"28.725";"143.625";"1e+15";"200";"360000";"0.1";"1.8";"143.625";"111.793";"31.8322";"3183.22";"14362.5";"11179.3";"PHOTOVOLTAIC+GRID";"ON";"ON"
"run_20260926_165557";"2026-09-26";"16:55:57";"2026-09-26 16:55:57";"269";"hpc_extreme";"HPC - Extremo";"6";"60";"5";"1";"manual";"5000";"1800";"600";"30";"1";"origin";"main";"git@github.com:CAGDOJ/PhotovoltaicFirst.git";"Belem";"-1.4537";"-48.5078";"monocrystalline";"bifacial";"30000";"0.24";"1";"0.24";"1.2";"1.2";"21";"0";"30.1";"10.8";"280.511";"236.33";"0.283822";"2012.27";"100";"1024";"1.25";"150";"75";"102.4";"12.5";"114.9";"28.725";"143.625";"1e+15";"200";"360000";"0.1";"1.8";"143.625";"111.793";"31.8322";"3183.22";"14362.5";"11179.3";"PHOTOVOLTAIC+GRID";"ON";"ON"
"run_20260926_165630";"2026-09-26";"16:56:30";"2026-09-26 16:56:30";"269";"hpc_extreme";"HPC - Extremo";"6";"60";"5";"1";"manual";"5000";"1800";"600";"30";"1";"origin";"main";"git@github.com:CAGDOJ/PhotovoltaicFirst.git";"Belem";"-1.4537";"-48.5078";"monocrystalline";"bifacial";"30000";"0.24";"1";"0.24";"1.2";"1.2";"21";"0";"30.1";"10.8";"276.324";"232.803";"0.283822";"1982.23";"100";"1024";"1.25";"150";"75";"102.4";"12.5";"114.9";"28.725";"143.625";"1e+15";"200";"360000";"0.1";"1.8";"143.625";"110.124";"33.5009";"3350.09";"14362.5";"11012.4";"PHOTOVOLTAIC+GRID";"ON";"ON"
"run_20260926_165720";"2026-09-26";"16:57:20";"2026-09-26 16:57:20";"269";"hpc_extreme";"HPC - Extremo";"6";"60";"5";"1";"manual";"5000";"1800";"600";"30";"1";"origin";"main";"git@github.com:CAGDOJ/PhotovoltaicFirst.git";"Belem";"-1.4537";"-48.5078";"monocrystalline";"bifacial";"30000";"0.24";"1";"0.24";"1.2";"1.2";"21";"0";"30.1";"10.8";"272.131";"229.271";"0.283822";"1952.16";"100";"1024";"1.25";"150";"75";"102.4";"12.5";"114.9";"28.725";"143.625";"1e+15";"200";"360000";"0.1";"1.8";"143.625";"108.453";"35.1717";"3517.17";"14362.5";"10845.3";"PHOTOVOLTAIC+GRID";"ON";"ON"
"run_20260926_165721";"2026-09-26";"16:57:21";"2026-09-26 16:57:21";"269";"hpc_extreme";"HPC - Extremo";"6";"60";"5";"1";"manual";"5000";"1800";"600";"30";"1";"origin";"main";"git@github.com:CAGDOJ/PhotovoltaicFirst.git";"Belem";"-1.4537";"-48.5078";"monocrystalline";"bifacial";"30000";"0.24";"1";"0.24";"1.2";"1.2";"21";"0";"30.1";"10.8";"272.131";"229.271";"0.283822";"1952.16";"100";"1024";"1.25";"150";"75";"102.4";"12.5";"114.9";"28.725";"143.625";"1e+15";"200";"360000";"0.1";"1.8";"143.625";"108.453";"35.1717";"3517.17";"14362.5";"10845.3";"PHOTOVOLTAIC+GRID";"ON";"ON"
"run_20260926_165753";"2026-09-26";"16:57:53";"2026-09-26 16:57:53";"269";"hpc_extreme";"HPC - Extremo";"6";"60";"5";"1";"manual";"5000";"1800";"600";"30";"1";"origin";"main";"git@github.com:CAGDOJ/PhotovoltaicFirst.git";"Belem";"-1.4537";"-48.5078";"monocrystalline";"bifacial";"30000";"0.24";"1";"0.24";"1.2";"1.2";"21";"0";"30.1";"10.8";"272.131";"229.271";"0.283822";"1952.16";"100";"1024";"1.25";"150";"75";"102.4";"12.5";"114.9";"28.725";"143.625";"1e+15";"200";"360000";"0.1";"1.8";"143.625";"108.453";"35.1717";"3517.17";"14362.5";"10845.3";"PHOTOVOLTAIC+GRID";"ON";"ON"
"run_20260926_165842";"2026-09-26";"16:58:42";"2026-09-26 16:58:42";"269";"hpc_extreme";"HPC - Extremo";"6";"60";"5";"1";"manual";"5000";"1800";"600";"30";"1";"origin";"main";"git@github.com:CAGDOJ/PhotovoltaicFirst.git";"Belem";"-1.4537";"-48.5078";"monocrystalline";"bifacial";"30000";"0.24";"1";"0.24";"1.2";"1.2";"21";"0";"30.1";"10.8";"267.934";"225.734";"0.283822";"1922.05";"100";"1024";"1.25";"150";"75";"102.4";"12.5";"114.9";"28.725";"143.625";"1e+15";"200";"360000";"0.1";"1.8";"143.625";"106.78";"36.8446";"3684.46";"14362.5";"10678";"PHOTOVOLTAIC+GRID";"ON";"ON"
"run_20260926_165844";"2026-09-26";"16:58:44";"2026-09-26 16:58:44";"269";"hpc_extreme";"HPC - Extremo";"6";"60";"5";"1";"manual";"5000";"1800";"600";"30";"1";"origin";"main";"git@github.com:CAGDOJ/PhotovoltaicFirst.git";"Belem";"-1.4537";"-48.5078";"monocrystalline";"bifacial";"30000";"0.24";"1";"0.24";"1.2";"1.2";"21";"0";"30.1";"10.8";"267.934";"225.734";"0.283822";"1922.05";"100";"1024";"1.25";"150";"75";"102.4";"12.5";"114.9";"28.725";"143.625";"1e+15";"200";"360000";"0.1";"1.8";"143.625";"106.78";"36.8446";"3684.46";"14362.5";"10678";"PHOTOVOLTAIC+GRID";"ON";"ON"
"run_20260926_165914";"2026-09-26";"16:59:14";"2026-09-26 16:59:14";"269";"hpc_extreme";"HPC - Extremo";"6";"60";"5";"1";"manual";"5000";"1800";"600";"30";"1";"origin";"main";"git@github.com:CAGDOJ/PhotovoltaicFirst.git";"Belem";"-1.4537";"-48.5078";"monocrystalline";"bifacial";"30000";"0.24";"1";"0.24";"1.2";"1.2";"21";"0";"30.1";"10.8";"263.731";"222.193";"0.283822";"1891.9";"100";"1024";"1.25";"150";"75";"102.4";"12.5";"114.9";"28.725";"143.625";"1e+15";"200";"360000";"0.1";"1.8";"143.625";"105.106";"38.5195";"3851.95";"14362.5";"10510.6";"PHOTOVOLTAIC+GRID";"ON";"ON"
"run_20260926_170005";"2026-09-26";"17:00:05";"2026-09-26 17:00:05";"269";"hpc_extreme";"HPC - Extremo";"6";"60";"5";"1";"manual";"5000";"1800";"600";"30";"1";"origin";"main";"git@github.com:CAGDOJ/PhotovoltaicFirst.git";"Belem";"-1.4537";"-48.5078";"monocrystalline";"bifacial";"30000";"0.24";"1";"0.24";"1.2";"1.2";"18";"0";"29.9";"10.9";"259.523";"224.488";"0.284106";"1913.35";"100";"1024";"1.25";"150";"75";"102.4";"12.5";"114.9";"28.725";"143.625";"1e+15";"200";"360000";"0.1";"1.8";"143.625";"106.297";"37.328";"3732.8";"14362.5";"10629.7";"PHOTOVOLTAIC+GRID";"ON";"ON"
"run_20260926_170037";"2026-09-26";"17:00:37";"2026-09-26 17:00:37";"269";"hpc_extreme";"HPC - Extremo";"6";"60";"5";"1";"manual";"5000";"1800";"600";"30";"1";"origin";"main";"git@github.com:CAGDOJ/PhotovoltaicFirst.git";"Belem";"-1.4537";"-48.5078";"monocrystalline";"bifacial";"30000";"0.24";"1";"0.24";"1.2";"1.2";"18";"0";"29.9";"10.9";"259.523";"224.488";"0.284106";"1913.35";"100";"1024";"1.25";"150";"75";"102.4";"12.5";"114.9";"28.725";"143.625";"1e+15";"200";"360000";"0.1";"1.8";"143.625";"106.297";"37.328";"3732.8";"14362.5";"10629.7";"PHOTOVOLTAIC+GRID";"ON";"ON"
"run_20260926_170105";"2026-09-26";"17:01:05";"2026-09-26 17:01:05";"269";"hpc_extreme";"HPC - Extremo";"6";"60";"5";"1";"manual";"5000";"1800";"600";"30";"1";"origin";"main";"git@github.com:CAGDOJ/PhotovoltaicFirst.git";"Belem";"-1.4537";"-48.5078";"monocrystalline";"bifacial";"30000";"0.24";"1";"0.24";"1.2";"1.2";"18";"0";"29.9";"10.9";"255.311";"220.844";"0.284106";"1882.29";"100";"1024";"1.25";"150";"75";"102.4";"12.5";"114.9";"28.725";"143.625";"1e+15";"200";"360000";"0.1";"1.8";"143.625";"104.572";"39.0534";"3905.34";"14362.5";"10457.2";"PHOTOVOLTAIC+GRID";"ON";"ON"
"run_20260926_170130";"2026-09-26";"17:01:30";"2026-09-26 17:01:30";"269";"hpc_extreme";"HPC - Extremo";"6";"60";"5";"1";"manual";"5000";"1800";"600";"30";"1";"origin";"main";"git@github.com:CAGDOJ/PhotovoltaicFirst.git";"Belem";"-1.4537";"-48.5078";"monocrystalline";"bifacial";"30000";"0.24";"1";"0.24";"1.2";"1.2";"18";"0";"29.9";"10.9";"255.311";"220.844";"0.284106";"1882.29";"100";"1024";"1.25";"150";"75";"102.4";"12.5";"114.9";"28.725";"143.625";"1e+15";"200";"360000";"0.1";"1.8";"143.625";"104.572";"39.0534";"3905.34";"14362.5";"10457.2";"PHOTOVOLTAIC+GRID";"ON";"ON"
"run_20260926_170158";"2026-09-26";"17:01:58";"2026-09-26 17:01:58";"269";"hpc_extreme";"HPC - Extremo";"6";"60";"5";"1";"manual";"5000";"1800";"600";"30";"1";"origin";"main";"git@github.com:CAGDOJ/PhotovoltaicFirst.git";"Belem";"-1.4537";"-48.5078";"monocrystalline";"bifacial";"30000";"0.24";"1";"0.24";"1.2";"1.2";"18";"0";"29.9";"10.9";"255.311";"220.844";"0.284106";"1882.29";"100";"1024";"1.25";"150";"75";"102.4";"12.5";"114.9";"28.725";"143.625";"1e+15";"200";"360000";"0.1";"1.8";"143.625";"104.572";"39.0534";"3905.34";"14362.5";"10457.2";"PHOTOVOLTAIC+GRID";"ON";"ON"
"run_20260926_170227";"2026-09-26";"17:02:27";"2026-09-26 17:02:27";"269";"hpc_extreme";"HPC - Extremo";"6";"60";"5";"1";"manual";"5000";"1800";"600";"30";"1";"origin";"main";"git@github.com:CAGDOJ/PhotovoltaicFirst.git";"Belem";"-1.4537";"-48.5078";"monocrystalline";"bifacial";"30000";"0.24";"1";"0.24";"1.2";"1.2";"18";"0";"29.9";"10.9";"251.093";"217.196";"0.284106";"1851.2";"100";"1024";"1.25";"150";"75";"102.4";"12.5";"114.9";"28.725";"143.625";"1e+15";"200";"360000";"0.1";"1.8";"143.625";"102.844";"40.7808";"4078.08";"14362.5";"10284.4";"PHOTOVOLTAIC+GRID";"ON";"ON"
"run_20260926_170248";"2026-09-26";"17:02:48";"2026-09-26 17:02:48";"269";"hpc_extreme";"HPC - Extremo";"6";"60";"5";"1";"manual";"5000";"1800";"600";"30";"1";"origin";"main";"git@github.com:CAGDOJ/PhotovoltaicFirst.git";"Belem";"-1.4537";"-48.5078";"monocrystalline";"bifacial";"30000";"0.24";"1";"0.24";"1.2";"1.2";"18";"0";"29.9";"10.9";"251.093";"217.196";"0.284106";"1851.2";"100";"1024";"1.25";"150";"75";"102.4";"12.5";"114.9";"28.725";"143.625";"1e+15";"200";"360000";"0.1";"1.8";"143.625";"102.844";"40.7808";"4078.08";"14362.5";"10284.4";"PHOTOVOLTAIC+GRID";"ON";"ON"
"run_20260926_170317";"2026-09-26";"17:03:17";"2026-09-26 17:03:17";"269";"hpc_extreme";"HPC - Extremo";"6";"60";"5";"1";"manual";"5000";"1800";"600";"30";"1";"origin";"main";"git@github.com:CAGDOJ/PhotovoltaicFirst.git";"Belem";"-1.4537";"-48.5078";"monocrystalline";"bifacial";"30000";"0.24";"1";"0.24";"1.2";"1.2";"18";"0";"29.9";"10.9";"246.871";"213.544";"0.284106";"1820.07";"100";"1024";"1.25";"150";"75";"102.4";"12.5";"114.9";"28.725";"143.625";"1e+15";"200";"360000";"0.1";"1.8";"143.625";"101.115";"42.5101";"4251.01";"14362.5";"10111.5";"PHOTOVOLTAIC+GRID";"ON";"ON"
"run_20260926_170347";"2026-09-26";"17:03:47";"2026-09-26 17:03:47";"269";"hpc_extreme";"HPC - Extremo";"6";"60";"5";"1";"manual";"5000";"1800";"600";"30";"1";"origin";"main";"git@github.com:CAGDOJ/PhotovoltaicFirst.git";"Belem";"-1.4537";"-48.5078";"monocrystalline";"bifacial";"30000";"0.24";"1";"0.24";"1.2";"1.2";"18";"0";"29.9";"10.9";"246.871";"213.544";"0.284106";"1820.07";"100";"1024";"1.25";"150";"75";"102.4";"12.5";"114.9";"28.725";"143.625";"1e+15";"200";"360000";"0.1";"1.8";"143.625";"101.115";"42.5101";"4251.01";"14362.5";"10111.5";"PHOTOVOLTAIC+GRID";"ON";"ON"
"run_20260926_170409";"2026-09-26";"17:04:09";"2026-09-26 17:04:09";"269";"hpc_extreme";"HPC - Extremo";"6";"60";"5";"1";"manual";"5000";"1800";"600";"30";"1";"origin";"main";"git@github.com:CAGDOJ/PhotovoltaicFirst.git";"Belem";"-1.4537";"-48.5078";"monocrystalline";"bifacial";"30000";"0.24";"1";"0.24";"1.2";"1.2";"18";"0";"29.9";"10.9";"242.644";"209.887";"0.284106";"1788.91";"100";"1024";"1.25";"150";"75";"102.4";"12.5";"114.9";"28.725";"143.625";"1e+15";"200";"360000";"0.1";"1.8";"143.625";"99.3836";"44.2414";"4424.14";"14362.5";"9938.36";"PHOTOVOLTAIC+GRID";"ON";"ON"
"run_20260926_170437";"2026-09-26";"17:04:37";"2026-09-26 17:04:37";"269";"hpc_extreme";"HPC - Extremo";"6";"60";"5";"1";"manual";"5000";"1800";"600";"30";"1";"origin";"main";"git@github.com:CAGDOJ/PhotovoltaicFirst.git";"Belem";"-1.4537";"-48.5078";"monocrystalline";"bifacial";"30000";"0.24";"1";"0.24";"1.2";"1.2";"18";"0";"29.9";"10.9";"242.644";"209.887";"0.284106";"1788.91";"100";"1024";"1.25";"150";"75";"102.4";"12.5";"114.9";"28.725";"143.625";"1e+15";"200";"360000";"0.1";"1.8";"143.625";"99.3836";"44.2414";"4424.14";"14362.5";"9938.36";"PHOTOVOLTAIC+GRID";"ON";"ON"
"run_20260926_170506";"2026-09-26";"17:05:06";"2026-09-26 17:05:06";"269";"hpc_extreme";"HPC - Extremo";"6";"60";"5";"1";"manual";"5000";"1800";"600";"30";"1";"origin";"main";"git@github.com:CAGDOJ/PhotovoltaicFirst.git";"Belem";"-1.4537";"-48.5078";"monocrystalline";"bifacial";"30000";"0.24";"1";"0.24";"1.2";"1.2";"18";"0";"29.9";"10.9";"238.413";"206.227";"0.284106";"1757.71";"100";"1024";"1.25";"150";"75";"102.4";"12.5";"114.9";"28.725";"143.625";"1e+15";"200";"360000";"0.1";"1.8";"143.625";"97.6505";"45.9745";"4597.45";"14362.5";"9765.05";"PHOTOVOLTAIC+GRID";"ON";"ON"
"run_20260926_170529";"2026-09-26";"17:05:29";"2026-09-26 17:05:29";"269";"hpc_extreme";"HPC - Extremo";"6";"60";"5";"1";"manual";"5000";"1800";"600";"30";"1";"origin";"main";"git@github.com:CAGDOJ/PhotovoltaicFirst.git";"Belem";"-1.4537";"-48.5078";"monocrystalline";"bifacial";"30000";"0.24";"1";"0.24";"1.2";"1.2";"18";"0";"29.9";"10.9";"238.413";"206.227";"0.284106";"1757.71";"100";"1024";"1.25";"150";"75";"102.4";"12.5";"114.9";"28.725";"143.625";"1e+15";"200";"360000";"0.1";"1.8";"143.625";"97.6505";"45.9745";"4597.45";"14362.5";"9765.05";"PHOTOVOLTAIC+GRID";"ON";"ON"
"run_20260926_170556";"2026-09-26";"17:05:56";"2026-09-26 17:05:56";"269";"hpc_extreme";"HPC - Extremo";"6";"60";"5";"1";"manual";"5000";"1800";"600";"30";"1";"origin";"main";"git@github.com:CAGDOJ/PhotovoltaicFirst.git";"Belem";"-1.4537";"-48.5078";"monocrystalline";"bifacial";"30000";"0.24";"1";"0.24";"1.2";"1.2";"18";"0";"29.9";"10.9";"238.413";"206.227";"0.284106";"1757.71";"100";"1024";"1.25";"150";"75";"102.4";"12.5";"114.9";"28.725";"143.625";"1e+15";"200";"360000";"0.1";"1.8";"143.625";"97.6505";"45.9745";"4597.45";"14362.5";"9765.05";"PHOTOVOLTAIC+GRID";"ON";"ON"
"run_20260926_170629";"2026-09-26";"17:06:29";"2026-09-26 17:06:29";"269";"hpc_extreme";"HPC - Extremo";"6";"60";"5";"1";"manual";"5000";"1800";"600";"30";"1";"origin";"main";"git@github.com:CAGDOJ/PhotovoltaicFirst.git";"Belem";"-1.4537";"-48.5078";"monocrystalline";"bifacial";"30000";"0.24";"1";"0.24";"1.2";"1.2";"18";"0";"29.9";"10.9";"234.177";"202.563";"0.284106";"1726.48";"100";"1024";"1.25";"150";"75";"102.4";"12.5";"114.9";"28.725";"143.625";"1e+15";"200";"360000";"0.1";"1.8";"143.625";"95.9155";"47.7095";"4770.95";"14362.5";"9591.55";"PHOTOVOLTAIC+GRID";"ON";"ON"
"run_20260926_170646";"2026-09-26";"17:06:46";"2026-09-26 17:06:46";"269";"hpc_extreme";"HPC - Extremo";"6";"60";"5";"1";"manual";"5000";"1800";"600";"30";"1";"origin";"main";"git@github.com:CAGDOJ/PhotovoltaicFirst.git";"Belem";"-1.4537";"-48.5078";"monocrystalline";"bifacial";"30000";"0.24";"1";"0.24";"1.2";"1.2";"18";"0";"29.9";"10.9";"234.177";"202.563";"0.284106";"1726.48";"100";"1024";"1.25";"150";"75";"102.4";"12.5";"114.9";"28.725";"143.625";"1e+15";"200";"360000";"0.1";"1.8";"143.625";"95.9155";"47.7095";"4770.95";"14362.5";"9591.55";"PHOTOVOLTAIC+GRID";"ON";"ON"
"run_20260926_170716";"2026-09-26";"17:07:16";"2026-09-26 17:07:16";"269";"hpc_extreme";"HPC - Extremo";"6";"60";"5";"1";"manual";"5000";"1800";"600";"30";"1";"origin";"main";"git@github.com:CAGDOJ/PhotovoltaicFirst.git";"Belem";"-1.4537";"-48.5078";"monocrystalline";"bifacial";"30000";"0.24";"1";"0.24";"1.2";"1.2";"18";"0";"29.9";"10.9";"229.936";"198.895";"0.284106";"1695.22";"100";"1024";"1.25";"150";"75";"102.4";"12.5";"114.9";"28.725";"143.625";"1e+15";"200";"360000";"0.1";"1.8";"143.625";"94.1787";"49.4463";"4944.63";"14362.5";"9417.87";"PHOTOVOLTAIC+GRID";"ON";"ON"
"run_20260926_170745";"2026-09-26";"17:07:45";"2026-09-26 17:07:45";"269";"hpc_extreme";"HPC - Extremo";"6";"60";"5";"1";"manual";"5000";"1800";"600";"30";"1";"origin";"main";"git@github.com:CAGDOJ/PhotovoltaicFirst.git";"Belem";"-1.4537";"-48.5078";"monocrystalline";"bifacial";"30000";"0.24";"1";"0.24";"1.2";"1.2";"18";"0";"29.9";"10.9";"229.936";"198.895";"0.284106";"1695.22";"100";"1024";"1.25";"150";"75";"102.4";"12.5";"114.9";"28.725";"143.625";"1e+15";"200";"360000";"0.1";"1.8";"143.625";"94.1787";"49.4463";"4944.63";"14362.5";"9417.87";"PHOTOVOLTAIC+GRID";"ON";"ON"
"run_20260926_170805";"2026-09-26";"17:08:05";"2026-09-26 17:08:05";"269";"hpc_extreme";"HPC - Extremo";"6";"60";"5";"1";"manual";"5000";"1800";"600";"30";"1";"origin";"main";"git@github.com:CAGDOJ/PhotovoltaicFirst.git";"Belem";"-1.4537";"-48.5078";"monocrystalline";"bifacial";"30000";"0.24";"1";"0.24";"1.2";"1.2";"18";"0";"29.9";"10.9";"225.692";"195.223";"0.284106";"1663.92";"100";"1024";"1.25";"150";"75";"102.4";"12.5";"114.9";"28.725";"143.625";"1e+15";"200";"360000";"0.1";"1.8";"143.625";"92.4401";"51.1849";"5118.49";"14362.5";"9244.01";"PHOTOVOLTAIC+GRID";"ON";"ON"
"run_20260926_170837";"2026-09-26";"17:08:37";"2026-09-26 17:08:37";"269";"hpc_extreme";"HPC - Extremo";"6";"60";"5";"1";"manual";"5000";"1800";"600";"30";"1";"origin";"main";"git@github.com:CAGDOJ/PhotovoltaicFirst.git";"Belem";"-1.4537";"-48.5078";"monocrystalline";"bifacial";"30000";"0.24";"1";"0.24";"1.2";"1.2";"18";"0";"29.9";"10.9";"225.692";"195.223";"0.284106";"1663.92";"100";"1024";"1.25";"150";"75";"102.4";"12.5";"114.9";"28.725";"143.625";"1e+15";"200";"360000";"0.1";"1.8";"143.625";"92.4401";"51.1849";"5118.49";"14362.5";"9244.01";"PHOTOVOLTAIC+GRID";"ON";"ON"
"run_20260926_170904";"2026-09-26";"17:09:04";"2026-09-26 17:09:04";"269";"hpc_extreme";"HPC - Extremo";"6";"60";"5";"1";"manual";"5000";"1800";"600";"30";"1";"origin";"main";"git@github.com:CAGDOJ/PhotovoltaicFirst.git";"Belem";"-1.4537";"-48.5078";"monocrystalline";"bifacial";"30000";"0.24";"1";"0.24";"1.2";"1.2";"18";"0";"29.9";"10.9";"221.443";"191.548";"0.284106";"1632.59";"100";"1024";"1.25";"150";"75";"102.4";"12.5";"114.9";"28.725";"143.625";"1e+15";"200";"360000";"0.1";"1.8";"143.625";"90.6997";"52.9253";"5292.53";"14362.5";"9069.97";"PHOTOVOLTAIC+GRID";"ON";"ON"
"run_20260926_170924";"2026-09-26";"17:09:24";"2026-09-26 17:09:24";"269";"hpc_extreme";"HPC - Extremo";"6";"60";"5";"1";"manual";"5000";"1800";"600";"30";"1";"origin";"main";"git@github.com:CAGDOJ/PhotovoltaicFirst.git";"Belem";"-1.4537";"-48.5078";"monocrystalline";"bifacial";"30000";"0.24";"1";"0.24";"1.2";"1.2";"18";"0";"29.9";"10.9";"221.443";"191.548";"0.284106";"1632.59";"100";"1024";"1.25";"150";"75";"102.4";"12.5";"114.9";"28.725";"143.625";"1e+15";"200";"360000";"0.1";"1.8";"143.625";"90.6997";"52.9253";"5292.53";"14362.5";"9069.97";"PHOTOVOLTAIC+GRID";"ON";"ON"
"run_20260926_170955";"2026-09-26";"17:09:55";"2026-09-26 17:09:55";"269";"hpc_extreme";"HPC - Extremo";"6";"60";"5";"1";"manual";"5000";"1800";"600";"30";"1";"origin";"main";"git@github.com:CAGDOJ/PhotovoltaicFirst.git";"Belem";"-1.4537";"-48.5078";"monocrystalline";"bifacial";"30000";"0.24";"1";"0.24";"1.2";"1.2";"18";"0";"29.9";"10.9";"221.443";"191.548";"0.284106";"1632.59";"100";"1024";"1.25";"150";"75";"102.4";"12.5";"114.9";"28.725";"143.625";"1e+15";"200";"360000";"0.1";"1.8";"143.625";"90.6997";"52.9253";"5292.53";"14362.5";"9069.97";"PHOTOVOLTAIC+GRID";"ON";"ON"
"run_20260926_171021";"2026-09-26";"17:10:21";"2026-09-26 17:10:21";"269";"hpc_extreme";"HPC - Extremo";"6";"60";"5";"1";"manual";"5000";"1800";"600";"30";"1";"origin";"main";"git@github.com:CAGDOJ/PhotovoltaicFirst.git";"Belem";"-1.4537";"-48.5078";"monocrystalline";"bifacial";"30000";"0.24";"1";"0.24";"1.2";"1.2";"18";"0";"29.9";"10.9";"217.189";"187.869";"0.284106";"1601.24";"100";"1024";"1.25";"150";"75";"102.4";"12.5";"114.9";"28.725";"143.625";"1e+15";"200";"360000";"0.1";"1.8";"143.625";"88.9576";"54.6674";"5466.74";"14362.5";"8895.76";"PHOTOVOLTAIC+GRID";"ON";"ON"
"run_20260926_171041";"2026-09-26";"17:10:41";"2026-09-26 17:10:41";"269";"hpc_extreme";"HPC - Extremo";"6";"60";"5";"1";"manual";"5000";"1800";"600";"30";"1";"origin";"main";"git@github.com:CAGDOJ/PhotovoltaicFirst.git";"Belem";"-1.4537";"-48.5078";"monocrystalline";"bifacial";"30000";"0.24";"1";"0.24";"1.2";"1.2";"18";"0";"29.9";"10.9";"217.189";"187.869";"0.284106";"1601.24";"100";"1024";"1.25";"150";"75";"102.4";"12.5";"114.9";"28.725";"143.625";"1e+15";"200";"360000";"0.1";"1.8";"143.625";"88.9576";"54.6674";"5466.74";"14362.5";"8895.76";"PHOTOVOLTAIC+GRID";"ON";"ON"
"run_20260926_171114";"2026-09-26";"17:11:14";"2026-09-26 17:11:14";"269";"hpc_extreme";"HPC - Extremo";"6";"60";"5";"1";"manual";"5000";"1800";"600";"30";"1";"origin";"main";"git@github.com:CAGDOJ/PhotovoltaicFirst.git";"Belem";"-1.4537";"-48.5078";"monocrystalline";"bifacial";"30000";"0.24";"1";"0.24";"1.2";"1.2";"18";"0";"29.9";"10.9";"212.932";"184.186";"0.284106";"1569.85";"100";"1024";"1.25";"150";"75";"102.4";"12.5";"114.9";"28.725";"143.625";"1e+15";"200";"360000";"0.1";"1.8";"143.625";"87.2139";"56.4111";"5641.11";"14362.5";"8721.39";"PHOTOVOLTAIC+GRID";"ON";"ON"
"run_20260926_171140";"2026-09-26";"17:11:40";"2026-09-26 17:11:40";"269";"hpc_extreme";"HPC - Extremo";"6";"60";"5";"1";"manual";"5000";"1800";"600";"30";"1";"origin";"main";"git@github.com:CAGDOJ/PhotovoltaicFirst.git";"Belem";"-1.4537";"-48.5078";"monocrystalline";"bifacial";"30000";"0.24";"1";"0.24";"1.2";"1.2";"18";"0";"29.9";"10.9";"212.932";"184.186";"0.284106";"1569.85";"100";"1024";"1.25";"150";"75";"102.4";"12.5";"114.9";"28.725";"143.625";"1e+15";"200";"360000";"0.1";"1.8";"143.625";"87.2139";"56.4111";"5641.11";"14362.5";"8721.39";"PHOTOVOLTAIC+GRID";"ON";"ON"
"run_20260926_171200";"2026-09-26";"17:12:00";"2026-09-26 17:12:00";"269";"hpc_extreme";"HPC - Extremo";"6";"60";"5";"1";"manual";"5000";"1800";"600";"30";"1";"origin";"main";"git@github.com:CAGDOJ/PhotovoltaicFirst.git";"Belem";"-1.4537";"-48.5078";"monocrystalline";"bifacial";"30000";"0.24";"1";"0.24";"1.2";"1.2";"18";"0";"29.9";"10.9";"208.671";"180.5";"0.284106";"1538.43";"100";"1024";"1.25";"150";"75";"102.4";"12.5";"114.9";"28.725";"143.625";"1e+15";"200";"360000";"0.1";"1.8";"143.625";"85.4684";"58.1566";"5815.66";"14362.5";"8546.84";"PHOTOVOLTAIC+GRID";"ON";"ON"
"run_20260926_171234";"2026-09-26";"17:12:34";"2026-09-26 17:12:34";"269";"hpc_extreme";"HPC - Extremo";"6";"60";"5";"1";"manual";"5000";"1800";"600";"30";"1";"origin";"main";"git@github.com:CAGDOJ/PhotovoltaicFirst.git";"Belem";"-1.4537";"-48.5078";"monocrystalline";"bifacial";"30000";"0.24";"1";"0.24";"1.2";"1.2";"18";"0";"29.9";"10.9";"208.671";"180.5";"0.284106";"1538.43";"100";"1024";"1.25";"150";"75";"102.4";"12.5";"114.9";"28.725";"143.625";"1e+15";"200";"360000";"0.1";"1.8";"143.625";"85.4684";"58.1566";"5815.66";"14362.5";"8546.84";"PHOTOVOLTAIC+GRID";"ON";"ON"
"run_20260926_171257";"2026-09-26";"17:12:57";"2026-09-26 17:12:57";"269";"hpc_extreme";"HPC - Extremo";"6";"60";"5";"1";"manual";"5000";"1800";"600";"30";"1";"origin";"main";"git@github.com:CAGDOJ/PhotovoltaicFirst.git";"Belem";"-1.4537";"-48.5078";"monocrystalline";"bifacial";"30000";"0.24";"1";"0.24";"1.2";"1.2";"18";"0";"29.9";"10.9";"208.671";"180.5";"0.284106";"1538.43";"100";"1024";"1.25";"150";"75";"102.4";"12.5";"114.9";"28.725";"143.625";"1e+15";"200";"360000";"0.1";"1.8";"143.625";"85.4684";"58.1566";"5815.66";"14362.5";"8546.84";"PHOTOVOLTAIC+GRID";"ON";"ON"
"run_20260926_171319";"2026-09-26";"17:13:19";"2026-09-26 17:13:19";"269";"hpc_extreme";"HPC - Extremo";"6";"60";"5";"1";"manual";"5000";"1800";"600";"30";"1";"origin";"main";"git@github.com:CAGDOJ/PhotovoltaicFirst.git";"Belem";"-1.4537";"-48.5078";"monocrystalline";"bifacial";"30000";"0.24";"1";"0.24";"1.2";"1.2";"18";"0";"29.9";"10.9";"204.405";"176.81";"0.284106";"1506.99";"100";"1024";"1.25";"150";"75";"102.4";"12.5";"114.9";"28.725";"143.625";"1e+15";"200";"360000";"0.1";"1.8";"143.625";"83.7214";"59.9036";"5990.36";"14362.5";"8372.14";"PHOTOVOLTAIC+GRID";"ON";"ON"
"run_20260926_171353";"2026-09-26";"17:13:53";"2026-09-26 17:13:53";"269";"hpc_extreme";"HPC - Extremo";"6";"60";"5";"1";"manual";"5000";"1800";"600";"30";"1";"origin";"main";"git@github.com:CAGDOJ/PhotovoltaicFirst.git";"Belem";"-1.4537";"-48.5078";"monocrystalline";"bifacial";"30000";"0.24";"1";"0.24";"1.2";"1.2";"18";"0";"29.9";"10.9";"204.405";"176.81";"0.284106";"1506.99";"100";"1024";"1.25";"150";"75";"102.4";"12.5";"114.9";"28.725";"143.625";"1e+15";"200";"360000";"0.1";"1.8";"143.625";"83.7214";"59.9036";"5990.36";"14362.5";"8372.14";"PHOTOVOLTAIC+GRID";"ON";"ON"
"run_20260926_171414";"2026-09-26";"17:14:14";"2026-09-26 17:14:14";"269";"hpc_extreme";"HPC - Extremo";"6";"60";"5";"1";"manual";"5000";"1800";"600";"30";"1";"origin";"main";"git@github.com:CAGDOJ/PhotovoltaicFirst.git";"Belem";"-1.4537";"-48.5078";"monocrystalline";"bifacial";"30000";"0.24";"1";"0.24";"1.2";"1.2";"18";"0";"29.9";"10.9";"200.136";"173.118";"0.284106";"1475.51";"100";"1024";"1.25";"150";"75";"102.4";"12.5";"114.9";"28.725";"143.625";"1e+15";"200";"360000";"0.1";"1.8";"143.625";"81.9728";"61.6522";"6165.22";"14362.5";"8197.28";"PHOTOVOLTAIC+GRID";"ON";"ON"
"run_20260926_171439";"2026-09-26";"17:14:39";"2026-09-26 17:14:39";"269";"hpc_extreme";"HPC - Extremo";"6";"60";"5";"1";"manual";"5000";"1800";"600";"30";"1";"origin";"main";"git@github.com:CAGDOJ/PhotovoltaicFirst.git";"Belem";"-1.4537";"-48.5078";"monocrystalline";"bifacial";"30000";"0.24";"1";"0.24";"1.2";"1.2";"18";"0";"29.9";"10.9";"200.136";"173.118";"0.284106";"1475.51";"100";"1024";"1.25";"150";"75";"102.4";"12.5";"114.9";"28.725";"143.625";"1e+15";"200";"360000";"0.1";"1.8";"143.625";"81.9728";"61.6522";"6165.22";"14362.5";"8197.28";"PHOTOVOLTAIC+GRID";"ON";"ON"
"run_20260926_171511";"2026-09-26";"17:15:11";"2026-09-26 17:15:11";"269";"hpc_extreme";"HPC - Extremo";"6";"60";"5";"1";"manual";"5000";"1800";"600";"30";"1";"origin";"main";"git@github.com:CAGDOJ/PhotovoltaicFirst.git";"Belem";"-1.4537";"-48.5078";"monocrystalline";"bifacial";"30000";"0.24";"1";"0.24";"1.2";"1.2";"16";"0";"29.6";"11.4";"195.863";"172.359";"0.284611";"1471.66";"100";"1024";"1.25";"150";"75";"102.4";"12.5";"114.9";"28.725";"143.625";"1e+15";"200";"360000";"0.1";"1.8";"143.625";"81.7588";"61.8662";"6186.62";"14362.5";"8175.88";"PHOTOVOLTAIC+GRID";"ON";"ON"
"run_20260926_171534";"2026-09-26";"17:15:34";"2026-09-26 17:15:34";"269";"hpc_extreme";"HPC - Extremo";"6";"60";"5";"1";"manual";"5000";"1800";"600";"30";"1";"origin";"main";"git@github.com:CAGDOJ/PhotovoltaicFirst.git";"Belem";"-1.4537";"-48.5078";"monocrystalline";"bifacial";"30000";"0.24";"1";"0.24";"1.2";"1.2";"16";"0";"29.6";"11.4";"195.863";"172.359";"0.284611";"1471.66";"100";"1024";"1.25";"150";"75";"102.4";"12.5";"114.9";"28.725";"143.625";"1e+15";"200";"360000";"0.1";"1.8";"143.625";"81.7588";"61.8662";"6186.62";"14362.5";"8175.88";"PHOTOVOLTAIC+GRID";"ON";"ON"
"run_20260926_171557";"2026-09-26";"17:15:57";"2026-09-26 17:15:57";"269";"hpc_extreme";"HPC - Extremo";"6";"60";"5";"1";"manual";"5000";"1800";"600";"30";"1";"origin";"main";"git@github.com:CAGDOJ/PhotovoltaicFirst.git";"Belem";"-1.4537";"-48.5078";"monocrystalline";"bifacial";"30000";"0.24";"1";"0.24";"1.2";"1.2";"16";"0";"29.6";"11.4";"195.863";"172.359";"0.284611";"1471.66";"100";"1024";"1.25";"150";"75";"102.4";"12.5";"114.9";"28.725";"143.625";"1e+15";"200";"360000";"0.1";"1.8";"143.625";"81.7588";"61.8662";"6186.62";"14362.5";"8175.88";"PHOTOVOLTAIC+GRID";"ON";"ON"
"run_20260926_171629";"2026-09-26";"17:16:29";"2026-09-26 17:16:29";"269";"hpc_extreme";"HPC - Extremo";"6";"60";"5";"1";"manual";"5000";"1800";"600";"30";"1";"origin";"main";"git@github.com:CAGDOJ/PhotovoltaicFirst.git";"Belem";"-1.4537";"-48.5078";"monocrystalline";"bifacial";"30000";"0.24";"1";"0.24";"1.2";"1.2";"16";"0";"29.6";"11.4";"191.586";"168.596";"0.284611";"1439.52";"100";"1024";"1.25";"150";"75";"102.4";"12.5";"114.9";"28.725";"143.625";"1e+15";"200";"360000";"0.1";"1.8";"143.625";"79.9736";"63.6514";"6365.14";"14362.5";"7997.36";"PHOTOVOLTAIC+GRID";"ON";"ON"
"run_20260926_171651";"2026-09-26";"17:16:51";"2026-09-26 17:16:51";"269";"hpc_extreme";"HPC - Extremo";"6";"60";"5";"1";"manual";"5000";"1800";"600";"30";"1";"origin";"main";"git@github.com:CAGDOJ/PhotovoltaicFirst.git";"Belem";"-1.4537";"-48.5078";"monocrystalline";"bifacial";"30000";"0.24";"1";"0.24";"1.2";"1.2";"16";"0";"29.6";"11.4";"191.586";"168.596";"0.284611";"1439.52";"100";"1024";"1.25";"150";"75";"102.4";"12.5";"114.9";"28.725";"143.625";"1e+15";"200";"360000";"0.1";"1.8";"143.625";"79.9736";"63.6514";"6365.14";"14362.5";"7997.36";"PHOTOVOLTAIC+GRID";"ON";"ON"
"run_20260926_171715";"2026-09-26";"17:17:15";"2026-09-26 17:17:15";"269";"hpc_extreme";"HPC - Extremo";"6";"60";"5";"1";"manual";"5000";"1800";"600";"30";"1";"origin";"main";"git@github.com:CAGDOJ/PhotovoltaicFirst.git";"Belem";"-1.4537";"-48.5078";"monocrystalline";"bifacial";"30000";"0.24";"1";"0.24";"1.2";"1.2";"16";"0";"29.6";"11.4";"187.306";"164.829";"0.284611";"1407.36";"100";"1024";"1.25";"150";"75";"102.4";"12.5";"114.9";"28.725";"143.625";"1e+15";"200";"360000";"0.1";"1.8";"143.625";"78.1868";"65.4382";"6543.82";"14362.5";"7818.68";"PHOTOVOLTAIC+GRID";"ON";"ON"
"run_20260926_171746";"2026-09-26";"17:17:46";"2026-09-26 17:17:46";"269";"hpc_extreme";"HPC - Extremo";"6";"60";"5";"1";"manual";"5000";"1800";"600";"30";"1";"origin";"main";"git@github.com:CAGDOJ/PhotovoltaicFirst.git";"Belem";"-1.4537";"-48.5078";"monocrystalline";"bifacial";"30000";"0.24";"1";"0.24";"1.2";"1.2";"16";"0";"29.6";"11.4";"187.306";"164.829";"0.284611";"1407.36";"100";"1024";"1.25";"150";"75";"102.4";"12.5";"114.9";"28.725";"143.625";"1e+15";"200";"360000";"0.1";"1.8";"143.625";"78.1868";"65.4382";"6543.82";"14362.5";"7818.68";"PHOTOVOLTAIC+GRID";"ON";"ON"
"run_20260926_171812";"2026-09-26";"17:18:12";"2026-09-26 17:18:12";"269";"hpc_extreme";"HPC - Extremo";"6";"60";"5";"1";"manual";"5000";"1800";"600";"30";"1";"origin";"main";"git@github.com:CAGDOJ/PhotovoltaicFirst.git";"Belem";"-1.4537";"-48.5078";"monocrystalline";"bifacial";"30000";"0.24";"1";"0.24";"1.2";"1.2";"16";"0";"29.6";"11.4";"183.022";"161.059";"0.284611";"1375.17";"100";"1024";"1.25";"150";"75";"102.4";"12.5";"114.9";"28.725";"143.625";"1e+15";"200";"360000";"0.1";"1.8";"143.625";"76.3986";"67.2264";"6722.64";"14362.5";"7639.86";"PHOTOVOLTAIC+GRID";"ON";"ON"
"run_20260926_171836";"2026-09-26";"17:18:36";"2026-09-26 17:18:36";"269";"hpc_extreme";"HPC - Extremo";"6";"60";"5";"1";"manual";"5000";"1800";"600";"30";"1";"origin";"main";"git@github.com:CAGDOJ/PhotovoltaicFirst.git";"Belem";"-1.4537";"-48.5078";"monocrystalline";"bifacial";"30000";"0.24";"1";"0.24";"1.2";"1.2";"16";"0";"29.6";"11.4";"183.022";"161.059";"0.284611";"1375.17";"100";"1024";"1.25";"150";"75";"102.4";"12.5";"114.9";"28.725";"143.625";"1e+15";"200";"360000";"0.1";"1.8";"143.625";"76.3986";"67.2264";"6722.64";"14362.5";"7639.86";"PHOTOVOLTAIC+GRID";"ON";"ON"
"run_20260926_171905";"2026-09-26";"17:19:05";"2026-09-26 17:19:05";"269";"hpc_extreme";"HPC - Extremo";"6";"60";"5";"1";"manual";"5000";"1800";"600";"30";"1";"origin";"main";"git@github.com:CAGDOJ/PhotovoltaicFirst.git";"Belem";"-1.4537";"-48.5078";"monocrystalline";"bifacial";"30000";"0.24";"1";"0.24";"1.2";"1.2";"16";"0";"29.6";"11.4";"178.734";"157.286";"0.284611";"1342.96";"100";"1024";"1.25";"150";"75";"102.4";"12.5";"114.9";"28.725";"143.625";"1e+15";"200";"360000";"0.1";"1.8";"143.625";"74.6089";"69.0161";"6901.61";"14362.5";"7460.89";"PHOTOVOLTAIC+GRID";"ON";"ON"
"run_20260926_171931";"2026-09-26";"17:19:31";"2026-09-26 17:19:31";"269";"hpc_extreme";"HPC - Extremo";"6";"60";"5";"1";"manual";"5000";"1800";"600";"30";"1";"origin";"main";"git@github.com:CAGDOJ/PhotovoltaicFirst.git";"Belem";"-1.4537";"-48.5078";"monocrystalline";"bifacial";"30000";"0.24";"1";"0.24";"1.2";"1.2";"16";"0";"29.6";"11.4";"178.734";"157.286";"0.284611";"1342.96";"100";"1024";"1.25";"150";"75";"102.4";"12.5";"114.9";"28.725";"143.625";"1e+15";"200";"360000";"0.1";"1.8";"143.625";"74.6089";"69.0161";"6901.61";"14362.5";"7460.89";"PHOTOVOLTAIC+GRID";"ON";"ON"
"run_20260926_171956";"2026-09-26";"17:19:56";"2026-09-26 17:19:56";"269";"hpc_extreme";"HPC - Extremo";"6";"60";"5";"1";"manual";"5000";"1800";"600";"30";"1";"origin";"main";"git@github.com:CAGDOJ/PhotovoltaicFirst.git";"Belem";"-1.4537";"-48.5078";"monocrystalline";"bifacial";"30000";"0.24";"1";"0.24";"1.2";"1.2";"16";"0";"29.6";"11.4";"178.734";"157.286";"0.284611";"1342.96";"100";"1024";"1.25";"150";"75";"102.4";"12.5";"114.9";"28.725";"143.625";"1e+15";"200";"360000";"0.1";"1.8";"143.625";"74.6089";"69.0161";"6901.61";"14362.5";"7460.89";"PHOTOVOLTAIC+GRID";"ON";"ON"
"run_20260926_172024";"2026-09-26";"17:20:24";"2026-09-26 17:20:24";"269";"hpc_extreme";"HPC - Extremo";"6";"60";"5";"1";"manual";"5000";"1800";"600";"30";"1";"origin";"main";"git@github.com:CAGDOJ/PhotovoltaicFirst.git";"Belem";"-1.4537";"-48.5078";"monocrystalline";"bifacial";"30000";"0.24";"1";"0.24";"1.2";"1.2";"16";"0";"29.6";"11.4";"174.444";"153.51";"0.284611";"1310.72";"100";"1024";"1.25";"150";"75";"102.4";"12.5";"114.9";"28.725";"143.625";"1e+15";"200";"360000";"0.1";"1.8";"143.625";"72.8178";"70.8072";"7080.72";"14362.5";"7281.78";"PHOTOVOLTAIC+GRID";"ON";"ON"
"run_20260926_172049";"2026-09-26";"17:20:49";"2026-09-26 17:20:49";"269";"hpc_extreme";"HPC - Extremo";"6";"60";"5";"1";"manual";"5000";"1800";"600";"30";"1";"origin";"main";"git@github.com:CAGDOJ/PhotovoltaicFirst.git";"Belem";"-1.4537";"-48.5078";"monocrystalline";"bifacial";"30000";"0.24";"1";"0.24";"1.2";"1.2";"16";"0";"29.6";"11.4";"174.444";"153.51";"0.284611";"1310.72";"100";"1024";"1.25";"150";"75";"102.4";"12.5";"114.9";"28.725";"143.625";"1e+15";"200";"360000";"0.1";"1.8";"143.625";"72.8178";"70.8072";"7080.72";"14362.5";"7281.78";"PHOTOVOLTAIC+GRID";"ON";"ON"
"run_20260926_172118";"2026-09-26";"17:21:18";"2026-09-26 17:21:18";"269";"hpc_extreme";"HPC - Extremo";"6";"60";"5";"1";"manual";"5000";"1800";"600";"30";"1";"origin";"main";"git@github.com:CAGDOJ/PhotovoltaicFirst.git";"Belem";"-1.4537";"-48.5078";"monocrystalline";"bifacial";"30000";"0.24";"1";"0.24";"1.2";"1.2";"16";"0";"29.6";"11.4";"170.15";"149.732";"0.284611";"1278.46";"100";"1024";"1.25";"150";"75";"102.4";"12.5";"114.9";"28.725";"143.625";"1e+15";"200";"360000";"0.1";"1.8";"143.625";"71.0254";"72.5996";"7259.96";"14362.5";"7102.54";"PHOTOVOLTAIC+GRID";"ON";"ON"
"run_20260926_172145";"2026-09-26";"17:21:45";"2026-09-26 17:21:45";"269";"hpc_extreme";"HPC - Extremo";"6";"60";"5";"1";"manual";"5000";"1800";"600";"30";"1";"origin";"main";"git@github.com:CAGDOJ/PhotovoltaicFirst.git";"Belem";"-1.4537";"-48.5078";"monocrystalline";"bifacial";"30000";"0.24";"1";"0.24";"1.2";"1.2";"16";"0";"29.6";"11.4";"170.15";"149.732";"0.284611";"1278.46";"100";"1024";"1.25";"150";"75";"102.4";"12.5";"114.9";"28.725";"143.625";"1e+15";"200";"360000";"0.1";"1.8";"143.625";"71.0254";"72.5996";"7259.96";"14362.5";"7102.54";"PHOTOVOLTAIC+GRID";"ON";"ON"
"run_20260926_172211";"2026-09-26";"17:22:11";"2026-09-26 17:22:11";"269";"hpc_extreme";"HPC - Extremo";"6";"60";"5";"1";"manual";"5000";"1800";"600";"30";"1";"origin";"main";"git@github.com:CAGDOJ/PhotovoltaicFirst.git";"Belem";"-1.4537";"-48.5078";"monocrystalline";"bifacial";"30000";"0.24";"1";"0.24";"1.2";"1.2";"16";"0";"29.6";"11.4";"165.852";"145.95";"0.284611";"1246.17";"100";"1024";"1.25";"150";"75";"102.4";"12.5";"114.9";"28.725";"143.625";"1e+15";"200";"360000";"0.1";"1.8";"143.625";"69.2316";"74.3934";"7439.34";"14362.5";"6923.16";"PHOTOVOLTAIC+GRID";"ON";"ON"
"run_20260926_172237";"2026-09-26";"17:22:37";"2026-09-26 17:22:37";"269";"hpc_extreme";"HPC - Extremo";"6";"60";"5";"1";"manual";"5000";"1800";"600";"30";"1";"origin";"main";"git@github.com:CAGDOJ/PhotovoltaicFirst.git";"Belem";"-1.4537";"-48.5078";"monocrystalline";"bifacial";"30000";"0.24";"1";"0.24";"1.2";"1.2";"16";"0";"29.6";"11.4";"165.852";"145.95";"0.284611";"1246.17";"100";"1024";"1.25";"150";"75";"102.4";"12.5";"114.9";"28.725";"143.625";"1e+15";"200";"360000";"0.1";"1.8";"143.625";"69.2316";"74.3934";"7439.34";"14362.5";"6923.16";"PHOTOVOLTAIC+GRID";"ON";"ON"
"run_20260926_172304";"2026-09-26";"17:23:04";"2026-09-26 17:23:04";"269";"hpc_extreme";"HPC - Extremo";"6";"60";"5";"1";"manual";"5000";"1800";"600";"30";"1";"origin";"main";"git@github.com:CAGDOJ/PhotovoltaicFirst.git";"Belem";"-1.4537";"-48.5078";"monocrystalline";"bifacial";"30000";"0.24";"1";"0.24";"1.2";"1.2";"16";"0";"29.6";"11.4";"161.552";"142.166";"0.284611";"1213.86";"100";"1024";"1.25";"150";"75";"102.4";"12.5";"114.9";"28.725";"143.625";"1e+15";"200";"360000";"0.1";"1.8";"143.625";"67.4364";"76.1886";"7618.86";"14362.5";"6743.64";"PHOTOVOLTAIC+GRID";"ON";"ON"
"run_20260926_172329";"2026-09-26";"17:23:29";"2026-09-26 17:23:29";"269";"hpc_extreme";"HPC - Extremo";"6";"60";"5";"1";"manual";"5000";"1800";"600";"30";"1";"origin";"main";"git@github.com:CAGDOJ/PhotovoltaicFirst.git";"Belem";"-1.4537";"-48.5078";"monocrystalline";"bifacial";"30000";"0.24";"1";"0.24";"1.2";"1.2";"16";"0";"29.6";"11.4";"161.552";"142.166";"0.284611";"1213.86";"100";"1024";"1.25";"150";"75";"102.4";"12.5";"114.9";"28.725";"143.625";"1e+15";"200";"360000";"0.1";"1.8";"143.625";"67.4364";"76.1886";"7618.86";"14362.5";"6743.64";"PHOTOVOLTAIC+GRID";"ON";"ON"
"run_20260926_172358";"2026-09-26";"17:23:58";"2026-09-26 17:23:58";"269";"hpc_extreme";"HPC - Extremo";"6";"60";"5";"1";"manual";"5000";"1800";"600";"30";"1";"origin";"main";"git@github.com:CAGDOJ/PhotovoltaicFirst.git";"Belem";"-1.4537";"-48.5078";"monocrystalline";"bifacial";"30000";"0.24";"1";"0.24";"1.2";"1.2";"16";"0";"29.6";"11.4";"161.552";"142.166";"0.284611";"1213.86";"100";"1024";"1.25";"150";"75";"102.4";"12.5";"114.9";"28.725";"143.625";"1e+15";"200";"360000";"0.1";"1.8";"143.625";"67.4364";"76.1886";"7618.86";"14362.5";"6743.64";"PHOTOVOLTAIC+GRID";"ON";"ON"
"run_20260926_172423";"2026-09-26";"17:24:23";"2026-09-26 17:24:23";"269";"hpc_extreme";"HPC - Extremo";"6";"60";"5";"1";"manual";"5000";"1800";"600";"30";"1";"origin";"main";"git@github.com:CAGDOJ/PhotovoltaicFirst.git";"Belem";"-1.4537";"-48.5078";"monocrystalline";"bifacial";"30000";"0.24";"1";"0.24";"1.2";"1.2";"16";"0";"29.6";"11.4";"157.248";"138.379";"0.284611";"1181.52";"100";"1024";"1.25";"150";"75";"102.4";"12.5";"114.9";"28.725";"143.625";"1e+15";"200";"360000";"0.1";"1.8";"143.625";"65.64";"77.985";"7798.5";"14362.5";"6564";"PHOTOVOLTAIC+GRID";"ON";"ON"
"run_20260926_172449";"2026-09-26";"17:24:49";"2026-09-26 17:24:49";"269";"hpc_extreme";"HPC - Extremo";"6";"60";"5";"1";"manual";"5000";"1800";"600";"30";"1";"origin";"main";"git@github.com:CAGDOJ/PhotovoltaicFirst.git";"Belem";"-1.4537";"-48.5078";"monocrystalline";"bifacial";"30000";"0.24";"1";"0.24";"1.2";"1.2";"16";"0";"29.6";"11.4";"157.248";"138.379";"0.284611";"1181.52";"100";"1024";"1.25";"150";"75";"102.4";"12.5";"114.9";"28.725";"143.625";"1e+15";"200";"360000";"0.1";"1.8";"143.625";"65.64";"77.985";"7798.5";"14362.5";"6564";"PHOTOVOLTAIC+GRID";"ON";"ON"
"run_20260926_172520";"2026-09-26";"17:25:20";"2026-09-26 17:25:20";"269";"hpc_extreme";"HPC - Extremo";"6";"60";"5";"1";"manual";"5000";"1800";"600";"30";"1";"origin";"main";"git@github.com:CAGDOJ/PhotovoltaicFirst.git";"Belem";"-1.4537";"-48.5078";"monocrystalline";"bifacial";"30000";"0.24";"1";"0.24";"1.2";"1.2";"16";"0";"29.6";"11.4";"152.942";"134.589";"0.284611";"1149.16";"100";"1024";"1.25";"150";"75";"102.4";"12.5";"114.9";"28.725";"143.625";"1e+15";"200";"360000";"0.1";"1.8";"143.625";"63.8424";"79.7826";"7978.26";"14362.5";"6384.24";"PHOTOVOLTAIC+GRID";"ON";"ON"
"run_20260926_172544";"2026-09-26";"17:25:44";"2026-09-26 17:25:44";"269";"hpc_extreme";"HPC - Extremo";"6";"60";"5";"1";"manual";"5000";"1800";"600";"30";"1";"origin";"main";"git@github.com:CAGDOJ/PhotovoltaicFirst.git";"Belem";"-1.4537";"-48.5078";"monocrystalline";"bifacial";"30000";"0.24";"1";"0.24";"1.2";"1.2";"16";"0";"29.6";"11.4";"152.942";"134.589";"0.284611";"1149.16";"100";"1024";"1.25";"150";"75";"102.4";"12.5";"114.9";"28.725";"143.625";"1e+15";"200";"360000";"0.1";"1.8";"143.625";"63.8424";"79.7826";"7978.26";"14362.5";"6384.24";"PHOTOVOLTAIC+GRID";"ON";"ON"
"run_20260926_172607";"2026-09-26";"17:26:07";"2026-09-26 17:26:07";"269";"hpc_extreme";"HPC - Extremo";"6";"60";"5";"1";"manual";"5000";"1800";"600";"30";"1";"origin";"main";"git@github.com:CAGDOJ/PhotovoltaicFirst.git";"Belem";"-1.4537";"-48.5078";"monocrystalline";"bifacial";"30000";"0.24";"1";"0.24";"1.2";"1.2";"16";"0";"29.6";"11.4";"148.633";"130.797";"0.284611";"1116.78";"100";"1024";"1.25";"150";"75";"102.4";"12.5";"114.9";"28.725";"143.625";"1e+15";"200";"360000";"0.1";"1.8";"143.625";"62.0435";"81.5815";"8158.15";"14362.5";"6204.35";"PHOTOVOLTAIC+GRID";"ON";"ON"
"run_20260926_172637";"2026-09-26";"17:26:37";"2026-09-26 17:26:37";"269";"hpc_extreme";"HPC - Extremo";"6";"60";"5";"1";"manual";"5000";"1800";"600";"30";"1";"origin";"main";"git@github.com:CAGDOJ/PhotovoltaicFirst.git";"Belem";"-1.4537";"-48.5078";"monocrystalline";"bifacial";"30000";"0.24";"1";"0.24";"1.2";"1.2";"16";"0";"29.6";"11.4";"148.633";"130.797";"0.284611";"1116.78";"100";"1024";"1.25";"150";"75";"102.4";"12.5";"114.9";"28.725";"143.625";"1e+15";"200";"360000";"0.1";"1.8";"143.625";"62.0435";"81.5815";"8158.15";"14362.5";"6204.35";"PHOTOVOLTAIC+GRID";"ON";"ON"
"run_20260926_172706";"2026-09-26";"17:27:06";"2026-09-26 17:27:06";"269";"hpc_extreme";"HPC - Extremo";"6";"60";"5";"1";"manual";"5000";"1800";"600";"30";"1";"origin";"main";"git@github.com:CAGDOJ/PhotovoltaicFirst.git";"Belem";"-1.4537";"-48.5078";"monocrystalline";"bifacial";"30000";"0.24";"1";"0.24";"1.2";"1.2";"16";"0";"29.6";"11.4";"144.32";"127.002";"0.284611";"1084.38";"100";"1024";"1.25";"150";"75";"102.4";"12.5";"114.9";"28.725";"143.625";"1e+15";"200";"360000";"0.1";"1.8";"143.625";"60.2435";"83.3815";"8338.15";"14362.5";"6024.35";"PHOTOVOLTAIC+GRID";"ON";"ON"
"run_20260926_172727";"2026-09-26";"17:27:27";"2026-09-26 17:27:27";"269";"hpc_extreme";"HPC - Extremo";"6";"60";"5";"1";"manual";"5000";"1800";"600";"30";"1";"origin";"main";"git@github.com:CAGDOJ/PhotovoltaicFirst.git";"Belem";"-1.4537";"-48.5078";"monocrystalline";"bifacial";"30000";"0.24";"1";"0.24";"1.2";"1.2";"16";"0";"29.6";"11.4";"144.32";"127.002";"0.284611";"1084.38";"100";"1024";"1.25";"150";"75";"102.4";"12.5";"114.9";"28.725";"143.625";"1e+15";"200";"360000";"0.1";"1.8";"143.625";"60.2435";"83.3815";"8338.15";"14362.5";"6024.35";"PHOTOVOLTAIC+GRID";"ON";"ON"
"run_20260926_172757";"2026-09-26";"17:27:57";"2026-09-26 17:27:57";"269";"hpc_extreme";"HPC - Extremo";"6";"60";"5";"1";"manual";"5000";"1800";"600";"30";"1";"origin";"main";"git@github.com:CAGDOJ/PhotovoltaicFirst.git";"Belem";"-1.4537";"-48.5078";"monocrystalline";"bifacial";"30000";"0.24";"1";"0.24";"1.2";"1.2";"16";"0";"29.6";"11.4";"144.32";"127.002";"0.284611";"1084.38";"100";"1024";"1.25";"150";"75";"102.4";"12.5";"114.9";"28.725";"143.625";"1e+15";"200";"360000";"0.1";"1.8";"143.625";"60.2435";"83.3815";"8338.15";"14362.5";"6024.35";"PHOTOVOLTAIC+GRID";"ON";"ON"
"run_20260926_172826";"2026-09-26";"17:28:26";"2026-09-26 17:28:26";"269";"hpc_extreme";"HPC - Extremo";"6";"60";"5";"1";"manual";"5000";"1800";"600";"30";"1";"origin";"main";"git@github.com:CAGDOJ/PhotovoltaicFirst.git";"Belem";"-1.4537";"-48.5078";"monocrystalline";"bifacial";"30000";"0.24";"1";"0.24";"1.2";"1.2";"16";"0";"29.6";"11.4";"140.006";"123.205";"0.284611";"1051.96";"100";"1024";"1.25";"150";"75";"102.4";"12.5";"114.9";"28.725";"143.625";"1e+15";"200";"360000";"0.1";"1.8";"143.625";"58.4423";"85.1827";"8518.27";"14362.5";"5844.23";"PHOTOVOLTAIC+GRID";"ON";"ON"
"run_20260926_172848";"2026-09-26";"17:28:48";"2026-09-26 17:28:48";"269";"hpc_extreme";"HPC - Extremo";"6";"60";"5";"1";"manual";"5000";"1800";"600";"30";"1";"origin";"main";"git@github.com:CAGDOJ/PhotovoltaicFirst.git";"Belem";"-1.4537";"-48.5078";"monocrystalline";"bifacial";"30000";"0.24";"1";"0.24";"1.2";"1.2";"16";"0";"29.6";"11.4";"140.006";"123.205";"0.284611";"1051.96";"100";"1024";"1.25";"150";"75";"102.4";"12.5";"114.9";"28.725";"143.625";"1e+15";"200";"360000";"0.1";"1.8";"143.625";"58.4423";"85.1827";"8518.27";"14362.5";"5844.23";"PHOTOVOLTAIC+GRID";"ON";"ON"
"run_20260926_172917";"2026-09-26";"17:29:17";"2026-09-26 17:29:17";"269";"hpc_extreme";"HPC - Extremo";"6";"60";"5";"1";"manual";"5000";"1800";"600";"30";"1";"origin";"main";"git@github.com:CAGDOJ/PhotovoltaicFirst.git";"Belem";"-1.4537";"-48.5078";"monocrystalline";"bifacial";"30000";"0.24";"1";"0.24";"1.2";"1.2";"16";"0";"29.6";"11.4";"135.688";"119.405";"0.284611";"1019.52";"100";"1024";"1.25";"150";"75";"102.4";"12.5";"114.9";"28.725";"143.625";"1e+15";"200";"360000";"0.1";"1.8";"143.625";"56.6401";"86.9849";"8698.49";"14362.5";"5664.01";"PHOTOVOLTAIC+GRID";"ON";"ON"
"run_20260926_172946";"2026-09-26";"17:29:46";"2026-09-26 17:29:46";"269";"hpc_extreme";"HPC - Extremo";"6";"60";"5";"1";"manual";"5000";"1800";"600";"30";"1";"origin";"main";"git@github.com:CAGDOJ/PhotovoltaicFirst.git";"Belem";"-1.4537";"-48.5078";"monocrystalline";"bifacial";"30000";"0.24";"1";"0.24";"1.2";"1.2";"16";"0";"29.6";"11.4";"135.688";"119.405";"0.284611";"1019.52";"100";"1024";"1.25";"150";"75";"102.4";"12.5";"114.9";"28.725";"143.625";"1e+15";"200";"360000";"0.1";"1.8";"143.625";"56.6401";"86.9849";"8698.49";"14362.5";"5664.01";"PHOTOVOLTAIC+GRID";"ON";"ON"
"run_20260926_173007";"2026-09-26";"17:30:07";"2026-09-26 17:30:07";"269";"hpc_extreme";"HPC - Extremo";"6";"60";"5";"1";"manual";"5000";"1800";"600";"30";"1";"origin";"main";"git@github.com:CAGDOJ/PhotovoltaicFirst.git";"Belem";"-1.4537";"-48.5078";"monocrystalline";"bifacial";"30000";"0.24";"1";"0.24";"1.2";"1.2";"16";"0";"29.2";"12.4";"131.368";"115.604";"0.28536";"989.659";"100";"1024";"1.25";"150";"75";"102.4";"12.5";"114.9";"28.725";"143.625";"1e+15";"200";"360000";"0.1";"1.8";"143.625";"54.9811";"88.6439";"8864.39";"14362.5";"5498.11";"PHOTOVOLTAIC+GRID";"ON";"ON"
"run_20260926_173038";"2026-09-26";"17:30:38";"2026-09-26 17:30:38";"269";"hpc_extreme";"HPC - Extremo";"6";"60";"5";"1";"manual";"5000";"1800";"600";"30";"1";"origin";"main";"git@github.com:CAGDOJ/PhotovoltaicFirst.git";"Belem";"-1.4537";"-48.5078";"monocrystalline";"bifacial";"30000";"0.24";"1";"0.24";"1.2";"1.2";"16";"0";"29.2";"12.4";"131.368";"115.604";"0.28536";"989.659";"100";"1024";"1.25";"150";"75";"102.4";"12.5";"114.9";"28.725";"143.625";"1e+15";"200";"360000";"0.1";"1.8";"143.625";"54.9811";"88.6439";"8864.39";"14362.5";"5498.11";"PHOTOVOLTAIC+GRID";"ON";"ON"
"run_20260926_173105";"2026-09-26";"17:31:05";"2026-09-26 17:31:05";"269";"hpc_extreme";"HPC - Extremo";"6";"60";"5";"1";"manual";"5000";"1800";"600";"30";"1";"origin";"main";"git@github.com:CAGDOJ/PhotovoltaicFirst.git";"Belem";"-1.4537";"-48.5078";"monocrystalline";"bifacial";"30000";"0.24";"1";"0.24";"1.2";"1.2";"16";"0";"29.2";"12.4";"127.045";"111.8";"0.28536";"957.095";"100";"1024";"1.25";"150";"75";"102.4";"12.5";"114.9";"28.725";"143.625";"1e+15";"200";"360000";"0.1";"1.8";"143.625";"53.172";"90.453";"9045.3";"14362.5";"5317.2";"PHOTOVOLTAIC+GRID";"ON";"ON"
"run_20260926_173127";"2026-09-26";"17:31:27";"2026-09-26 17:31:27";"269";"hpc_extreme";"HPC - Extremo";"6";"60";"5";"1";"manual";"5000";"1800";"600";"30";"1";"origin";"main";"git@github.com:CAGDOJ/PhotovoltaicFirst.git";"Belem";"-1.4537";"-48.5078";"monocrystalline";"bifacial";"30000";"0.24";"1";"0.24";"1.2";"1.2";"16";"0";"29.2";"12.4";"127.045";"111.8";"0.28536";"957.095";"100";"1024";"1.25";"150";"75";"102.4";"12.5";"114.9";"28.725";"143.625";"1e+15";"200";"360000";"0.1";"1.8";"143.625";"53.172";"90.453";"9045.3";"14362.5";"5317.2";"PHOTOVOLTAIC+GRID";"ON";"ON"
"run_20260926_173158";"2026-09-26";"17:31:58";"2026-09-26 17:31:58";"269";"hpc_extreme";"HPC - Extremo";"6";"60";"5";"1";"manual";"5000";"1800";"600";"30";"1";"origin";"main";"git@github.com:CAGDOJ/PhotovoltaicFirst.git";"Belem";"-1.4537";"-48.5078";"monocrystalline";"bifacial";"30000";"0.24";"1";"0.24";"1.2";"1.2";"16";"0";"29.2";"12.4";"127.045";"111.8";"0.28536";"957.095";"100";"1024";"1.25";"150";"75";"102.4";"12.5";"114.9";"28.725";"143.625";"1e+15";"200";"360000";"0.1";"1.8";"143.625";"53.172";"90.453";"9045.3";"14362.5";"5317.2";"PHOTOVOLTAIC+GRID";"ON";"ON"
"run_20260926_173226";"2026-09-26";"17:32:26";"2026-09-26 17:32:26";"269";"hpc_extreme";"HPC - Extremo";"6";"60";"5";"1";"manual";"5000";"1800";"600";"30";"1";"origin";"main";"git@github.com:CAGDOJ/PhotovoltaicFirst.git";"Belem";"-1.4537";"-48.5078";"monocrystalline";"bifacial";"30000";"0.24";"1";"0.24";"1.2";"1.2";"16";"0";"29.2";"12.4";"122.72";"107.994";"0.28536";"924.513";"100";"1024";"1.25";"150";"75";"102.4";"12.5";"114.9";"28.725";"143.625";"1e+15";"200";"360000";"0.1";"1.8";"143.625";"51.3618";"92.2632";"9226.32";"14362.5";"5136.18";"PHOTOVOLTAIC+GRID";"ON";"ON"
"run_20260926_173247";"2026-09-26";"17:32:47";"2026-09-26 17:32:47";"269";"hpc_extreme";"HPC - Extremo";"6";"60";"5";"1";"manual";"5000";"1800";"600";"30";"1";"origin";"main";"git@github.com:CAGDOJ/PhotovoltaicFirst.git";"Belem";"-1.4537";"-48.5078";"monocrystalline";"bifacial";"30000";"0.24";"1";"0.24";"1.2";"1.2";"16";"0";"29.2";"12.4";"122.72";"107.994";"0.28536";"924.513";"100";"1024";"1.25";"150";"75";"102.4";"12.5";"114.9";"28.725";"143.625";"1e+15";"200";"360000";"0.1";"1.8";"143.625";"51.3618";"92.2632";"9226.32";"14362.5";"5136.18";"PHOTOVOLTAIC+GRID";"ON";"ON"
"run_20260926_173323";"2026-09-26";"17:33:23";"2026-09-26 17:33:23";"269";"hpc_extreme";"HPC - Extremo";"6";"60";"5";"1";"manual";"5000";"1800";"600";"30";"1";"origin";"main";"git@github.com:CAGDOJ/PhotovoltaicFirst.git";"Belem";"-1.4537";"-48.5078";"monocrystalline";"bifacial";"30000";"0.24";"1";"0.24";"1.2";"1.2";"16";"0";"29.2";"12.4";"118.393";"104.186";"0.28536";"891.913";"100";"1024";"1.25";"150";"75";"102.4";"12.5";"114.9";"28.725";"143.625";"1e+15";"200";"360000";"0.1";"1.8";"143.625";"49.5507";"94.0743";"9407.43";"14362.5";"4955.07";"PHOTOVOLTAIC+GRID";"ON";"ON"
"run_20260926_173346";"2026-09-26";"17:33:46";"2026-09-26 17:33:46";"269";"hpc_extreme";"HPC - Extremo";"6";"60";"5";"1";"manual";"5000";"1800";"600";"30";"1";"origin";"main";"git@github.com:CAGDOJ/PhotovoltaicFirst.git";"Belem";"-1.4537";"-48.5078";"monocrystalline";"bifacial";"30000";"0.24";"1";"0.24";"1.2";"1.2";"16";"0";"29.2";"12.4";"118.393";"104.186";"0.28536";"891.913";"100";"1024";"1.25";"150";"75";"102.4";"12.5";"114.9";"28.725";"143.625";"1e+15";"200";"360000";"0.1";"1.8";"143.625";"49.5507";"94.0743";"9407.43";"14362.5";"4955.07";"PHOTOVOLTAIC+GRID";"ON";"ON"
"run_20260926_173406";"2026-09-26";"17:34:06";"2026-09-26 17:34:06";"269";"hpc_extreme";"HPC - Extremo";"6";"60";"5";"1";"manual";"5000";"1800";"600";"30";"1";"origin";"main";"git@github.com:CAGDOJ/PhotovoltaicFirst.git";"Belem";"-1.4537";"-48.5078";"monocrystalline";"bifacial";"30000";"0.24";"1";"0.24";"1.2";"1.2";"16";"0";"29.2";"12.4";"114.063";"100.376";"0.28536";"859.297";"100";"1024";"1.25";"150";"75";"102.4";"12.5";"114.9";"28.725";"143.625";"1e+15";"200";"360000";"0.1";"1.8";"143.625";"47.7387";"95.8863";"9588.63";"14362.5";"4773.87";"PHOTOVOLTAIC+GRID";"ON";"ON"
"run_20260926_173442";"2026-09-26";"17:34:42";"2026-09-26 17:34:42";"269";"hpc_extreme";"HPC - Extremo";"6";"60";"5";"1";"manual";"5000";"1800";"600";"30";"1";"origin";"main";"git@github.com:CAGDOJ/PhotovoltaicFirst.git";"Belem";"-1.4537";"-48.5078";"monocrystalline";"bifacial";"30000";"0.24";"1";"0.24";"1.2";"1.2";"16";"0";"29.2";"12.4";"114.063";"100.376";"0.28536";"859.297";"100";"1024";"1.25";"150";"75";"102.4";"12.5";"114.9";"28.725";"143.625";"1e+15";"200";"360000";"0.1";"1.8";"143.625";"47.7387";"95.8863";"9588.63";"14362.5";"4773.87";"PHOTOVOLTAIC+GRID";"ON";"ON"
"run_20260926_173505";"2026-09-26";"17:35:05";"2026-09-26 17:35:05";"269";"hpc_extreme";"HPC - Extremo";"6";"60";"5";"1";"manual";"5000";"1800";"600";"30";"1";"origin";"main";"git@github.com:CAGDOJ/PhotovoltaicFirst.git";"Belem";"-1.4537";"-48.5078";"monocrystalline";"bifacial";"30000";"0.24";"1";"0.24";"1.2";"1.2";"16";"0";"29.2";"12.4";"109.732";"96.5639";"0.28536";"826.664";"100";"1024";"1.25";"150";"75";"102.4";"12.5";"114.9";"28.725";"143.625";"1e+15";"200";"360000";"0.1";"1.8";"143.625";"45.9258";"97.6992";"9769.92";"14362.5";"4592.58";"PHOTOVOLTAIC+GRID";"ON";"ON"
"run_20260926_173528";"2026-09-26";"17:35:28";"2026-09-26 17:35:28";"269";"hpc_extreme";"HPC - Extremo";"6";"60";"5";"1";"manual";"5000";"1800";"600";"30";"1";"origin";"main";"git@github.com:CAGDOJ/PhotovoltaicFirst.git";"Belem";"-1.4537";"-48.5078";"monocrystalline";"bifacial";"30000";"0.24";"1";"0.24";"1.2";"1.2";"16";"0";"29.2";"12.4";"109.732";"96.5639";"0.28536";"826.664";"100";"1024";"1.25";"150";"75";"102.4";"12.5";"114.9";"28.725";"143.625";"1e+15";"200";"360000";"0.1";"1.8";"143.625";"45.9258";"97.6992";"9769.92";"14362.5";"4592.58";"PHOTOVOLTAIC+GRID";"ON";"ON"
"run_20260926_173602";"2026-09-26";"17:36:02";"2026-09-26 17:36:02";"269";"hpc_extreme";"HPC - Extremo";"6";"60";"5";"1";"manual";"5000";"1800";"600";"30";"1";"origin";"main";"git@github.com:CAGDOJ/PhotovoltaicFirst.git";"Belem";"-1.4537";"-48.5078";"monocrystalline";"bifacial";"30000";"0.24";"1";"0.24";"1.2";"1.2";"16";"0";"29.2";"12.4";"105.398";"92.7502";"0.28536";"794.015";"100";"1024";"1.25";"150";"75";"102.4";"12.5";"114.9";"28.725";"143.625";"1e+15";"200";"360000";"0.1";"1.8";"143.625";"44.112";"99.513";"9951.3";"14362.5";"4411.2";"PHOTOVOLTAIC+GRID";"ON";"ON"
"run_20260926_173626";"2026-09-26";"17:36:26";"2026-09-26 17:36:26";"269";"hpc_extreme";"HPC - Extremo";"6";"60";"5";"1";"manual";"5000";"1800";"600";"30";"1";"origin";"main";"git@github.com:CAGDOJ/PhotovoltaicFirst.git";"Belem";"-1.4537";"-48.5078";"monocrystalline";"bifacial";"30000";"0.24";"1";"0.24";"1.2";"1.2";"16";"0";"29.2";"12.4";"105.398";"92.7502";"0.28536";"794.015";"100";"1024";"1.25";"150";"75";"102.4";"12.5";"114.9";"28.725";"143.625";"1e+15";"200";"360000";"0.1";"1.8";"143.625";"44.112";"99.513";"9951.3";"14362.5";"4411.2";"PHOTOVOLTAIC+GRID";"ON";"ON"
"run_20260926_173648";"2026-09-26";"17:36:48";"2026-09-26 17:36:48";"269";"hpc_extreme";"HPC - Extremo";"6";"60";"5";"1";"manual";"5000";"1800";"600";"30";"1";"origin";"main";"git@github.com:CAGDOJ/PhotovoltaicFirst.git";"Belem";"-1.4537";"-48.5078";"monocrystalline";"bifacial";"30000";"0.24";"1";"0.24";"1.2";"1.2";"16";"0";"29.2";"12.4";"105.398";"92.7502";"0.28536";"794.015";"100";"1024";"1.25";"150";"75";"102.4";"12.5";"114.9";"28.725";"143.625";"1e+15";"200";"360000";"0.1";"1.8";"143.625";"44.112";"99.513";"9951.3";"14362.5";"4411.2";"PHOTOVOLTAIC+GRID";"ON";"ON"
"run_20260926_173720";"2026-09-26";"17:37:20";"2026-09-26 17:37:20";"269";"hpc_extreme";"HPC - Extremo";"6";"60";"5";"1";"manual";"5000";"1800";"600";"30";"1";"origin";"main";"git@github.com:CAGDOJ/PhotovoltaicFirst.git";"Belem";"-1.4537";"-48.5078";"monocrystalline";"bifacial";"30000";"0.24";"1";"0.24";"1.2";"1.2";"16";"0";"29.2";"12.4";"101.062";"88.9347";"0.28536";"761.352";"100";"1024";"1.25";"150";"75";"102.4";"12.5";"114.9";"28.725";"143.625";"1e+15";"200";"360000";"0.1";"1.8";"143.625";"42.2973";"101.328";"10132.8";"14362.5";"4229.73";"PHOTOVOLTAIC+GRID";"ON";"ON"
"run_20260926_173746";"2026-09-26";"17:37:46";"2026-09-26 17:37:46";"269";"hpc_extreme";"HPC - Extremo";"6";"60";"5";"1";"manual";"5000";"1800";"600";"30";"1";"origin";"main";"git@github.com:CAGDOJ/PhotovoltaicFirst.git";"Belem";"-1.4537";"-48.5078";"monocrystalline";"bifacial";"30000";"0.24";"1";"0.24";"1.2";"1.2";"16";"0";"29.2";"12.4";"101.062";"88.9347";"0.28536";"761.352";"100";"1024";"1.25";"150";"75";"102.4";"12.5";"114.9";"28.725";"143.625";"1e+15";"200";"360000";"0.1";"1.8";"143.625";"42.2973";"101.328";"10132.8";"14362.5";"4229.73";"PHOTOVOLTAIC+GRID";"ON";"ON"
"run_20260926_173806";"2026-09-26";"17:38:06";"2026-09-26 17:38:06";"269";"hpc_extreme";"HPC - Extremo";"6";"60";"5";"1";"manual";"5000";"1800";"600";"30";"1";"origin";"main";"git@github.com:CAGDOJ/PhotovoltaicFirst.git";"Belem";"-1.4537";"-48.5078";"monocrystalline";"bifacial";"30000";"0.24";"1";"0.24";"1.2";"1.2";"16";"0";"29.2";"12.4";"96.7245";"85.1176";"0.28536";"728.674";"100";"1024";"1.25";"150";"75";"102.4";"12.5";"114.9";"28.725";"143.625";"1e+15";"200";"360000";"0.1";"1.8";"143.625";"40.4819";"103.143";"10314.3";"14362.5";"4048.19";"PHOTOVOLTAIC+GRID";"ON";"ON"
"run_20260926_173840";"2026-09-26";"17:38:40";"2026-09-26 17:38:40";"269";"hpc_extreme";"HPC - Extremo";"6";"60";"5";"1";"manual";"5000";"1800";"600";"30";"1";"origin";"main";"git@github.com:CAGDOJ/PhotovoltaicFirst.git";"Belem";"-1.4537";"-48.5078";"monocrystalline";"bifacial";"30000";"0.24";"1";"0.24";"1.2";"1.2";"16";"0";"29.2";"12.4";"96.7245";"85.1176";"0.28536";"728.674";"100";"1024";"1.25";"150";"75";"102.4";"12.5";"114.9";"28.725";"143.625";"1e+15";"200";"360000";"0.1";"1.8";"143.625";"40.4819";"103.143";"10314.3";"14362.5";"4048.19";"PHOTOVOLTAIC+GRID";"ON";"ON"
"run_20260926_173907";"2026-09-26";"17:39:07";"2026-09-26 17:39:07";"269";"hpc_extreme";"HPC - Extremo";"6";"60";"5";"1";"manual";"5000";"1800";"600";"30";"1";"origin";"main";"git@github.com:CAGDOJ/PhotovoltaicFirst.git";"Belem";"-1.4537";"-48.5078";"monocrystalline";"bifacial";"30000";"0.24";"1";"0.24";"1.2";"1.2";"16";"0";"29.2";"12.4";"92.385";"81.2988";"0.28536";"695.983";"100";"1024";"1.25";"150";"75";"102.4";"12.5";"114.9";"28.725";"143.625";"1e+15";"200";"360000";"0.1";"1.8";"143.625";"38.6657";"104.959";"10495.9";"14362.5";"3866.57";"PHOTOVOLTAIC+GRID";"ON";"ON"
"run_20260926_173927";"2026-09-26";"17:39:27";"2026-09-26 17:39:27";"269";"hpc_extreme";"HPC - Extremo";"6";"60";"5";"1";"manual";"5000";"1800";"600";"30";"1";"origin";"main";"git@github.com:CAGDOJ/PhotovoltaicFirst.git";"Belem";"-1.4537";"-48.5078";"monocrystalline";"bifacial";"30000";"0.24";"1";"0.24";"1.2";"1.2";"16";"0";"29.2";"12.4";"92.385";"81.2988";"0.28536";"695.983";"100";"1024";"1.25";"150";"75";"102.4";"12.5";"114.9";"28.725";"143.625";"1e+15";"200";"360000";"0.1";"1.8";"143.625";"38.6657";"104.959";"10495.9";"14362.5";"3866.57";"PHOTOVOLTAIC+GRID";"ON";"ON"
"run_20260926_174001";"2026-09-26";"17:40:01";"2026-09-26 17:40:01";"269";"hpc_extreme";"HPC - Extremo";"6";"60";"5";"1";"manual";"5000";"1800";"600";"30";"1";"origin";"main";"git@github.com:CAGDOJ/PhotovoltaicFirst.git";"Belem";"-1.4537";"-48.5078";"monocrystalline";"bifacial";"30000";"0.24";"1";"0.24";"1.2";"1.2";"16";"0";"29.2";"12.4";"88.0438";"77.4786";"0.28536";"663.278";"100";"1024";"1.25";"150";"75";"102.4";"12.5";"114.9";"28.725";"143.625";"1e+15";"200";"360000";"0.1";"1.8";"143.625";"36.8488";"106.776";"10677.6";"14362.5";"3684.88";"PHOTOVOLTAIC+GRID";"ON";"ON"
"run_20260926_174024";"2026-09-26";"17:40:24";"2026-09-26 17:40:24";"269";"hpc_extreme";"HPC - Extremo";"6";"60";"5";"1";"manual";"5000";"1800";"600";"30";"1";"origin";"main";"git@github.com:CAGDOJ/PhotovoltaicFirst.git";"Belem";"-1.4537";"-48.5078";"monocrystalline";"bifacial";"30000";"0.24";"1";"0.24";"1.2";"1.2";"16";"0";"29.2";"12.4";"88.0438";"77.4786";"0.28536";"663.278";"100";"1024";"1.25";"150";"75";"102.4";"12.5";"114.9";"28.725";"143.625";"1e+15";"200";"360000";"0.1";"1.8";"143.625";"36.8488";"106.776";"10677.6";"14362.5";"3684.88";"PHOTOVOLTAIC+GRID";"ON";"ON"
"run_20260926_174046";"2026-09-26";"17:40:46";"2026-09-26 17:40:46";"269";"hpc_extreme";"HPC - Extremo";"6";"60";"5";"1";"manual";"5000";"1800";"600";"30";"1";"origin";"main";"git@github.com:CAGDOJ/PhotovoltaicFirst.git";"Belem";"-1.4537";"-48.5078";"monocrystalline";"bifacial";"30000";"0.24";"1";"0.24";"1.2";"1.2";"16";"0";"29.2";"12.4";"88.0438";"77.4786";"0.28536";"663.278";"100";"1024";"1.25";"150";"75";"102.4";"12.5";"114.9";"28.725";"143.625";"1e+15";"200";"360000";"0.1";"1.8";"143.625";"36.8488";"106.776";"10677.6";"14362.5";"3684.88";"PHOTOVOLTAIC+GRID";"ON";"ON"
"run_20260926_174119";"2026-09-26";"17:41:19";"2026-09-26 17:41:19";"269";"hpc_extreme";"HPC - Extremo";"6";"60";"5";"1";"manual";"5000";"1800";"600";"30";"1";"origin";"main";"git@github.com:CAGDOJ/PhotovoltaicFirst.git";"Belem";"-1.4537";"-48.5078";"monocrystalline";"bifacial";"30000";"0.24";"1";"0.24";"1.2";"1.2";"16";"0";"29.2";"12.4";"83.7009";"73.6568";"0.28536";"630.561";"100";"1024";"1.25";"150";"75";"102.4";"12.5";"114.9";"28.725";"143.625";"1e+15";"200";"360000";"0.1";"1.8";"143.625";"35.0312";"108.594";"10859.4";"14362.5";"3503.12";"PHOTOVOLTAIC+GRID";"ON";"ON"
"run_20260926_174142";"2026-09-26";"17:41:42";"2026-09-26 17:41:42";"269";"hpc_extreme";"HPC - Extremo";"6";"60";"5";"1";"manual";"5000";"1800";"600";"30";"1";"origin";"main";"git@github.com:CAGDOJ/PhotovoltaicFirst.git";"Belem";"-1.4537";"-48.5078";"monocrystalline";"bifacial";"30000";"0.24";"1";"0.24";"1.2";"1.2";"16";"0";"29.2";"12.4";"83.7009";"73.6568";"0.28536";"630.561";"100";"1024";"1.25";"150";"75";"102.4";"12.5";"114.9";"28.725";"143.625";"1e+15";"200";"360000";"0.1";"1.8";"143.625";"35.0312";"108.594";"10859.4";"14362.5";"3503.12";"PHOTOVOLTAIC+GRID";"ON";"ON"
"run_20260926_174207";"2026-09-26";"17:42:07";"2026-09-26 17:42:07";"269";"hpc_extreme";"HPC - Extremo";"6";"60";"5";"1";"manual";"5000";"1800";"600";"30";"1";"origin";"main";"git@github.com:CAGDOJ/PhotovoltaicFirst.git";"Belem";"-1.4537";"-48.5078";"monocrystalline";"bifacial";"30000";"0.24";"1";"0.24";"1.2";"1.2";"16";"0";"29.2";"12.4";"79.3565";"69.8337";"0.28536";"597.832";"100";"1024";"1.25";"150";"75";"102.4";"12.5";"114.9";"28.725";"143.625";"1e+15";"200";"360000";"0.1";"1.8";"143.625";"33.2129";"110.412";"11041.2";"14362.5";"3321.29";"PHOTOVOLTAIC+GRID";"ON";"ON"
"run_20260926_174240";"2026-09-26";"17:42:40";"2026-09-26 17:42:40";"269";"hpc_extreme";"HPC - Extremo";"6";"60";"5";"1";"manual";"5000";"1800";"600";"30";"1";"origin";"main";"git@github.com:CAGDOJ/PhotovoltaicFirst.git";"Belem";"-1.4537";"-48.5078";"monocrystalline";"bifacial";"30000";"0.24";"1";"0.24";"1.2";"1.2";"16";"0";"29.2";"12.4";"79.3565";"69.8337";"0.28536";"597.832";"100";"1024";"1.25";"150";"75";"102.4";"12.5";"114.9";"28.725";"143.625";"1e+15";"200";"360000";"0.1";"1.8";"143.625";"33.2129";"110.412";"11041.2";"14362.5";"3321.29";"PHOTOVOLTAIC+GRID";"ON";"ON"
"run_20260926_174302";"2026-09-26";"17:43:02";"2026-09-26 17:43:02";"269";"hpc_extreme";"HPC - Extremo";"6";"60";"5";"1";"manual";"5000";"1800";"600";"30";"1";"origin";"main";"git@github.com:CAGDOJ/PhotovoltaicFirst.git";"Belem";"-1.4537";"-48.5078";"monocrystalline";"bifacial";"30000";"0.24";"1";"0.24";"1.2";"1.2";"16";"0";"29.2";"12.4";"75.0105";"66.0093";"0.28536";"565.092";"100";"1024";"1.25";"150";"75";"102.4";"12.5";"114.9";"28.725";"143.625";"1e+15";"200";"360000";"0.1";"1.8";"143.625";"31.394";"112.231";"11223.1";"14362.5";"3139.4";"PHOTOVOLTAIC+GRID";"ON";"ON"
"run_20260926_174326";"2026-09-26";"17:43:26";"2026-09-26 17:43:26";"269";"hpc_extreme";"HPC - Extremo";"6";"60";"5";"1";"manual";"5000";"1800";"600";"30";"1";"origin";"main";"git@github.com:CAGDOJ/PhotovoltaicFirst.git";"Belem";"-1.4537";"-48.5078";"monocrystalline";"bifacial";"30000";"0.24";"1";"0.24";"1.2";"1.2";"16";"0";"29.2";"12.4";"75.0105";"66.0093";"0.28536";"565.092";"100";"1024";"1.25";"150";"75";"102.4";"12.5";"114.9";"28.725";"143.625";"1e+15";"200";"360000";"0.1";"1.8";"143.625";"31.394";"112.231";"11223.1";"14362.5";"3139.4";"PHOTOVOLTAIC+GRID";"ON";"ON"
"run_20260926_174359";"2026-09-26";"17:43:59";"2026-09-26 17:43:59";"269";"hpc_extreme";"HPC - Extremo";"6";"60";"5";"1";"manual";"5000";"1800";"600";"30";"1";"origin";"main";"git@github.com:CAGDOJ/PhotovoltaicFirst.git";"Belem";"-1.4537";"-48.5078";"monocrystalline";"bifacial";"30000";"0.24";"1";"0.24";"1.2";"1.2";"16";"0";"29.2";"12.4";"75.0105";"66.0093";"0.28536";"565.092";"100";"1024";"1.25";"150";"75";"102.4";"12.5";"114.9";"28.725";"143.625";"1e+15";"200";"360000";"0.1";"1.8";"143.625";"31.394";"112.231";"11223.1";"14362.5";"3139.4";"PHOTOVOLTAIC+GRID";"ON";"ON"
"run_20260926_174421";"2026-09-26";"17:44:21";"2026-09-26 17:44:21";"269";"hpc_extreme";"HPC - Extremo";"6";"60";"5";"1";"manual";"5000";"1800";"600";"30";"1";"origin";"main";"git@github.com:CAGDOJ/PhotovoltaicFirst.git";"Belem";"-1.4537";"-48.5078";"monocrystalline";"bifacial";"30000";"0.24";"1";"0.24";"1.2";"1.2";"16";"0";"29.2";"12.4";"70.6632";"62.1836";"0.28536";"532.341";"100";"1024";"1.25";"150";"75";"102.4";"12.5";"114.9";"28.725";"143.625";"1e+15";"200";"360000";"0.1";"1.8";"143.625";"29.5745";"114.051";"11405.1";"14362.5";"2957.45";"PHOTOVOLTAIC+GRID";"ON";"ON"
"run_20260926_174444";"2026-09-26";"17:44:44";"2026-09-26 17:44:44";"269";"hpc_extreme";"HPC - Extremo";"6";"60";"5";"1";"manual";"5000";"1800";"600";"30";"1";"origin";"main";"git@github.com:CAGDOJ/PhotovoltaicFirst.git";"Belem";"-1.4537";"-48.5078";"monocrystalline";"bifacial";"30000";"0.24";"1";"0.24";"1.2";"1.2";"16";"0";"29.2";"12.4";"70.6632";"62.1836";"0.28536";"532.341";"100";"1024";"1.25";"150";"75";"102.4";"12.5";"114.9";"28.725";"143.625";"1e+15";"200";"360000";"0.1";"1.8";"143.625";"29.5745";"114.051";"11405.1";"14362.5";"2957.45";"PHOTOVOLTAIC+GRID";"ON";"ON"
"run_20260926_174517";"2026-09-26";"17:45:17";"2026-09-26 17:45:17";"269";"hpc_extreme";"HPC - Extremo";"6";"60";"5";"1";"manual";"5000";"1800";"600";"30";"1";"origin";"main";"git@github.com:CAGDOJ/PhotovoltaicFirst.git";"Belem";"-1.4537";"-48.5078";"monocrystalline";"bifacial";"30000";"0.24";"1";"0.24";"1.2";"1.2";"16";"0";"28.8";"13.1";"66.3145";"58.3567";"0.286042";"500.774";"100";"1024";"1.25";"150";"75";"102.4";"12.5";"114.9";"28.725";"143.625";"1e+15";"200";"360000";"0.1";"1.8";"143.625";"27.8208";"115.804";"11580.4";"14362.5";"2782.08";"PHOTOVOLTAIC+GRID";"ON";"ON"
"run_20260926_174541";"2026-09-26";"17:45:41";"2026-09-26 17:45:41";"269";"hpc_extreme";"HPC - Extremo";"6";"60";"5";"1";"manual";"5000";"1800";"600";"30";"1";"origin";"main";"git@github.com:CAGDOJ/PhotovoltaicFirst.git";"Belem";"-1.4537";"-48.5078";"monocrystalline";"bifacial";"30000";"0.24";"1";"0.24";"1.2";"1.2";"16";"0";"28.8";"13.1";"66.3145";"58.3567";"0.286042";"500.774";"100";"1024";"1.25";"150";"75";"102.4";"12.5";"114.9";"28.725";"143.625";"1e+15";"200";"360000";"0.1";"1.8";"143.625";"27.8208";"115.804";"11580.4";"14362.5";"2782.08";"PHOTOVOLTAIC+GRID";"ON";"ON"
"run_20260926_174604";"2026-09-26";"17:46:04";"2026-09-26 17:46:04";"269";"hpc_extreme";"HPC - Extremo";"6";"60";"5";"1";"manual";"5000";"1800";"600";"30";"1";"origin";"main";"git@github.com:CAGDOJ/PhotovoltaicFirst.git";"Belem";"-1.4537";"-48.5078";"monocrystalline";"bifacial";"30000";"0.24";"1";"0.24";"1.2";"1.2";"16";"0";"28.8";"13.1";"61.9646";"54.5288";"0.286042";"467.926";"100";"1024";"1.25";"150";"75";"102.4";"12.5";"114.9";"28.725";"143.625";"1e+15";"200";"360000";"0.1";"1.8";"143.625";"25.9959";"117.629";"11762.9";"14362.5";"2599.59";"PHOTOVOLTAIC+GRID";"ON";"ON"
"run_20260926_174636";"2026-09-26";"17:46:36";"2026-09-26 17:46:36";"269";"hpc_extreme";"HPC - Extremo";"6";"60";"5";"1";"manual";"5000";"1800";"600";"30";"1";"origin";"main";"git@github.com:CAGDOJ/PhotovoltaicFirst.git";"Belem";"-1.4537";"-48.5078";"monocrystalline";"bifacial";"30000";"0.24";"1";"0.24";"1.2";"1.2";"16";"0";"28.8";"13.1";"61.9646";"54.5288";"0.286042";"467.926";"100";"1024";"1.25";"150";"75";"102.4";"12.5";"114.9";"28.725";"143.625";"1e+15";"200";"360000";"0.1";"1.8";"143.625";"25.9959";"117.629";"11762.9";"14362.5";"2599.59";"PHOTOVOLTAIC+GRID";"ON";"ON"
"run_20260926_174700";"2026-09-26";"17:47:00";"2026-09-26 17:47:00";"269";"hpc_extreme";"HPC - Extremo";"6";"60";"5";"1";"manual";"5000";"1800";"600";"30";"1";"origin";"main";"git@github.com:CAGDOJ/PhotovoltaicFirst.git";"Belem";"-1.4537";"-48.5078";"monocrystalline";"bifacial";"30000";"0.24";"1";"0.24";"1.2";"1.2";"16";"0";"28.8";"13.1";"57.6135";"50.6998";"0.286042";"435.068";"100";"1024";"1.25";"150";"75";"102.4";"12.5";"114.9";"28.725";"143.625";"1e+15";"200";"360000";"0.1";"1.8";"143.625";"24.1705";"119.455";"11945.5";"14362.5";"2417.05";"PHOTOVOLTAIC+GRID";"ON";"ON"
"run_20260926_174724";"2026-09-26";"17:47:24";"2026-09-26 17:47:24";"269";"hpc_extreme";"HPC - Extremo";"6";"60";"5";"1";"manual";"5000";"1800";"600";"30";"1";"origin";"main";"git@github.com:CAGDOJ/PhotovoltaicFirst.git";"Belem";"-1.4537";"-48.5078";"monocrystalline";"bifacial";"30000";"0.24";"1";"0.24";"1.2";"1.2";"16";"0";"28.8";"13.1";"57.6135";"50.6998";"0.286042";"435.068";"100";"1024";"1.25";"150";"75";"102.4";"12.5";"114.9";"28.725";"143.625";"1e+15";"200";"360000";"0.1";"1.8";"143.625";"24.1705";"119.455";"11945.5";"14362.5";"2417.05";"PHOTOVOLTAIC+GRID";"ON";"ON"
"run_20260926_174755";"2026-09-26";"17:47:55";"2026-09-26 17:47:55";"269";"hpc_extreme";"HPC - Extremo";"6";"60";"5";"1";"manual";"5000";"1800";"600";"30";"1";"origin";"main";"git@github.com:CAGDOJ/PhotovoltaicFirst.git";"Belem";"-1.4537";"-48.5078";"monocrystalline";"bifacial";"30000";"0.24";"1";"0.24";"1.2";"1.2";"16";"0";"28.8";"13.1";"57.6135";"50.6998";"0.286042";"435.068";"100";"1024";"1.25";"150";"75";"102.4";"12.5";"114.9";"28.725";"143.625";"1e+15";"200";"360000";"0.1";"1.8";"143.625";"24.1705";"119.455";"11945.5";"14362.5";"2417.05";"PHOTOVOLTAIC+GRID";"ON";"ON"
"run_20260926_174820";"2026-09-26";"17:48:20";"2026-09-26 17:48:20";"269";"hpc_extreme";"HPC - Extremo";"6";"60";"5";"1";"manual";"5000";"1800";"600";"30";"1";"origin";"main";"git@github.com:CAGDOJ/PhotovoltaicFirst.git";"Belem";"-1.4537";"-48.5078";"monocrystalline";"bifacial";"30000";"0.24";"1";"0.24";"1.2";"1.2";"16";"0";"28.8";"13.1";"53.2613";"46.8699";"0.286042";"402.203";"100";"1024";"1.25";"150";"75";"102.4";"12.5";"114.9";"28.725";"143.625";"1e+15";"200";"360000";"0.1";"1.8";"143.625";"22.3446";"121.28";"12128";"14362.5";"2234.46";"PHOTOVOLTAIC+GRID";"ON";"ON"
"run_20260926_174844";"2026-09-26";"17:48:44";"2026-09-26 17:48:44";"269";"hpc_extreme";"HPC - Extremo";"6";"60";"5";"1";"manual";"5000";"1800";"600";"30";"1";"origin";"main";"git@github.com:CAGDOJ/PhotovoltaicFirst.git";"Belem";"-1.4537";"-48.5078";"monocrystalline";"bifacial";"30000";"0.24";"1";"0.24";"1.2";"1.2";"16";"0";"28.8";"13.1";"53.2613";"46.8699";"0.286042";"402.203";"100";"1024";"1.25";"150";"75";"102.4";"12.5";"114.9";"28.725";"143.625";"1e+15";"200";"360000";"0.1";"1.8";"143.625";"22.3446";"121.28";"12128";"14362.5";"2234.46";"PHOTOVOLTAIC+GRID";"ON";"ON"
"run_20260926_174916";"2026-09-26";"17:49:16";"2026-09-26 17:49:16";"269";"hpc_extreme";"HPC - Extremo";"6";"60";"5";"1";"manual";"5000";"1800";"600";"30";"1";"origin";"main";"git@github.com:CAGDOJ/PhotovoltaicFirst.git";"Belem";"-1.4537";"-48.5078";"monocrystalline";"bifacial";"30000";"0.24";"1";"0.24";"1.2";"1.2";"16";"0";"28.8";"13.1";"48.9081";"43.0392";"0.286042";"369.33";"100";"1024";"1.25";"150";"75";"102.4";"12.5";"114.9";"28.725";"143.625";"1e+15";"200";"360000";"0.1";"1.8";"143.625";"20.5183";"123.107";"12310.7";"14362.5";"2051.83";"PHOTOVOLTAIC+GRID";"ON";"ON"
"run_20260926_174940";"2026-09-26";"17:49:40";"2026-09-26 17:49:40";"269";"hpc_extreme";"HPC - Extremo";"6";"60";"5";"1";"manual";"5000";"1800";"600";"30";"1";"origin";"main";"git@github.com:CAGDOJ/PhotovoltaicFirst.git";"Belem";"-1.4537";"-48.5078";"monocrystalline";"bifacial";"30000";"0.24";"1";"0.24";"1.2";"1.2";"16";"0";"28.8";"13.1";"48.9081";"43.0392";"0.286042";"369.33";"100";"1024";"1.25";"150";"75";"102.4";"12.5";"114.9";"28.725";"143.625";"1e+15";"200";"360000";"0.1";"1.8";"143.625";"20.5183";"123.107";"12310.7";"14362.5";"2051.83";"PHOTOVOLTAIC+GRID";"ON";"ON"
"run_20260926_175003";"2026-09-26";"17:50:03";"2026-09-26 17:50:03";"269";"hpc_extreme";"HPC - Extremo";"6";"60";"5";"1";"manual";"5000";"1800";"600";"30";"1";"origin";"main";"git@github.com:CAGDOJ/PhotovoltaicFirst.git";"Belem";"-1.4537";"-48.5078";"monocrystalline";"bifacial";"30000";"0.24";"1";"0.24";"1.2";"1.2";"16";"0";"28.8";"13.1";"44.554";"39.2076";"0.286042";"336.45";"100";"1024";"1.25";"150";"75";"102.4";"12.5";"114.9";"28.725";"143.625";"1e+15";"200";"360000";"0.1";"1.8";"143.625";"18.6917";"124.933";"12493.3";"14362.5";"1869.17";"PHOTOVOLTAIC+GRID";"ON";"ON"
"run_20260926_175034";"2026-09-26";"17:50:34";"2026-09-26 17:50:34";"269";"hpc_extreme";"HPC - Extremo";"6";"60";"5";"1";"manual";"5000";"1800";"600";"30";"1";"origin";"main";"git@github.com:CAGDOJ/PhotovoltaicFirst.git";"Belem";"-1.4537";"-48.5078";"monocrystalline";"bifacial";"30000";"0.24";"1";"0.24";"1.2";"1.2";"16";"0";"28.8";"13.1";"44.554";"39.2076";"0.286042";"336.45";"100";"1024";"1.25";"150";"75";"102.4";"12.5";"114.9";"28.725";"143.625";"1e+15";"200";"360000";"0.1";"1.8";"143.625";"18.6917";"124.933";"12493.3";"14362.5";"1869.17";"PHOTOVOLTAIC+GRID";"ON";"ON"
"run_20260926_175059";"2026-09-26";"17:50:59";"2026-09-26 17:50:59";"269";"hpc_extreme";"HPC - Extremo";"6";"60";"5";"1";"manual";"5000";"1800";"600";"30";"1";"origin";"main";"git@github.com:CAGDOJ/PhotovoltaicFirst.git";"Belem";"-1.4537";"-48.5078";"monocrystalline";"bifacial";"30000";"0.24";"1";"0.24";"1.2";"1.2";"16";"0";"28.8";"13.1";"44.554";"39.2076";"0.286042";"336.45";"100";"1024";"1.25";"150";"75";"102.4";"12.5";"114.9";"28.725";"143.625";"1e+15";"200";"360000";"0.1";"1.8";"143.625";"18.6917";"124.933";"12493.3";"14362.5";"1869.17";"PHOTOVOLTAIC+GRID";"ON";"ON"
"run_20260926_175121";"2026-09-26";"17:51:21";"2026-09-26 17:51:21";"269";"hpc_extreme";"HPC - Extremo";"6";"60";"5";"1";"manual";"5000";"1800";"600";"30";"1";"origin";"main";"git@github.com:CAGDOJ/PhotovoltaicFirst.git";"Belem";"-1.4537";"-48.5078";"monocrystalline";"bifacial";"30000";"0.24";"1";"0.24";"1.2";"1.2";"16";"0";"28.8";"13.1";"40.1991";"35.3752";"0.286042";"303.564";"100";"1024";"1.25";"150";"75";"102.4";"12.5";"114.9";"28.725";"143.625";"1e+15";"200";"360000";"0.1";"1.8";"143.625";"16.8647";"126.76";"12676";"14362.5";"1686.47";"PHOTOVOLTAIC+GRID";"ON";"ON"
"run_20260926_175152";"2026-09-26";"17:51:52";"2026-09-26 17:51:52";"269";"hpc_extreme";"HPC - Extremo";"6";"60";"5";"1";"manual";"5000";"1800";"600";"30";"1";"origin";"main";"git@github.com:CAGDOJ/PhotovoltaicFirst.git";"Belem";"-1.4537";"-48.5078";"monocrystalline";"bifacial";"30000";"0.24";"1";"0.24";"1.2";"1.2";"16";"0";"28.8";"13.1";"40.1991";"35.3752";"0.286042";"303.564";"100";"1024";"1.25";"150";"75";"102.4";"12.5";"114.9";"28.725";"143.625";"1e+15";"200";"360000";"0.1";"1.8";"143.625";"16.8647";"126.76";"12676";"14362.5";"1686.47";"PHOTOVOLTAIC+GRID";"ON";"ON"
"run_20260926_175220";"2026-09-26";"17:52:20";"2026-09-26 17:52:20";"269";"hpc_extreme";"HPC - Extremo";"6";"60";"5";"1";"manual";"5000";"1800";"600";"30";"1";"origin";"main";"git@github.com:CAGDOJ/PhotovoltaicFirst.git";"Belem";"-1.4537";"-48.5078";"monocrystalline";"bifacial";"30000";"0.24";"1";"0.24";"1.2";"1.2";"16";"0";"28.8";"13.1";"35.8435";"31.5423";"0.286042";"270.672";"100";"1024";"1.25";"150";"75";"102.4";"12.5";"114.9";"28.725";"143.625";"1e+15";"200";"360000";"0.1";"1.8";"143.625";"15.0373";"128.588";"12858.8";"14362.5";"1503.73";"PHOTOVOLTAIC+GRID";"ON";"ON"
"run_20260926_175243";"2026-09-26";"17:52:43";"2026-09-26 17:52:43";"269";"hpc_extreme";"HPC - Extremo";"6";"60";"5";"1";"manual";"5000";"1800";"600";"30";"1";"origin";"main";"git@github.com:CAGDOJ/PhotovoltaicFirst.git";"Belem";"-1.4537";"-48.5078";"monocrystalline";"bifacial";"30000";"0.24";"1";"0.24";"1.2";"1.2";"16";"0";"28.8";"13.1";"35.8435";"31.5423";"0.286042";"270.672";"100";"1024";"1.25";"150";"75";"102.4";"12.5";"114.9";"28.725";"143.625";"1e+15";"200";"360000";"0.1";"1.8";"143.625";"15.0373";"128.588";"12858.8";"14362.5";"1503.73";"PHOTOVOLTAIC+GRID";"ON";"ON"
"run_20260926_175313";"2026-09-26";"17:53:13";"2026-09-26 17:53:13";"269";"hpc_extreme";"HPC - Extremo";"6";"60";"5";"1";"manual";"5000";"1800";"600";"30";"1";"origin";"main";"git@github.com:CAGDOJ/PhotovoltaicFirst.git";"Belem";"-1.4537";"-48.5078";"monocrystalline";"bifacial";"30000";"0.24";"1";"0.24";"1.2";"1.2";"16";"0";"28.8";"13.1";"31.4872";"27.7087";"0.286042";"237.776";"100";"1024";"1.25";"150";"75";"102.4";"12.5";"114.9";"28.725";"143.625";"1e+15";"200";"360000";"0.1";"1.8";"143.625";"13.2098";"130.415";"13041.5";"14362.5";"1320.98";"PHOTOVOLTAIC+GRID";"ON";"ON"
"run_20260926_175338";"2026-09-26";"17:53:38";"2026-09-26 17:53:38";"269";"hpc_extreme";"HPC - Extremo";"6";"60";"5";"1";"manual";"5000";"1800";"600";"30";"1";"origin";"main";"git@github.com:CAGDOJ/PhotovoltaicFirst.git";"Belem";"-1.4537";"-48.5078";"monocrystalline";"bifacial";"30000";"0.24";"1";"0.24";"1.2";"1.2";"16";"0";"28.8";"13.1";"31.4872";"27.7087";"0.286042";"237.776";"100";"1024";"1.25";"150";"75";"102.4";"12.5";"114.9";"28.725";"143.625";"1e+15";"200";"360000";"0.1";"1.8";"143.625";"13.2098";"130.415";"13041.5";"14362.5";"1320.98";"PHOTOVOLTAIC+GRID";"ON";"ON"
"run_20260926_175402";"2026-09-26";"17:54:02";"2026-09-26 17:54:02";"269";"hpc_extreme";"HPC - Extremo";"6";"60";"5";"1";"manual";"5000";"1800";"600";"30";"1";"origin";"main";"git@github.com:CAGDOJ/PhotovoltaicFirst.git";"Belem";"-1.4537";"-48.5078";"monocrystalline";"bifacial";"30000";"0.24";"1";"0.24";"1.2";"1.2";"16";"0";"28.8";"13.1";"27.1303";"23.8746";"0.286042";"204.874";"100";"1024";"1.25";"150";"75";"102.4";"12.5";"114.9";"28.725";"143.625";"1e+15";"200";"360000";"0.1";"1.8";"143.625";"11.3819";"132.243";"13224.3";"14362.5";"1138.19";"PHOTOVOLTAIC+GRID";"ON";"ON"
"run_20260926_175432";"2026-09-26";"17:54:32";"2026-09-26 17:54:32";"269";"hpc_extreme";"HPC - Extremo";"6";"60";"5";"1";"manual";"5000";"1800";"600";"30";"1";"origin";"main";"git@github.com:CAGDOJ/PhotovoltaicFirst.git";"Belem";"-1.4537";"-48.5078";"monocrystalline";"bifacial";"30000";"0.24";"1";"0.24";"1.2";"1.2";"16";"0";"28.8";"13.1";"27.1303";"23.8746";"0.286042";"204.874";"100";"1024";"1.25";"150";"75";"102.4";"12.5";"114.9";"28.725";"143.625";"1e+15";"200";"360000";"0.1";"1.8";"143.625";"11.3819";"132.243";"13224.3";"14362.5";"1138.19";"PHOTOVOLTAIC+GRID";"ON";"ON"
"run_20260926_175456";"2026-09-26";"17:54:56";"2026-09-26 17:54:56";"269";"hpc_extreme";"HPC - Extremo";"6";"60";"5";"1";"manual";"5000";"1800";"600";"30";"1";"origin";"main";"git@github.com:CAGDOJ/PhotovoltaicFirst.git";"Belem";"-1.4537";"-48.5078";"monocrystalline";"bifacial";"30000";"0.24";"1";"0.24";"1.2";"1.2";"16";"0";"28.8";"13.1";"27.1303";"23.8746";"0.286042";"204.874";"100";"1024";"1.25";"150";"75";"102.4";"12.5";"114.9";"28.725";"143.625";"1e+15";"200";"360000";"0.1";"1.8";"143.625";"11.3819";"132.243";"13224.3";"14362.5";"1138.19";"PHOTOVOLTAIC+GRID";"ON";"ON"
"run_20260926_175523";"2026-09-26";"17:55:23";"2026-09-26 17:55:23";"269";"hpc_extreme";"HPC - Extremo";"6";"60";"5";"1";"manual";"5000";"1800";"600";"30";"1";"origin";"main";"git@github.com:CAGDOJ/PhotovoltaicFirst.git";"Belem";"-1.4537";"-48.5078";"monocrystalline";"bifacial";"30000";"0.24";"1";"0.24";"1.2";"1.2";"16";"0";"28.8";"13.1";"22.7729";"20.0401";"0.286042";"171.969";"100";"1024";"1.25";"150";"75";"102.4";"12.5";"114.9";"28.725";"143.625";"1e+15";"200";"360000";"0.1";"1.8";"143.625";"9.55386";"134.071";"13407.1";"14362.5";"955.386";"PHOTOVOLTAIC+GRID";"ON";"ON"
"run_20260926_175553";"2026-09-26";"17:55:53";"2026-09-26 17:55:53";"269";"hpc_extreme";"HPC - Extremo";"6";"60";"5";"1";"manual";"5000";"1800";"600";"30";"1";"origin";"main";"git@github.com:CAGDOJ/PhotovoltaicFirst.git";"Belem";"-1.4537";"-48.5078";"monocrystalline";"bifacial";"30000";"0.24";"1";"0.24";"1.2";"1.2";"16";"0";"28.8";"13.1";"22.7729";"20.0401";"0.286042";"171.969";"100";"1024";"1.25";"150";"75";"102.4";"12.5";"114.9";"28.725";"143.625";"1e+15";"200";"360000";"0.1";"1.8";"143.625";"9.55386";"134.071";"13407.1";"14362.5";"955.386";"PHOTOVOLTAIC+GRID";"ON";"ON"
"run_20260926_175617";"2026-09-26";"17:56:17";"2026-09-26 17:56:17";"269";"hpc_extreme";"HPC - Extremo";"6";"60";"5";"1";"manual";"5000";"1800";"600";"30";"1";"origin";"main";"git@github.com:CAGDOJ/PhotovoltaicFirst.git";"Belem";"-1.4537";"-48.5078";"monocrystalline";"bifacial";"30000";"0.24";"1";"0.24";"1.2";"1.2";"16";"0";"28.8";"13.1";"18.4151";"16.2053";"0.286042";"139.061";"100";"1024";"1.25";"150";"75";"102.4";"12.5";"114.9";"28.725";"143.625";"1e+15";"200";"360000";"0.1";"1.8";"143.625";"7.72564";"135.899";"13589.9";"14362.5";"772.564";"PHOTOVOLTAIC+GRID";"ON";"ON"
"run_20260926_175640";"2026-09-26";"17:56:40";"2026-09-26 17:56:40";"269";"hpc_extreme";"HPC - Extremo";"6";"60";"5";"1";"manual";"5000";"1800";"600";"30";"1";"origin";"main";"git@github.com:CAGDOJ/PhotovoltaicFirst.git";"Belem";"-1.4537";"-48.5078";"monocrystalline";"bifacial";"30000";"0.24";"1";"0.24";"1.2";"1.2";"16";"0";"28.8";"13.1";"18.4151";"16.2053";"0.286042";"139.061";"100";"1024";"1.25";"150";"75";"102.4";"12.5";"114.9";"28.725";"143.625";"1e+15";"200";"360000";"0.1";"1.8";"143.625";"7.72564";"135.899";"13589.9";"14362.5";"772.564";"PHOTOVOLTAIC+GRID";"ON";"ON"
"run_20260926_175711";"2026-09-26";"17:57:11";"2026-09-26 17:57:11";"269";"hpc_extreme";"HPC - Extremo";"6";"60";"5";"1";"manual";"5000";"1800";"600";"30";"1";"origin";"main";"git@github.com:CAGDOJ/PhotovoltaicFirst.git";"Belem";"-1.4537";"-48.5078";"monocrystalline";"bifacial";"30000";"0.24";"1";"0.24";"1.2";"1.2";"16";"0";"28.8";"13.1";"14.0569";"12.3701";"0.286042";"106.151";"100";"1024";"1.25";"150";"75";"102.4";"12.5";"114.9";"28.725";"143.625";"1e+15";"200";"360000";"0.1";"1.8";"143.625";"5.89727";"137.728";"13772.8";"14362.5";"589.727";"PHOTOVOLTAIC+GRID";"ON";"ON"
"run_20260926_175736";"2026-09-26";"17:57:36";"2026-09-26 17:57:36";"269";"hpc_extreme";"HPC - Extremo";"6";"60";"5";"1";"manual";"5000";"1800";"600";"30";"1";"origin";"main";"git@github.com:CAGDOJ/PhotovoltaicFirst.git";"Belem";"-1.4537";"-48.5078";"monocrystalline";"bifacial";"30000";"0.24";"1";"0.24";"1.2";"1.2";"16";"0";"28.8";"13.1";"14.0569";"12.3701";"0.286042";"106.151";"100";"1024";"1.25";"150";"75";"102.4";"12.5";"114.9";"28.725";"143.625";"1e+15";"200";"360000";"0.1";"1.8";"143.625";"5.89727";"137.728";"13772.8";"14362.5";"589.727";"PHOTOVOLTAIC+GRID";"ON";"ON"
"run_20260926_175757";"2026-09-26";"17:57:57";"2026-09-26 17:57:57";"269";"hpc_extreme";"HPC - Extremo";"6";"60";"5";"1";"manual";"5000";"1800";"600";"30";"1";"origin";"main";"git@github.com:CAGDOJ/PhotovoltaicFirst.git";"Belem";"-1.4537";"-48.5078";"monocrystalline";"bifacial";"30000";"0.24";"1";"0.24";"1.2";"1.2";"16";"0";"28.8";"13.1";"14.0569";"12.3701";"0.286042";"106.151";"100";"1024";"1.25";"150";"75";"102.4";"12.5";"114.9";"28.725";"143.625";"1e+15";"200";"360000";"0.1";"1.8";"143.625";"5.89727";"137.728";"13772.8";"14362.5";"589.727";"PHOTOVOLTAIC+GRID";"ON";"ON"
"run_20260926_175829";"2026-09-26";"17:58:29";"2026-09-26 17:58:29";"269";"hpc_extreme";"HPC - Extremo";"6";"60";"5";"1";"manual";"5000";"1800";"600";"30";"1";"origin";"main";"git@github.com:CAGDOJ/PhotovoltaicFirst.git";"Belem";"-1.4537";"-48.5078";"monocrystalline";"bifacial";"30000";"0.24";"1";"0.24";"1.2";"1.2";"16";"0";"28.8";"13.1";"9.69853";"8.53471";"0.286042";"73.2385";"100";"1024";"1.25";"150";"75";"102.4";"12.5";"114.9";"28.725";"143.625";"1e+15";"200";"360000";"0.1";"1.8";"143.625";"4.06881";"139.556";"13955.6";"14362.5";"406.881";"PHOTOVOLTAIC+GRID";"ON";"ON"
"run_20260926_175856";"2026-09-26";"17:58:56";"2026-09-26 17:58:56";"269";"hpc_extreme";"HPC - Extremo";"6";"60";"5";"1";"manual";"5000";"1800";"600";"30";"1";"origin";"main";"git@github.com:CAGDOJ/PhotovoltaicFirst.git";"Belem";"-1.4537";"-48.5078";"monocrystalline";"bifacial";"30000";"0.24";"1";"0.24";"1.2";"1.2";"16";"0";"28.8";"13.1";"9.69853";"8.53471";"0.286042";"73.2385";"100";"1024";"1.25";"150";"75";"102.4";"12.5";"114.9";"28.725";"143.625";"1e+15";"200";"360000";"0.1";"1.8";"143.625";"4.06881";"139.556";"13955.6";"14362.5";"406.881";"PHOTOVOLTAIC+GRID";"ON";"ON"
"run_20260926_175918";"2026-09-26";"17:59:18";"2026-09-26 17:59:18";"269";"hpc_extreme";"HPC - Extremo";"6";"60";"5";"1";"manual";"5000";"1800";"600";"30";"1";"origin";"main";"git@github.com:CAGDOJ/PhotovoltaicFirst.git";"Belem";"-1.4537";"-48.5078";"monocrystalline";"bifacial";"30000";"0.24";"1";"0.24";"1.2";"1.2";"16";"0";"28.8";"13.1";"5.33998";"4.69918";"0.286042";"40.3249";"100";"1024";"1.25";"150";"75";"102.4";"12.5";"114.9";"28.725";"143.625";"1e+15";"200";"360000";"0.1";"1.8";"143.625";"2.24027";"141.385";"14138.5";"14362.5";"224.027";"PHOTOVOLTAIC+GRID";"ON";"ON"
"run_20260926_175949";"2026-09-26";"17:59:49";"2026-09-26 17:59:49";"269";"hpc_extreme";"HPC - Extremo";"6";"60";"5";"1";"manual";"5000";"1800";"600";"30";"1";"origin";"main";"git@github.com:CAGDOJ/PhotovoltaicFirst.git";"Belem";"-1.4537";"-48.5078";"monocrystalline";"bifacial";"30000";"0.24";"1";"0.24";"1.2";"1.2";"16";"0";"28.8";"13.1";"5.33998";"4.69918";"0.286042";"40.3249";"100";"1024";"1.25";"150";"75";"102.4";"12.5";"114.9";"28.725";"143.625";"1e+15";"200";"360000";"0.1";"1.8";"143.625";"2.24027";"141.385";"14138.5";"14362.5";"224.027";"PHOTOVOLTAIC+GRID";"ON";"ON"
"run_20260926_180013";"2026-09-26";"18:00:13";"2026-09-26 18:00:13";"269";"hpc_extreme";"HPC - Extremo";"6";"60";"5";"1";"manual";"5000";"1800";"600";"30";"1";"origin";"main";"git@github.com:CAGDOJ/PhotovoltaicFirst.git";"Belem";"-1.4537";"-48.5078";"monocrystalline";"bifacial";"30000";"0.24";"1";"0.24";"1.2";"1.2";"17";"0";"28.5";"13.4";"0.981337";"0.856216";"0.286503";"0";"100";"1024";"1.25";"150";"75";"102.4";"12.5";"114.9";"28.725";"143.625";"1e+15";"200";"360000";"0.1";"1.8";"143.625";"0";"143.625";"14362.5";"14362.5";"0";"GRID";"OFF";"ON"
"run_20260926_180036";"2026-09-26";"18:00:36";"2026-09-26 18:00:36";"269";"hpc_extreme";"HPC - Extremo";"6";"60";"5";"1";"manual";"5000";"1800";"600";"30";"1";"origin";"main";"git@github.com:CAGDOJ/PhotovoltaicFirst.git";"Belem";"-1.4537";"-48.5078";"monocrystalline";"bifacial";"30000";"0.24";"1";"0.24";"1.2";"1.2";"17";"0";"28.5";"13.4";"0.981337";"0.856216";"0.286503";"0";"100";"1024";"1.25";"150";"75";"102.4";"12.5";"114.9";"28.725";"143.625";"1e+15";"200";"360000";"0.1";"1.8";"143.625";"0";"143.625";"14362.5";"14362.5";"0";"GRID";"OFF";"ON"
"run_20260926_180107";"2026-09-26";"18:01:07";"2026-09-26 18:01:07";"269";"hpc_extreme";"HPC - Extremo";"6";"60";"5";"1";"manual";"5000";"1800";"600";"30";"1";"origin";"main";"git@github.com:CAGDOJ/PhotovoltaicFirst.git";"Belem";"-1.4537";"-48.5078";"monocrystalline";"bifacial";"30000";"0.24";"1";"0.24";"1.2";"1.2";"17";"0";"28.5";"13.4";"0";"0";"0.286503";"0";"100";"1024";"1.25";"150";"75";"102.4";"12.5";"114.9";"28.725";"143.625";"1e+15";"200";"360000";"0.1";"1.8";"143.625";"0";"143.625";"14362.5";"14362.5";"0";"GRID";"OFF";"ON"
"run_20260926_180132";"2026-09-26";"18:01:32";"2026-09-26 18:01:32";"269";"hpc_extreme";"HPC - Extremo";"6";"60";"5";"1";"manual";"5000";"1800";"600";"30";"1";"origin";"main";"git@github.com:CAGDOJ/PhotovoltaicFirst.git";"Belem";"-1.4537";"-48.5078";"monocrystalline";"bifacial";"30000";"0.24";"1";"0.24";"1.2";"1.2";"17";"0";"28.5";"13.4";"0";"0";"0.286503";"0";"100";"1024";"1.25";"150";"75";"102.4";"12.5";"114.9";"28.725";"143.625";"1e+15";"200";"360000";"0.1";"1.8";"143.625";"0";"143.625";"14362.5";"14362.5";"0";"GRID";"OFF";"ON"
"run_20260926_180157";"2026-09-26";"18:01:57";"2026-09-26 18:01:57";"269";"hpc_extreme";"HPC - Extremo";"6";"60";"5";"1";"manual";"5000";"1800";"600";"30";"1";"origin";"main";"git@github.com:CAGDOJ/PhotovoltaicFirst.git";"Belem";"-1.4537";"-48.5078";"monocrystalline";"bifacial";"30000";"0.24";"1";"0.24";"1.2";"1.2";"17";"0";"28.5";"13.4";"0";"0";"0.286503";"0";"100";"1024";"1.25";"150";"75";"102.4";"12.5";"114.9";"28.725";"143.625";"1e+15";"200";"360000";"0.1";"1.8";"143.625";"0";"143.625";"14362.5";"14362.5";"0";"GRID";"OFF";"ON"
"run_20260926_180226";"2026-09-26";"18:02:26";"2026-09-26 18:02:26";"269";"hpc_extreme";"HPC - Extremo";"6";"60";"5";"1";"manual";"5000";"1800";"600";"30";"1";"origin";"main";"git@github.com:CAGDOJ/PhotovoltaicFirst.git";"Belem";"-1.4537";"-48.5078";"monocrystalline";"bifacial";"30000";"0.24";"1";"0.24";"1.2";"1.2";"17";"0";"28.5";"13.4";"0";"0";"0.286503";"0";"100";"1024";"1.25";"150";"75";"102.4";"12.5";"114.9";"28.725";"143.625";"1e+15";"200";"360000";"0.1";"1.8";"143.625";"0";"143.625";"14362.5";"14362.5";"0";"GRID";"OFF";"ON"
"run_20260926_180252";"2026-09-26";"18:02:52";"2026-09-26 18:02:52";"269";"hpc_extreme";"HPC - Extremo";"6";"60";"5";"1";"manual";"5000";"1800";"600";"30";"1";"origin";"main";"git@github.com:CAGDOJ/PhotovoltaicFirst.git";"Belem";"-1.4537";"-48.5078";"monocrystalline";"bifacial";"30000";"0.24";"1";"0.24";"1.2";"1.2";"17";"0";"28.5";"13.4";"0";"0";"0.286503";"0";"100";"1024";"1.25";"150";"75";"102.4";"12.5";"114.9";"28.725";"143.625";"1e+15";"200";"360000";"0.1";"1.8";"143.625";"0";"143.625";"14362.5";"14362.5";"0";"GRID";"OFF";"ON"
"run_20260926_180317";"2026-09-26";"18:03:17";"2026-09-26 18:03:17";"269";"hpc_extreme";"HPC - Extremo";"6";"60";"5";"1";"manual";"5000";"1800";"600";"30";"1";"origin";"main";"git@github.com:CAGDOJ/PhotovoltaicFirst.git";"Belem";"-1.4537";"-48.5078";"monocrystalline";"bifacial";"30000";"0.24";"1";"0.24";"1.2";"1.2";"17";"0";"28.5";"13.4";"0";"0";"0.286503";"0";"100";"1024";"1.25";"150";"75";"102.4";"12.5";"114.9";"28.725";"143.625";"1e+15";"200";"360000";"0.1";"1.8";"143.625";"0";"143.625";"14362.5";"14362.5";"0";"GRID";"OFF";"ON"
"run_20260926_180347";"2026-09-26";"18:03:47";"2026-09-26 18:03:47";"269";"hpc_extreme";"HPC - Extremo";"6";"60";"5";"1";"manual";"5000";"1800";"600";"30";"1";"origin";"main";"git@github.com:CAGDOJ/PhotovoltaicFirst.git";"Belem";"-1.4537";"-48.5078";"monocrystalline";"bifacial";"30000";"0.24";"1";"0.24";"1.2";"1.2";"17";"0";"28.5";"13.4";"0";"0";"0.286503";"0";"100";"1024";"1.25";"150";"75";"102.4";"12.5";"114.9";"28.725";"143.625";"1e+15";"200";"360000";"0.1";"1.8";"143.625";"0";"143.625";"14362.5";"14362.5";"0";"GRID";"OFF";"ON"
"run_20260926_180412";"2026-09-26";"18:04:12";"2026-09-26 18:04:12";"269";"hpc_extreme";"HPC - Extremo";"6";"60";"5";"1";"manual";"5000";"1800";"600";"30";"1";"origin";"main";"git@github.com:CAGDOJ/PhotovoltaicFirst.git";"Belem";"-1.4537";"-48.5078";"monocrystalline";"bifacial";"30000";"0.24";"1";"0.24";"1.2";"1.2";"17";"0";"28.5";"13.4";"0";"0";"0.286503";"0";"100";"1024";"1.25";"150";"75";"102.4";"12.5";"114.9";"28.725";"143.625";"1e+15";"200";"360000";"0.1";"1.8";"143.625";"0";"143.625";"14362.5";"14362.5";"0";"GRID";"OFF";"ON"
"run_20260926_180438";"2026-09-26";"18:04:38";"2026-09-26 18:04:38";"269";"hpc_extreme";"HPC - Extremo";"6";"60";"5";"1";"manual";"5000";"1800";"600";"30";"1";"origin";"main";"git@github.com:CAGDOJ/PhotovoltaicFirst.git";"Belem";"-1.4537";"-48.5078";"monocrystalline";"bifacial";"30000";"0.24";"1";"0.24";"1.2";"1.2";"17";"0";"28.5";"13.4";"0";"0";"0.286503";"0";"100";"1024";"1.25";"150";"75";"102.4";"12.5";"114.9";"28.725";"143.625";"1e+15";"200";"360000";"0.1";"1.8";"143.625";"0";"143.625";"14362.5";"14362.5";"0";"GRID";"OFF";"ON"
"run_20260926_180509";"2026-09-26";"18:05:09";"2026-09-26 18:05:09";"269";"hpc_extreme";"HPC - Extremo";"6";"60";"5";"1";"manual";"5000";"1800";"600";"30";"1";"origin";"main";"git@github.com:CAGDOJ/PhotovoltaicFirst.git";"Belem";"-1.4537";"-48.5078";"monocrystalline";"bifacial";"30000";"0.24";"1";"0.24";"1.2";"1.2";"17";"0";"28.5";"13.4";"0";"0";"0.286503";"0";"100";"1024";"1.25";"150";"75";"102.4";"12.5";"114.9";"28.725";"143.625";"1e+15";"200";"360000";"0.1";"1.8";"143.625";"0";"143.625";"14362.5";"14362.5";"0";"GRID";"OFF";"ON"
"run_20260926_180533";"2026-09-26";"18:05:33";"2026-09-26 18:05:33";"269";"hpc_extreme";"HPC - Extremo";"6";"60";"5";"1";"manual";"5000";"1800";"600";"30";"1";"origin";"main";"git@github.com:CAGDOJ/PhotovoltaicFirst.git";"Belem";"-1.4537";"-48.5078";"monocrystalline";"bifacial";"30000";"0.24";"1";"0.24";"1.2";"1.2";"17";"0";"28.5";"13.4";"0";"0";"0.286503";"0";"100";"1024";"1.25";"150";"75";"102.4";"12.5";"114.9";"28.725";"143.625";"1e+15";"200";"360000";"0.1";"1.8";"143.625";"0";"143.625";"14362.5";"14362.5";"0";"GRID";"OFF";"ON"
"run_20260926_180558";"2026-09-26";"18:05:58";"2026-09-26 18:05:58";"269";"hpc_extreme";"HPC - Extremo";"6";"60";"5";"1";"manual";"5000";"1800";"600";"30";"1";"origin";"main";"git@github.com:CAGDOJ/PhotovoltaicFirst.git";"Belem";"-1.4537";"-48.5078";"monocrystalline";"bifacial";"30000";"0.24";"1";"0.24";"1.2";"1.2";"17";"0";"28.5";"13.4";"0";"0";"0.286503";"0";"100";"1024";"1.25";"150";"75";"102.4";"12.5";"114.9";"28.725";"143.625";"1e+15";"200";"360000";"0.1";"1.8";"143.625";"0";"143.625";"14362.5";"14362.5";"0";"GRID";"OFF";"ON"
"run_20260926_180630";"2026-09-26";"18:06:30";"2026-09-26 18:06:30";"269";"hpc_extreme";"HPC - Extremo";"6";"60";"5";"1";"manual";"5000";"1800";"600";"30";"1";"origin";"main";"git@github.com:CAGDOJ/PhotovoltaicFirst.git";"Belem";"-1.4537";"-48.5078";"monocrystalline";"bifacial";"30000";"0.24";"1";"0.24";"1.2";"1.2";"17";"0";"28.5";"13.4";"0";"0";"0.286503";"0";"100";"1024";"1.25";"150";"75";"102.4";"12.5";"114.9";"28.725";"143.625";"1e+15";"200";"360000";"0.1";"1.8";"143.625";"0";"143.625";"14362.5";"14362.5";"0";"GRID";"OFF";"ON"
"run_20260926_180652";"2026-09-26";"18:06:52";"2026-09-26 18:06:52";"269";"hpc_extreme";"HPC - Extremo";"6";"60";"5";"1";"manual";"5000";"1800";"600";"30";"1";"origin";"main";"git@github.com:CAGDOJ/PhotovoltaicFirst.git";"Belem";"-1.4537";"-48.5078";"monocrystalline";"bifacial";"30000";"0.24";"1";"0.24";"1.2";"1.2";"17";"0";"28.5";"13.4";"0";"0";"0.286503";"0";"100";"1024";"1.25";"150";"75";"102.4";"12.5";"114.9";"28.725";"143.625";"1e+15";"200";"360000";"0.1";"1.8";"143.625";"0";"143.625";"14362.5";"14362.5";"0";"GRID";"OFF";"ON"
"run_20260926_180716";"2026-09-26";"18:07:16";"2026-09-26 18:07:16";"269";"hpc_extreme";"HPC - Extremo";"6";"60";"5";"1";"manual";"5000";"1800";"600";"30";"1";"origin";"main";"git@github.com:CAGDOJ/PhotovoltaicFirst.git";"Belem";"-1.4537";"-48.5078";"monocrystalline";"bifacial";"30000";"0.24";"1";"0.24";"1.2";"1.2";"17";"0";"28.5";"13.4";"0";"0";"0.286503";"0";"100";"1024";"1.25";"150";"75";"102.4";"12.5";"114.9";"28.725";"143.625";"1e+15";"200";"360000";"0.1";"1.8";"143.625";"0";"143.625";"14362.5";"14362.5";"0";"GRID";"OFF";"ON"
"run_20260926_180748";"2026-09-26";"18:07:48";"2026-09-26 18:07:48";"269";"hpc_extreme";"HPC - Extremo";"6";"60";"5";"1";"manual";"5000";"1800";"600";"30";"1";"origin";"main";"git@github.com:CAGDOJ/PhotovoltaicFirst.git";"Belem";"-1.4537";"-48.5078";"monocrystalline";"bifacial";"30000";"0.24";"1";"0.24";"1.2";"1.2";"17";"0";"28.5";"13.4";"0";"0";"0.286503";"0";"100";"1024";"1.25";"150";"75";"102.4";"12.5";"114.9";"28.725";"143.625";"1e+15";"200";"360000";"0.1";"1.8";"143.625";"0";"143.625";"14362.5";"14362.5";"0";"GRID";"OFF";"ON"
"run_20260926_180811";"2026-09-26";"18:08:11";"2026-09-26 18:08:11";"269";"hpc_extreme";"HPC - Extremo";"6";"60";"5";"1";"manual";"5000";"1800";"600";"30";"1";"origin";"main";"git@github.com:CAGDOJ/PhotovoltaicFirst.git";"Belem";"-1.4537";"-48.5078";"monocrystalline";"bifacial";"30000";"0.24";"1";"0.24";"1.2";"1.2";"17";"0";"28.5";"13.4";"0";"0";"0.286503";"0";"100";"1024";"1.25";"150";"75";"102.4";"12.5";"114.9";"28.725";"143.625";"1e+15";"200";"360000";"0.1";"1.8";"143.625";"0";"143.625";"14362.5";"14362.5";"0";"GRID";"OFF";"ON"
"run_20260926_180837";"2026-09-26";"18:08:37";"2026-09-26 18:08:37";"269";"hpc_extreme";"HPC - Extremo";"6";"60";"5";"1";"manual";"5000";"1800";"600";"30";"1";"origin";"main";"git@github.com:CAGDOJ/PhotovoltaicFirst.git";"Belem";"-1.4537";"-48.5078";"monocrystalline";"bifacial";"30000";"0.24";"1";"0.24";"1.2";"1.2";"17";"0";"28.5";"13.4";"0";"0";"0.286503";"0";"100";"1024";"1.25";"150";"75";"102.4";"12.5";"114.9";"28.725";"143.625";"1e+15";"200";"360000";"0.1";"1.8";"143.625";"0";"143.625";"14362.5";"14362.5";"0";"GRID";"OFF";"ON"
"run_20260926_180907";"2026-09-26";"18:09:07";"2026-09-26 18:09:07";"269";"hpc_extreme";"HPC - Extremo";"6";"60";"5";"1";"manual";"5000";"1800";"600";"30";"1";"origin";"main";"git@github.com:CAGDOJ/PhotovoltaicFirst.git";"Belem";"-1.4537";"-48.5078";"monocrystalline";"bifacial";"30000";"0.24";"1";"0.24";"1.2";"1.2";"17";"0";"28.5";"13.4";"0";"0";"0.286503";"0";"100";"1024";"1.25";"150";"75";"102.4";"12.5";"114.9";"28.725";"143.625";"1e+15";"200";"360000";"0.1";"1.8";"143.625";"0";"143.625";"14362.5";"14362.5";"0";"GRID";"OFF";"ON"
"run_20260926_180931";"2026-09-26";"18:09:31";"2026-09-26 18:09:31";"269";"hpc_extreme";"HPC - Extremo";"6";"60";"5";"1";"manual";"5000";"1800";"600";"30";"1";"origin";"main";"git@github.com:CAGDOJ/PhotovoltaicFirst.git";"Belem";"-1.4537";"-48.5078";"monocrystalline";"bifacial";"30000";"0.24";"1";"0.24";"1.2";"1.2";"17";"0";"28.5";"13.4";"0";"0";"0.286503";"0";"100";"1024";"1.25";"150";"75";"102.4";"12.5";"114.9";"28.725";"143.625";"1e+15";"200";"360000";"0.1";"1.8";"143.625";"0";"143.625";"14362.5";"14362.5";"0";"GRID";"OFF";"ON"
"run_20260926_180957";"2026-09-26";"18:09:57";"2026-09-26 18:09:57";"269";"hpc_extreme";"HPC - Extremo";"6";"60";"5";"1";"manual";"5000";"1800";"600";"30";"1";"origin";"main";"git@github.com:CAGDOJ/PhotovoltaicFirst.git";"Belem";"-1.4537";"-48.5078";"monocrystalline";"bifacial";"30000";"0.24";"1";"0.24";"1.2";"1.2";"17";"0";"28.5";"13.4";"0";"0";"0.286503";"0";"100";"1024";"1.25";"150";"75";"102.4";"12.5";"114.9";"28.725";"143.625";"1e+15";"200";"360000";"0.1";"1.8";"143.625";"0";"143.625";"14362.5";"14362.5";"0";"GRID";"OFF";"ON"
"run_20260926_181026";"2026-09-26";"18:10:26";"2026-09-26 18:10:26";"269";"hpc_extreme";"HPC - Extremo";"6";"60";"5";"1";"manual";"5000";"1800";"600";"30";"1";"origin";"main";"git@github.com:CAGDOJ/PhotovoltaicFirst.git";"Belem";"-1.4537";"-48.5078";"monocrystalline";"bifacial";"30000";"0.24";"1";"0.24";"1.2";"1.2";"17";"0";"28.5";"13.4";"0";"0";"0.286503";"0";"100";"1024";"1.25";"150";"75";"102.4";"12.5";"114.9";"28.725";"143.625";"1e+15";"200";"360000";"0.1";"1.8";"143.625";"0";"143.625";"14362.5";"14362.5";"0";"GRID";"OFF";"ON"
"run_20260926_181049";"2026-09-26";"18:10:49";"2026-09-26 18:10:49";"269";"hpc_extreme";"HPC - Extremo";"6";"60";"5";"1";"manual";"5000";"1800";"600";"30";"1";"origin";"main";"git@github.com:CAGDOJ/PhotovoltaicFirst.git";"Belem";"-1.4537";"-48.5078";"monocrystalline";"bifacial";"30000";"0.24";"1";"0.24";"1.2";"1.2";"17";"0";"28.5";"13.4";"0";"0";"0.286503";"0";"100";"1024";"1.25";"150";"75";"102.4";"12.5";"114.9";"28.725";"143.625";"1e+15";"200";"360000";"0.1";"1.8";"143.625";"0";"143.625";"14362.5";"14362.5";"0";"GRID";"OFF";"ON"
"run_20260926_181116";"2026-09-26";"18:11:16";"2026-09-26 18:11:16";"269";"hpc_extreme";"HPC - Extremo";"6";"60";"5";"1";"manual";"5000";"1800";"600";"30";"1";"origin";"main";"git@github.com:CAGDOJ/PhotovoltaicFirst.git";"Belem";"-1.4537";"-48.5078";"monocrystalline";"bifacial";"30000";"0.24";"1";"0.24";"1.2";"1.2";"17";"0";"28.5";"13.4";"0";"0";"0.286503";"0";"100";"1024";"1.25";"150";"75";"102.4";"12.5";"114.9";"28.725";"143.625";"1e+15";"200";"360000";"0.1";"1.8";"143.625";"0";"143.625";"14362.5";"14362.5";"0";"GRID";"OFF";"ON"
"run_20260926_181144";"2026-09-26";"18:11:44";"2026-09-26 18:11:44";"269";"hpc_extreme";"HPC - Extremo";"6";"60";"5";"1";"manual";"5000";"1800";"600";"30";"1";"origin";"main";"git@github.com:CAGDOJ/PhotovoltaicFirst.git";"Belem";"-1.4537";"-48.5078";"monocrystalline";"bifacial";"30000";"0.24";"1";"0.24";"1.2";"1.2";"17";"0";"28.5";"13.4";"0";"0";"0.286503";"0";"100";"1024";"1.25";"150";"75";"102.4";"12.5";"114.9";"28.725";"143.625";"1e+15";"200";"360000";"0.1";"1.8";"143.625";"0";"143.625";"14362.5";"14362.5";"0";"GRID";"OFF";"ON"
"run_20260926_181210";"2026-09-26";"18:12:10";"2026-09-26 18:12:10";"269";"hpc_extreme";"HPC - Extremo";"6";"60";"5";"1";"manual";"5000";"1800";"600";"30";"1";"origin";"main";"git@github.com:CAGDOJ/PhotovoltaicFirst.git";"Belem";"-1.4537";"-48.5078";"monocrystalline";"bifacial";"30000";"0.24";"1";"0.24";"1.2";"1.2";"17";"0";"28.5";"13.4";"0";"0";"0.286503";"0";"100";"1024";"1.25";"150";"75";"102.4";"12.5";"114.9";"28.725";"143.625";"1e+15";"200";"360000";"0.1";"1.8";"143.625";"0";"143.625";"14362.5";"14362.5";"0";"GRID";"OFF";"ON"
"run_20260926_181236";"2026-09-26";"18:12:36";"2026-09-26 18:12:36";"269";"hpc_extreme";"HPC - Extremo";"6";"60";"5";"1";"manual";"5000";"1800";"600";"30";"1";"origin";"main";"git@github.com:CAGDOJ/PhotovoltaicFirst.git";"Belem";"-1.4537";"-48.5078";"monocrystalline";"bifacial";"30000";"0.24";"1";"0.24";"1.2";"1.2";"17";"0";"28.5";"13.4";"0";"0";"0.286503";"0";"100";"1024";"1.25";"150";"75";"102.4";"12.5";"114.9";"28.725";"143.625";"1e+15";"200";"360000";"0.1";"1.8";"143.625";"0";"143.625";"14362.5";"14362.5";"0";"GRID";"OFF";"ON"
"run_20260926_181305";"2026-09-26";"18:13:05";"2026-09-26 18:13:05";"269";"hpc_extreme";"HPC - Extremo";"6";"60";"5";"1";"manual";"5000";"1800";"600";"30";"1";"origin";"main";"git@github.com:CAGDOJ/PhotovoltaicFirst.git";"Belem";"-1.4537";"-48.5078";"monocrystalline";"bifacial";"30000";"0.24";"1";"0.24";"1.2";"1.2";"17";"0";"28.5";"13.4";"0";"0";"0.286503";"0";"100";"1024";"1.25";"150";"75";"102.4";"12.5";"114.9";"28.725";"143.625";"1e+15";"200";"360000";"0.1";"1.8";"143.625";"0";"143.625";"14362.5";"14362.5";"0";"GRID";"OFF";"ON"
"run_20260926_181328";"2026-09-26";"18:13:28";"2026-09-26 18:13:28";"269";"hpc_extreme";"HPC - Extremo";"6";"60";"5";"1";"manual";"5000";"1800";"600";"30";"1";"origin";"main";"git@github.com:CAGDOJ/PhotovoltaicFirst.git";"Belem";"-1.4537";"-48.5078";"monocrystalline";"bifacial";"30000";"0.24";"1";"0.24";"1.2";"1.2";"17";"0";"28.5";"13.4";"0";"0";"0.286503";"0";"100";"1024";"1.25";"150";"75";"102.4";"12.5";"114.9";"28.725";"143.625";"1e+15";"200";"360000";"0.1";"1.8";"143.625";"0";"143.625";"14362.5";"14362.5";"0";"GRID";"OFF";"ON"
"run_20260926_181354";"2026-09-26";"18:13:54";"2026-09-26 18:13:54";"269";"hpc_extreme";"HPC - Extremo";"6";"60";"5";"1";"manual";"5000";"1800";"600";"30";"1";"origin";"main";"git@github.com:CAGDOJ/PhotovoltaicFirst.git";"Belem";"-1.4537";"-48.5078";"monocrystalline";"bifacial";"30000";"0.24";"1";"0.24";"1.2";"1.2";"17";"0";"28.5";"13.4";"0";"0";"0.286503";"0";"100";"1024";"1.25";"150";"75";"102.4";"12.5";"114.9";"28.725";"143.625";"1e+15";"200";"360000";"0.1";"1.8";"143.625";"0";"143.625";"14362.5";"14362.5";"0";"GRID";"OFF";"ON"
"run_20260926_181423";"2026-09-26";"18:14:23";"2026-09-26 18:14:23";"269";"hpc_extreme";"HPC - Extremo";"6";"60";"5";"1";"manual";"5000";"1800";"600";"30";"1";"origin";"main";"git@github.com:CAGDOJ/PhotovoltaicFirst.git";"Belem";"-1.4537";"-48.5078";"monocrystalline";"bifacial";"30000";"0.24";"1";"0.24";"1.2";"1.2";"17";"0";"28.5";"13.4";"0";"0";"0.286503";"0";"100";"1024";"1.25";"150";"75";"102.4";"12.5";"114.9";"28.725";"143.625";"1e+15";"200";"360000";"0.1";"1.8";"143.625";"0";"143.625";"14362.5";"14362.5";"0";"GRID";"OFF";"ON"
"run_20260926_181448";"2026-09-26";"18:14:48";"2026-09-26 18:14:48";"269";"hpc_extreme";"HPC - Extremo";"6";"60";"5";"1";"manual";"5000";"1800";"600";"30";"1";"origin";"main";"git@github.com:CAGDOJ/PhotovoltaicFirst.git";"Belem";"-1.4537";"-48.5078";"monocrystalline";"bifacial";"30000";"0.24";"1";"0.24";"1.2";"1.2";"17";"0";"28.5";"13.4";"0";"0";"0.286503";"0";"100";"1024";"1.25";"150";"75";"102.4";"12.5";"114.9";"28.725";"143.625";"1e+15";"200";"360000";"0.1";"1.8";"143.625";"0";"143.625";"14362.5";"14362.5";"0";"GRID";"OFF";"ON"
"run_20260926_181513";"2026-09-26";"18:15:13";"2026-09-26 18:15:13";"269";"hpc_extreme";"HPC - Extremo";"6";"60";"5";"1";"manual";"5000";"1800";"600";"30";"1";"origin";"main";"git@github.com:CAGDOJ/PhotovoltaicFirst.git";"Belem";"-1.4537";"-48.5078";"monocrystalline";"bifacial";"30000";"0.24";"1";"0.24";"1.2";"1.2";"19";"0";"28.3";"13.1";"0";"0";"0.286697";"0";"100";"1024";"1.25";"150";"75";"102.4";"12.5";"114.9";"28.725";"143.625";"1e+15";"200";"360000";"0.1";"1.8";"143.625";"0";"143.625";"14362.5";"14362.5";"0";"GRID";"OFF";"ON"
"run_20260926_181544";"2026-09-26";"18:15:44";"2026-09-26 18:15:44";"269";"hpc_extreme";"HPC - Extremo";"6";"60";"5";"1";"manual";"5000";"1800";"600";"30";"1";"origin";"main";"git@github.com:CAGDOJ/PhotovoltaicFirst.git";"Belem";"-1.4537";"-48.5078";"monocrystalline";"bifacial";"30000";"0.24";"1";"0.24";"1.2";"1.2";"19";"0";"28.3";"13.1";"0";"0";"0.286697";"0";"100";"1024";"1.25";"150";"75";"102.4";"12.5";"114.9";"28.725";"143.625";"1e+15";"200";"360000";"0.1";"1.8";"143.625";"0";"143.625";"14362.5";"14362.5";"0";"GRID";"OFF";"ON"
"run_20260926_181609";"2026-09-26";"18:16:09";"2026-09-26 18:16:09";"269";"hpc_extreme";"HPC - Extremo";"6";"60";"5";"1";"manual";"5000";"1800";"600";"30";"1";"origin";"main";"git@github.com:CAGDOJ/PhotovoltaicFirst.git";"Belem";"-1.4537";"-48.5078";"monocrystalline";"bifacial";"30000";"0.24";"1";"0.24";"1.2";"1.2";"19";"0";"28.3";"13.1";"0";"0";"0.286697";"0";"100";"1024";"1.25";"150";"75";"102.4";"12.5";"114.9";"28.725";"143.625";"1e+15";"200";"360000";"0.1";"1.8";"143.625";"0";"143.625";"14362.5";"14362.5";"0";"GRID";"OFF";"ON"
"run_20260926_181633";"2026-09-26";"18:16:33";"2026-09-26 18:16:33";"269";"hpc_extreme";"HPC - Extremo";"6";"60";"5";"1";"manual";"5000";"1800";"600";"30";"1";"origin";"main";"git@github.com:CAGDOJ/PhotovoltaicFirst.git";"Belem";"-1.4537";"-48.5078";"monocrystalline";"bifacial";"30000";"0.24";"1";"0.24";"1.2";"1.2";"19";"0";"28.3";"13.1";"0";"0";"0.286697";"0";"100";"1024";"1.25";"150";"75";"102.4";"12.5";"114.9";"28.725";"143.625";"1e+15";"200";"360000";"0.1";"1.8";"143.625";"0";"143.625";"14362.5";"14362.5";"0";"GRID";"OFF";"ON"
"run_20260926_181704";"2026-09-26";"18:17:04";"2026-09-26 18:17:04";"269";"hpc_extreme";"HPC - Extremo";"6";"60";"5";"1";"manual";"5000";"1800";"600";"30";"1";"origin";"main";"git@github.com:CAGDOJ/PhotovoltaicFirst.git";"Belem";"-1.4537";"-48.5078";"monocrystalline";"bifacial";"30000";"0.24";"1";"0.24";"1.2";"1.2";"19";"0";"28.3";"13.1";"0";"0";"0.286697";"0";"100";"1024";"1.25";"150";"75";"102.4";"12.5";"114.9";"28.725";"143.625";"1e+15";"200";"360000";"0.1";"1.8";"143.625";"0";"143.625";"14362.5";"14362.5";"0";"GRID";"OFF";"ON"
"run_20260926_181729";"2026-09-26";"18:17:29";"2026-09-26 18:17:29";"269";"hpc_extreme";"HPC - Extremo";"6";"60";"5";"1";"manual";"5000";"1800";"600";"30";"1";"origin";"main";"git@github.com:CAGDOJ/PhotovoltaicFirst.git";"Belem";"-1.4537";"-48.5078";"monocrystalline";"bifacial";"30000";"0.24";"1";"0.24";"1.2";"1.2";"19";"0";"28.3";"13.1";"0";"0";"0.286697";"0";"100";"1024";"1.25";"150";"75";"102.4";"12.5";"114.9";"28.725";"143.625";"1e+15";"200";"360000";"0.1";"1.8";"143.625";"0";"143.625";"14362.5";"14362.5";"0";"GRID";"OFF";"ON"
"run_20260926_181752";"2026-09-26";"18:17:52";"2026-09-26 18:17:52";"269";"hpc_extreme";"HPC - Extremo";"6";"60";"5";"1";"manual";"5000";"1800";"600";"30";"1";"origin";"main";"git@github.com:CAGDOJ/PhotovoltaicFirst.git";"Belem";"-1.4537";"-48.5078";"monocrystalline";"bifacial";"30000";"0.24";"1";"0.24";"1.2";"1.2";"19";"0";"28.3";"13.1";"0";"0";"0.286697";"0";"100";"1024";"1.25";"150";"75";"102.4";"12.5";"114.9";"28.725";"143.625";"1e+15";"200";"360000";"0.1";"1.8";"143.625";"0";"143.625";"14362.5";"14362.5";"0";"GRID";"OFF";"ON"
"run_20260926_181824";"2026-09-26";"18:18:24";"2026-09-26 18:18:24";"269";"hpc_extreme";"HPC - Extremo";"6";"60";"5";"1";"manual";"5000";"1800";"600";"30";"1";"origin";"main";"git@github.com:CAGDOJ/PhotovoltaicFirst.git";"Belem";"-1.4537";"-48.5078";"monocrystalline";"bifacial";"30000";"0.24";"1";"0.24";"1.2";"1.2";"19";"0";"28.3";"13.1";"0";"0";"0.286697";"0";"100";"1024";"1.25";"150";"75";"102.4";"12.5";"114.9";"28.725";"143.625";"1e+15";"200";"360000";"0.1";"1.8";"143.625";"0";"143.625";"14362.5";"14362.5";"0";"GRID";"OFF";"ON"
"run_20260926_181850";"2026-09-26";"18:18:50";"2026-09-26 18:18:50";"269";"hpc_extreme";"HPC - Extremo";"6";"60";"5";"1";"manual";"5000";"1800";"600";"30";"1";"origin";"main";"git@github.com:CAGDOJ/PhotovoltaicFirst.git";"Belem";"-1.4537";"-48.5078";"monocrystalline";"bifacial";"30000";"0.24";"1";"0.24";"1.2";"1.2";"19";"0";"28.3";"13.1";"0";"0";"0.286697";"0";"100";"1024";"1.25";"150";"75";"102.4";"12.5";"114.9";"28.725";"143.625";"1e+15";"200";"360000";"0.1";"1.8";"143.625";"0";"143.625";"14362.5";"14362.5";"0";"GRID";"OFF";"ON"
"run_20260926_181913";"2026-09-26";"18:19:13";"2026-09-26 18:19:13";"269";"hpc_extreme";"HPC - Extremo";"6";"60";"5";"1";"manual";"5000";"1800";"600";"30";"1";"origin";"main";"git@github.com:CAGDOJ/PhotovoltaicFirst.git";"Belem";"-1.4537";"-48.5078";"monocrystalline";"bifacial";"30000";"0.24";"1";"0.24";"1.2";"1.2";"19";"0";"28.3";"13.1";"0";"0";"0.286697";"0";"100";"1024";"1.25";"150";"75";"102.4";"12.5";"114.9";"28.725";"143.625";"1e+15";"200";"360000";"0.1";"1.8";"143.625";"0";"143.625";"14362.5";"14362.5";"0";"GRID";"OFF";"ON"
"run_20260926_181944";"2026-09-26";"18:19:44";"2026-09-26 18:19:44";"269";"hpc_extreme";"HPC - Extremo";"6";"60";"5";"1";"manual";"5000";"1800";"600";"30";"1";"origin";"main";"git@github.com:CAGDOJ/PhotovoltaicFirst.git";"Belem";"-1.4537";"-48.5078";"monocrystalline";"bifacial";"30000";"0.24";"1";"0.24";"1.2";"1.2";"19";"0";"28.3";"13.1";"0";"0";"0.286697";"0";"100";"1024";"1.25";"150";"75";"102.4";"12.5";"114.9";"28.725";"143.625";"1e+15";"200";"360000";"0.1";"1.8";"143.625";"0";"143.625";"14362.5";"14362.5";"0";"GRID";"OFF";"ON"
"run_20260926_182012";"2026-09-26";"18:20:12";"2026-09-26 18:20:12";"269";"hpc_extreme";"HPC - Extremo";"6";"60";"5";"1";"manual";"5000";"1800";"600";"30";"1";"origin";"main";"git@github.com:CAGDOJ/PhotovoltaicFirst.git";"Belem";"-1.4537";"-48.5078";"monocrystalline";"bifacial";"30000";"0.24";"1";"0.24";"1.2";"1.2";"19";"0";"28.3";"13.1";"0";"0";"0.286697";"0";"100";"1024";"1.25";"150";"75";"102.4";"12.5";"114.9";"28.725";"143.625";"1e+15";"200";"360000";"0.1";"1.8";"143.625";"0";"143.625";"14362.5";"14362.5";"0";"GRID";"OFF";"ON"
"run_20260926_182034";"2026-09-26";"18:20:34";"2026-09-26 18:20:34";"269";"hpc_extreme";"HPC - Extremo";"6";"60";"5";"1";"manual";"5000";"1800";"600";"30";"1";"origin";"main";"git@github.com:CAGDOJ/PhotovoltaicFirst.git";"Belem";"-1.4537";"-48.5078";"monocrystalline";"bifacial";"30000";"0.24";"1";"0.24";"1.2";"1.2";"19";"0";"28.3";"13.1";"0";"0";"0.286697";"0";"100";"1024";"1.25";"150";"75";"102.4";"12.5";"114.9";"28.725";"143.625";"1e+15";"200";"360000";"0.1";"1.8";"143.625";"0";"143.625";"14362.5";"14362.5";"0";"GRID";"OFF";"ON"
"run_20260926_182102";"2026-09-26";"18:21:02";"2026-09-26 18:21:02";"269";"hpc_extreme";"HPC - Extremo";"6";"60";"5";"1";"manual";"5000";"1800";"600";"30";"1";"origin";"main";"git@github.com:CAGDOJ/PhotovoltaicFirst.git";"Belem";"-1.4537";"-48.5078";"monocrystalline";"bifacial";"30000";"0.24";"1";"0.24";"1.2";"1.2";"19";"0";"28.3";"13.1";"0";"0";"0.286697";"0";"100";"1024";"1.25";"150";"75";"102.4";"12.5";"114.9";"28.725";"143.625";"1e+15";"200";"360000";"0.1";"1.8";"143.625";"0";"143.625";"14362.5";"14362.5";"0";"GRID";"OFF";"ON"
"run_20260926_182130";"2026-09-26";"18:21:30";"2026-09-26 18:21:30";"269";"hpc_extreme";"HPC - Extremo";"6";"60";"5";"1";"manual";"5000";"1800";"600";"30";"1";"origin";"main";"git@github.com:CAGDOJ/PhotovoltaicFirst.git";"Belem";"-1.4537";"-48.5078";"monocrystalline";"bifacial";"30000";"0.24";"1";"0.24";"1.2";"1.2";"19";"0";"28.3";"13.1";"0";"0";"0.286697";"0";"100";"1024";"1.25";"150";"75";"102.4";"12.5";"114.9";"28.725";"143.625";"1e+15";"200";"360000";"0.1";"1.8";"143.625";"0";"143.625";"14362.5";"14362.5";"0";"GRID";"OFF";"ON"
"run_20260926_182153";"2026-09-26";"18:21:53";"2026-09-26 18:21:53";"269";"hpc_extreme";"HPC - Extremo";"6";"60";"5";"1";"manual";"5000";"1800";"600";"30";"1";"origin";"main";"git@github.com:CAGDOJ/PhotovoltaicFirst.git";"Belem";"-1.4537";"-48.5078";"monocrystalline";"bifacial";"30000";"0.24";"1";"0.24";"1.2";"1.2";"19";"0";"28.3";"13.1";"0";"0";"0.286697";"0";"100";"1024";"1.25";"150";"75";"102.4";"12.5";"114.9";"28.725";"143.625";"1e+15";"200";"360000";"0.1";"1.8";"143.625";"0";"143.625";"14362.5";"14362.5";"0";"GRID";"OFF";"ON"
"run_20260926_182220";"2026-09-26";"18:22:20";"2026-09-26 18:22:20";"269";"hpc_extreme";"HPC - Extremo";"6";"60";"5";"1";"manual";"5000";"1800";"600";"30";"1";"origin";"main";"git@github.com:CAGDOJ/PhotovoltaicFirst.git";"Belem";"-1.4537";"-48.5078";"monocrystalline";"bifacial";"30000";"0.24";"1";"0.24";"1.2";"1.2";"19";"0";"28.3";"13.1";"0";"0";"0.286697";"0";"100";"1024";"1.25";"150";"75";"102.4";"12.5";"114.9";"28.725";"143.625";"1e+15";"200";"360000";"0.1";"1.8";"143.625";"0";"143.625";"14362.5";"14362.5";"0";"GRID";"OFF";"ON"
"run_20260926_182250";"2026-09-26";"18:22:50";"2026-09-26 18:22:50";"269";"hpc_extreme";"HPC - Extremo";"6";"60";"5";"1";"manual";"5000";"1800";"600";"30";"1";"origin";"main";"git@github.com:CAGDOJ/PhotovoltaicFirst.git";"Belem";"-1.4537";"-48.5078";"monocrystalline";"bifacial";"30000";"0.24";"1";"0.24";"1.2";"1.2";"19";"0";"28.3";"13.1";"0";"0";"0.286697";"0";"100";"1024";"1.25";"150";"75";"102.4";"12.5";"114.9";"28.725";"143.625";"1e+15";"200";"360000";"0.1";"1.8";"143.625";"0";"143.625";"14362.5";"14362.5";"0";"GRID";"OFF";"ON"
"run_20260926_182313";"2026-09-26";"18:23:13";"2026-09-26 18:23:13";"269";"hpc_extreme";"HPC - Extremo";"6";"60";"5";"1";"manual";"5000";"1800";"600";"30";"1";"origin";"main";"git@github.com:CAGDOJ/PhotovoltaicFirst.git";"Belem";"-1.4537";"-48.5078";"monocrystalline";"bifacial";"30000";"0.24";"1";"0.24";"1.2";"1.2";"19";"0";"28.3";"13.1";"0";"0";"0.286697";"0";"100";"1024";"1.25";"150";"75";"102.4";"12.5";"114.9";"28.725";"143.625";"1e+15";"200";"360000";"0.1";"1.8";"143.625";"0";"143.625";"14362.5";"14362.5";"0";"GRID";"OFF";"ON"
"run_20260926_182341";"2026-09-26";"18:23:41";"2026-09-26 18:23:41";"269";"hpc_extreme";"HPC - Extremo";"6";"60";"5";"1";"manual";"5000";"1800";"600";"30";"1";"origin";"main";"git@github.com:CAGDOJ/PhotovoltaicFirst.git";"Belem";"-1.4537";"-48.5078";"monocrystalline";"bifacial";"30000";"0.24";"1";"0.24";"1.2";"1.2";"19";"0";"28.3";"13.1";"0";"0";"0.286697";"0";"100";"1024";"1.25";"150";"75";"102.4";"12.5";"114.9";"28.725";"143.625";"1e+15";"200";"360000";"0.1";"1.8";"143.625";"0";"143.625";"14362.5";"14362.5";"0";"GRID";"OFF";"ON"
"run_20260926_182410";"2026-09-26";"18:24:10";"2026-09-26 18:24:10";"269";"hpc_extreme";"HPC - Extremo";"6";"60";"5";"1";"manual";"5000";"1800";"600";"30";"1";"origin";"main";"git@github.com:CAGDOJ/PhotovoltaicFirst.git";"Belem";"-1.4537";"-48.5078";"monocrystalline";"bifacial";"30000";"0.24";"1";"0.24";"1.2";"1.2";"19";"0";"28.3";"13.1";"0";"0";"0.286697";"0";"100";"1024";"1.25";"150";"75";"102.4";"12.5";"114.9";"28.725";"143.625";"1e+15";"200";"360000";"0.1";"1.8";"143.625";"0";"143.625";"14362.5";"14362.5";"0";"GRID";"OFF";"ON"
"run_20260926_182432";"2026-09-26";"18:24:32";"2026-09-26 18:24:32";"269";"hpc_extreme";"HPC - Extremo";"6";"60";"5";"1";"manual";"5000";"1800";"600";"30";"1";"origin";"main";"git@github.com:CAGDOJ/PhotovoltaicFirst.git";"Belem";"-1.4537";"-48.5078";"monocrystalline";"bifacial";"30000";"0.24";"1";"0.24";"1.2";"1.2";"19";"0";"28.3";"13.1";"0";"0";"0.286697";"0";"100";"1024";"1.25";"150";"75";"102.4";"12.5";"114.9";"28.725";"143.625";"1e+15";"200";"360000";"0.1";"1.8";"143.625";"0";"143.625";"14362.5";"14362.5";"0";"GRID";"OFF";"ON"
"run_20260926_182459";"2026-09-26";"18:24:59";"2026-09-26 18:24:59";"269";"hpc_extreme";"HPC - Extremo";"6";"60";"5";"1";"manual";"5000";"1800";"600";"30";"1";"origin";"main";"git@github.com:CAGDOJ/PhotovoltaicFirst.git";"Belem";"-1.4537";"-48.5078";"monocrystalline";"bifacial";"30000";"0.24";"1";"0.24";"1.2";"1.2";"19";"0";"28.3";"13.1";"0";"0";"0.286697";"0";"100";"1024";"1.25";"150";"75";"102.4";"12.5";"114.9";"28.725";"143.625";"1e+15";"200";"360000";"0.1";"1.8";"143.625";"0";"143.625";"14362.5";"14362.5";"0";"GRID";"OFF";"ON"
"run_20260926_182529";"2026-09-26";"18:25:29";"2026-09-26 18:25:29";"269";"hpc_extreme";"HPC - Extremo";"6";"60";"5";"1";"manual";"5000";"1800";"600";"30";"1";"origin";"main";"git@github.com:CAGDOJ/PhotovoltaicFirst.git";"Belem";"-1.4537";"-48.5078";"monocrystalline";"bifacial";"30000";"0.24";"1";"0.24";"1.2";"1.2";"19";"0";"28.3";"13.1";"0";"0";"0.286697";"0";"100";"1024";"1.25";"150";"75";"102.4";"12.5";"114.9";"28.725";"143.625";"1e+15";"200";"360000";"0.1";"1.8";"143.625";"0";"143.625";"14362.5";"14362.5";"0";"GRID";"OFF";"ON"
"run_20260926_182552";"2026-09-26";"18:25:52";"2026-09-26 18:25:52";"269";"hpc_extreme";"HPC - Extremo";"6";"60";"5";"1";"manual";"5000";"1800";"600";"30";"1";"origin";"main";"git@github.com:CAGDOJ/PhotovoltaicFirst.git";"Belem";"-1.4537";"-48.5078";"monocrystalline";"bifacial";"30000";"0.24";"1";"0.24";"1.2";"1.2";"19";"0";"28.3";"13.1";"0";"0";"0.286697";"0";"100";"1024";"1.25";"150";"75";"102.4";"12.5";"114.9";"28.725";"143.625";"1e+15";"200";"360000";"0.1";"1.8";"143.625";"0";"143.625";"14362.5";"14362.5";"0";"GRID";"OFF";"ON"
"run_20260926_182619";"2026-09-26";"18:26:19";"2026-09-26 18:26:19";"269";"hpc_extreme";"HPC - Extremo";"6";"60";"5";"1";"manual";"5000";"1800";"600";"30";"1";"origin";"main";"git@github.com:CAGDOJ/PhotovoltaicFirst.git";"Belem";"-1.4537";"-48.5078";"monocrystalline";"bifacial";"30000";"0.24";"1";"0.24";"1.2";"1.2";"19";"0";"28.3";"13.1";"0";"0";"0.286697";"0";"100";"1024";"1.25";"150";"75";"102.4";"12.5";"114.9";"28.725";"143.625";"1e+15";"200";"360000";"0.1";"1.8";"143.625";"0";"143.625";"14362.5";"14362.5";"0";"GRID";"OFF";"ON"
"run_20260926_182649";"2026-09-26";"18:26:49";"2026-09-26 18:26:49";"269";"hpc_extreme";"HPC - Extremo";"6";"60";"5";"1";"manual";"5000";"1800";"600";"30";"1";"origin";"main";"git@github.com:CAGDOJ/PhotovoltaicFirst.git";"Belem";"-1.4537";"-48.5078";"monocrystalline";"bifacial";"30000";"0.24";"1";"0.24";"1.2";"1.2";"19";"0";"28.3";"13.1";"0";"0";"0.286697";"0";"100";"1024";"1.25";"150";"75";"102.4";"12.5";"114.9";"28.725";"143.625";"1e+15";"200";"360000";"0.1";"1.8";"143.625";"0";"143.625";"14362.5";"14362.5";"0";"GRID";"OFF";"ON"
"run_20260926_182710";"2026-09-26";"18:27:10";"2026-09-26 18:27:10";"269";"hpc_extreme";"HPC - Extremo";"6";"60";"5";"1";"manual";"5000";"1800";"600";"30";"1";"origin";"main";"git@github.com:CAGDOJ/PhotovoltaicFirst.git";"Belem";"-1.4537";"-48.5078";"monocrystalline";"bifacial";"30000";"0.24";"1";"0.24";"1.2";"1.2";"19";"0";"28.3";"13.1";"0";"0";"0.286697";"0";"100";"1024";"1.25";"150";"75";"102.4";"12.5";"114.9";"28.725";"143.625";"1e+15";"200";"360000";"0.1";"1.8";"143.625";"0";"143.625";"14362.5";"14362.5";"0";"GRID";"OFF";"ON"
"run_20260926_182738";"2026-09-26";"18:27:38";"2026-09-26 18:27:38";"269";"hpc_extreme";"HPC - Extremo";"6";"60";"5";"1";"manual";"5000";"1800";"600";"30";"1";"origin";"main";"git@github.com:CAGDOJ/PhotovoltaicFirst.git";"Belem";"-1.4537";"-48.5078";"monocrystalline";"bifacial";"30000";"0.24";"1";"0.24";"1.2";"1.2";"19";"0";"28.3";"13.1";"0";"0";"0.286697";"0";"100";"1024";"1.25";"150";"75";"102.4";"12.5";"114.9";"28.725";"143.625";"1e+15";"200";"360000";"0.1";"1.8";"143.625";"0";"143.625";"14362.5";"14362.5";"0";"GRID";"OFF";"ON"
"run_20260926_182808";"2026-09-26";"18:28:08";"2026-09-26 18:28:08";"269";"hpc_extreme";"HPC - Extremo";"6";"60";"5";"1";"manual";"5000";"1800";"600";"30";"1";"origin";"main";"git@github.com:CAGDOJ/PhotovoltaicFirst.git";"Belem";"-1.4537";"-48.5078";"monocrystalline";"bifacial";"30000";"0.24";"1";"0.24";"1.2";"1.2";"19";"0";"28.3";"13.1";"0";"0";"0.286697";"0";"100";"1024";"1.25";"150";"75";"102.4";"12.5";"114.9";"28.725";"143.625";"1e+15";"200";"360000";"0.1";"1.8";"143.625";"0";"143.625";"14362.5";"14362.5";"0";"GRID";"OFF";"ON"
"run_20260926_182830";"2026-09-26";"18:28:30";"2026-09-26 18:28:30";"269";"hpc_extreme";"HPC - Extremo";"6";"60";"5";"1";"manual";"5000";"1800";"600";"30";"1";"origin";"main";"git@github.com:CAGDOJ/PhotovoltaicFirst.git";"Belem";"-1.4537";"-48.5078";"monocrystalline";"bifacial";"30000";"0.24";"1";"0.24";"1.2";"1.2";"19";"0";"28.3";"13.1";"0";"0";"0.286697";"0";"100";"1024";"1.25";"150";"75";"102.4";"12.5";"114.9";"28.725";"143.625";"1e+15";"200";"360000";"0.1";"1.8";"143.625";"0";"143.625";"14362.5";"14362.5";"0";"GRID";"OFF";"ON"
"run_20260926_182857";"2026-09-26";"18:28:57";"2026-09-26 18:28:57";"269";"hpc_extreme";"HPC - Extremo";"6";"60";"5";"1";"manual";"5000";"1800";"600";"30";"1";"origin";"main";"git@github.com:CAGDOJ/PhotovoltaicFirst.git";"Belem";"-1.4537";"-48.5078";"monocrystalline";"bifacial";"30000";"0.24";"1";"0.24";"1.2";"1.2";"19";"0";"28.3";"13.1";"0";"0";"0.286697";"0";"100";"1024";"1.25";"150";"75";"102.4";"12.5";"114.9";"28.725";"143.625";"1e+15";"200";"360000";"0.1";"1.8";"143.625";"0";"143.625";"14362.5";"14362.5";"0";"GRID";"OFF";"ON"
"run_20260926_182927";"2026-09-26";"18:29:27";"2026-09-26 18:29:27";"269";"hpc_extreme";"HPC - Extremo";"6";"60";"5";"1";"manual";"5000";"1800";"600";"30";"1";"origin";"main";"git@github.com:CAGDOJ/PhotovoltaicFirst.git";"Belem";"-1.4537";"-48.5078";"monocrystalline";"bifacial";"30000";"0.24";"1";"0.24";"1.2";"1.2";"19";"0";"28.3";"13.1";"0";"0";"0.286697";"0";"100";"1024";"1.25";"150";"75";"102.4";"12.5";"114.9";"28.725";"143.625";"1e+15";"200";"360000";"0.1";"1.8";"143.625";"0";"143.625";"14362.5";"14362.5";"0";"GRID";"OFF";"ON"
"run_20260926_182949";"2026-09-26";"18:29:49";"2026-09-26 18:29:49";"269";"hpc_extreme";"HPC - Extremo";"6";"60";"5";"1";"manual";"5000";"1800";"600";"30";"1";"origin";"main";"git@github.com:CAGDOJ/PhotovoltaicFirst.git";"Belem";"-1.4537";"-48.5078";"monocrystalline";"bifacial";"30000";"0.24";"1";"0.24";"1.2";"1.2";"19";"0";"28.3";"13.1";"0";"0";"0.286697";"0";"100";"1024";"1.25";"150";"75";"102.4";"12.5";"114.9";"28.725";"143.625";"1e+15";"200";"360000";"0.1";"1.8";"143.625";"0";"143.625";"14362.5";"14362.5";"0";"GRID";"OFF";"ON"
"run_20260926_183017";"2026-09-26";"18:30:17";"2026-09-26 18:30:17";"269";"hpc_extreme";"HPC - Extremo";"6";"60";"5";"1";"manual";"5000";"1800";"600";"30";"1";"origin";"main";"git@github.com:CAGDOJ/PhotovoltaicFirst.git";"Belem";"-1.4537";"-48.5078";"monocrystalline";"bifacial";"30000";"0.24";"1";"0.24";"1.2";"1.2";"21";"0";"28.1";"11.9";"0";"0";"0.286686";"0";"100";"1024";"1.25";"150";"75";"102.4";"12.5";"114.9";"28.725";"143.625";"1e+15";"200";"360000";"0.1";"1.8";"143.625";"0";"143.625";"14362.5";"14362.5";"0";"GRID";"OFF";"ON"
"run_20260926_183049";"2026-09-26";"18:30:49";"2026-09-26 18:30:49";"269";"hpc_extreme";"HPC - Extremo";"6";"60";"5";"1";"manual";"5000";"1800";"600";"30";"1";"origin";"main";"git@github.com:CAGDOJ/PhotovoltaicFirst.git";"Belem";"-1.4537";"-48.5078";"monocrystalline";"bifacial";"30000";"0.24";"1";"0.24";"1.2";"1.2";"21";"0";"28.1";"11.9";"0";"0";"0.286686";"0";"100";"1024";"1.25";"150";"75";"102.4";"12.5";"114.9";"28.725";"143.625";"1e+15";"200";"360000";"0.1";"1.8";"143.625";"0";"143.625";"14362.5";"14362.5";"0";"GRID";"OFF";"ON"
"run_20260926_183110";"2026-09-26";"18:31:10";"2026-09-26 18:31:10";"269";"hpc_extreme";"HPC - Extremo";"6";"60";"5";"1";"manual";"5000";"1800";"600";"30";"1";"origin";"main";"git@github.com:CAGDOJ/PhotovoltaicFirst.git";"Belem";"-1.4537";"-48.5078";"monocrystalline";"bifacial";"30000";"0.24";"1";"0.24";"1.2";"1.2";"21";"0";"28.1";"11.9";"0";"0";"0.286686";"0";"100";"1024";"1.25";"150";"75";"102.4";"12.5";"114.9";"28.725";"143.625";"1e+15";"200";"360000";"0.1";"1.8";"143.625";"0";"143.625";"14362.5";"14362.5";"0";"GRID";"OFF";"ON"
"run_20260926_183135";"2026-09-26";"18:31:35";"2026-09-26 18:31:35";"269";"hpc_extreme";"HPC - Extremo";"6";"60";"5";"1";"manual";"5000";"1800";"600";"30";"1";"origin";"main";"git@github.com:CAGDOJ/PhotovoltaicFirst.git";"Belem";"-1.4537";"-48.5078";"monocrystalline";"bifacial";"30000";"0.24";"1";"0.24";"1.2";"1.2";"21";"0";"28.1";"11.9";"0";"0";"0.286686";"0";"100";"1024";"1.25";"150";"75";"102.4";"12.5";"114.9";"28.725";"143.625";"1e+15";"200";"360000";"0.1";"1.8";"143.625";"0";"143.625";"14362.5";"14362.5";"0";"GRID";"OFF";"ON"
"run_20260926_183208";"2026-09-26";"18:32:08";"2026-09-26 18:32:08";"269";"hpc_extreme";"HPC - Extremo";"6";"60";"5";"1";"manual";"5000";"1800";"600";"30";"1";"origin";"main";"git@github.com:CAGDOJ/PhotovoltaicFirst.git";"Belem";"-1.4537";"-48.5078";"monocrystalline";"bifacial";"30000";"0.24";"1";"0.24";"1.2";"1.2";"21";"0";"28.1";"11.9";"0";"0";"0.286686";"0";"100";"1024";"1.25";"150";"75";"102.4";"12.5";"114.9";"28.725";"143.625";"1e+15";"200";"360000";"0.1";"1.8";"143.625";"0";"143.625";"14362.5";"14362.5";"0";"GRID";"OFF";"ON"
"run_20260926_183231";"2026-09-26";"18:32:31";"2026-09-26 18:32:31";"269";"hpc_extreme";"HPC - Extremo";"6";"60";"5";"1";"manual";"5000";"1800";"600";"30";"1";"origin";"main";"git@github.com:CAGDOJ/PhotovoltaicFirst.git";"Belem";"-1.4537";"-48.5078";"monocrystalline";"bifacial";"30000";"0.24";"1";"0.24";"1.2";"1.2";"21";"0";"28.1";"11.9";"0";"0";"0.286686";"0";"100";"1024";"1.25";"150";"75";"102.4";"12.5";"114.9";"28.725";"143.625";"1e+15";"200";"360000";"0.1";"1.8";"143.625";"0";"143.625";"14362.5";"14362.5";"0";"GRID";"OFF";"ON"
"run_20260926_183256";"2026-09-26";"18:32:56";"2026-09-26 18:32:56";"269";"hpc_extreme";"HPC - Extremo";"6";"60";"5";"1";"manual";"5000";"1800";"600";"30";"1";"origin";"main";"git@github.com:CAGDOJ/PhotovoltaicFirst.git";"Belem";"-1.4537";"-48.5078";"monocrystalline";"bifacial";"30000";"0.24";"1";"0.24";"1.2";"1.2";"21";"0";"28.1";"11.9";"0";"0";"0.286686";"0";"100";"1024";"1.25";"150";"75";"102.4";"12.5";"114.9";"28.725";"143.625";"1e+15";"200";"360000";"0.1";"1.8";"143.625";"0";"143.625";"14362.5";"14362.5";"0";"GRID";"OFF";"ON"
"run_20260926_183329";"2026-09-26";"18:33:29";"2026-09-26 18:33:29";"269";"hpc_extreme";"HPC - Extremo";"6";"60";"5";"1";"manual";"5000";"1800";"600";"30";"1";"origin";"main";"git@github.com:CAGDOJ/PhotovoltaicFirst.git";"Belem";"-1.4537";"-48.5078";"monocrystalline";"bifacial";"30000";"0.24";"1";"0.24";"1.2";"1.2";"21";"0";"28.1";"11.9";"0";"0";"0.286686";"0";"100";"1024";"1.25";"150";"75";"102.4";"12.5";"114.9";"28.725";"143.625";"1e+15";"200";"360000";"0.1";"1.8";"143.625";"0";"143.625";"14362.5";"14362.5";"0";"GRID";"OFF";"ON"
"run_20260926_183348";"2026-09-26";"18:33:48";"2026-09-26 18:33:48";"269";"hpc_extreme";"HPC - Extremo";"6";"60";"5";"1";"manual";"5000";"1800";"600";"30";"1";"origin";"main";"git@github.com:CAGDOJ/PhotovoltaicFirst.git";"Belem";"-1.4537";"-48.5078";"monocrystalline";"bifacial";"30000";"0.24";"1";"0.24";"1.2";"1.2";"21";"0";"28.1";"11.9";"0";"0";"0.286686";"0";"100";"1024";"1.25";"150";"75";"102.4";"12.5";"114.9";"28.725";"143.625";"1e+15";"200";"360000";"0.1";"1.8";"143.625";"0";"143.625";"14362.5";"14362.5";"0";"GRID";"OFF";"ON"
"run_20260926_183415";"2026-09-26";"18:34:15";"2026-09-26 18:34:15";"269";"hpc_extreme";"HPC - Extremo";"6";"60";"5";"1";"manual";"5000";"1800";"600";"30";"1";"origin";"main";"git@github.com:CAGDOJ/PhotovoltaicFirst.git";"Belem";"-1.4537";"-48.5078";"monocrystalline";"bifacial";"30000";"0.24";"1";"0.24";"1.2";"1.2";"21";"0";"28.1";"11.9";"0";"0";"0.286686";"0";"100";"1024";"1.25";"150";"75";"102.4";"12.5";"114.9";"28.725";"143.625";"1e+15";"200";"360000";"0.1";"1.8";"143.625";"0";"143.625";"14362.5";"14362.5";"0";"GRID";"OFF";"ON"
